youngs,friction,leg_ratio,capstan_friction,held
1000000,0.02,1.05,0.0155303916037,0
1000000,0.02,1.07407489343,0.0227463375139,0
1000000,0.02,1.09870178733,0.0299622834241,0
1000000,0.02,1.12389333822,0.0371782293343,0
1000000,0.02,1.14966249284,0.0443941752444,0
1000000,0.02,1.17602249474,0.0516101211546,0
1000000,0.02,1.20298689115,0.0588260670648,0
1000000,0.02,1.23056953991,0.066042012975,0
1000000,0.02,1.2587846166,0.0732579588852,0
1000000,0.02,1.28764662184,0.0804739047954,0
1000000,0.02,1.31717038869,0.0876898507056,0
1000000,0.02,1.34737109034,0.0949057966158,0
1000000,0.02,1.37826424788,0.102121742526,0
1000000,0.02,1.40986573824,0.109337688436,0
1000000,0.02,1.44219180243,0.116553634346,0
1000000,0.02,1.47525905381,0.123769580257,0
1000000,0.02,1.50908448667,0.130985526167,0
1000000,0.02,1.54368548495,0.138201472077,0
1000000,0.02,1.57907983117,0.145417417987,0
1000000,0.02,1.6152857156,0.152633363897,0
1000000,0.02,1.65232174556,0.159849309808,0
1000000,0.02,1.69020695503,0.167065255718,0
1000000,0.02,1.72896081437,0.174281201628,0
1000000,0.02,1.76860324042,0.181497147538,0
1000000,0.02,1.80915460664,0.188713093448,0
1000000,0.02,1.85063575364,0.195929039359,0
1000000,0.02,1.89306799988,0.203144985269,0
1000000,0.02,1.93647315259,0.210360931179,0
1000000,0.02,1.98087351905,0.217576877089,0
1000000,0.02,2.02629191797,0.224792822999,0
1000000,0.02,2.07275169128,0.23200876891,0
1000000,0.02,2.12027671611,0.23922471482,0
1000000,0.02,2.16889141705,0.24644066073,0
1000000,0.02,2.21862077869,0.25365660664,0
1000000,0.02,2.26949035851,0.26087255255,0
1000000,0.02,2.32152629995,0.268088498461,0
1000000,0.02,2.37475534592,0.275304444371,0
1000000,0.02,2.42920485246,0.282520390281,0
1000000,0.02,2.48490280288,0.289736336191,0
1000000,0.02,2.54187782209,0.296952282101,0
1000000,0.02,2.6001591913,0.304168228012,0
1000000,0.02,2.65977686314,0.311384173922,0
1000000,0.02,2.72076147697,0.318600119832,0
1000000,0.02,2.78314437469,0.325816065742,0
1000000,0.02,2.8469576168,0.333032011652,0
1000000,0.02,2.91223399892,0.340247957563,0
1000000,0.02,2.9790070686,0.347463903473,0
1000000,0.02,3.0473111426,0.354679849383,0
1000000,0.02,3.11718132451,0.361895795293,0
1000000,0.02,3.18865352278,0.369111741203,0
1000000,0.02,3.2617644692,0.376327687114,0
1000000,0.02,3.33655173776,0.383543633024,0
1000000,0.02,3.41305376396,0.390759578934,0
1000000,0.02,3.49130986456,0.397975524844,0
1000000,0.02,3.57136025782,0.405191470754,0
1000000,0.02,3.65324608411,0.412407416665,0
1000000,0.02,3.7370094271,0.419623362575,0
1000000,0.02,3.82269333539,0.426839308485,0
1000000,0.02,3.91034184459,0.434055254395,0
1000000,0.02,4,0.441271200305,0
1000000,0.04,1.05,0.0155303916037,0
1000000,0.04,1.07407489343,0.0227463375139,0
1000000,0.04,1.09870178733,0.0299622834241,0
1000000,0.04,1.12389333822,0.0371782293343,0
1000000,0.04,1.14966249284,0.0443941752444,0
1000000,0.04,1.17602249474,0.0516101211546,0
1000000,0.04,1.20298689115,0.0588260670648,0
1000000,0.04,1.23056953991,0.066042012975,0
1000000,0.04,1.2587846166,0.0732579588852,0
1000000,0.04,1.28764662184,0.0804739047954,0
1000000,0.04,1.31717038869,0.0876898507056,0
1000000,0.04,1.34737109034,0.0949057966158,0
1000000,0.04,1.37826424788,0.102121742526,0
1000000,0.04,1.40986573824,0.109337688436,0
1000000,0.04,1.44219180243,0.116553634346,0
1000000,0.04,1.47525905381,0.123769580257,0
1000000,0.04,1.50908448667,0.130985526167,0
1000000,0.04,1.54368548495,0.138201472077,0
1000000,0.04,1.57907983117,0.145417417987,0
1000000,0.04,1.6152857156,0.152633363897,0
1000000,0.04,1.65232174556,0.159849309808,0
1000000,0.04,1.69020695503,0.167065255718,0
1000000,0.04,1.72896081437,0.174281201628,0
1000000,0.04,1.76860324042,0.181497147538,0
1000000,0.04,1.80915460664,0.188713093448,0
1000000,0.04,1.85063575364,0.195929039359,0
1000000,0.04,1.89306799988,0.203144985269,0
1000000,0.04,1.93647315259,0.210360931179,0
1000000,0.04,1.98087351905,0.217576877089,0
1000000,0.04,2.02629191797,0.224792822999,0
1000000,0.04,2.07275169128,0.23200876891,0
1000000,0.04,2.12027671611,0.23922471482,0
1000000,0.04,2.16889141705,0.24644066073,0
1000000,0.04,2.21862077869,0.25365660664,0
1000000,0.04,2.26949035851,0.26087255255,0
1000000,0.04,2.32152629995,0.268088498461,0
1000000,0.04,2.37475534592,0.275304444371,0
1000000,0.04,2.42920485246,0.282520390281,0
1000000,0.04,2.48490280288,0.289736336191,0
1000000,0.04,2.54187782209,0.296952282101,0
1000000,0.04,2.6001591913,0.304168228012,0
1000000,0.04,2.65977686314,0.311384173922,0
1000000,0.04,2.72076147697,0.318600119832,0
1000000,0.04,2.78314437469,0.325816065742,0
1000000,0.04,2.8469576168,0.333032011652,0
1000000,0.04,2.91223399892,0.340247957563,0
1000000,0.04,2.9790070686,0.347463903473,0
1000000,0.04,3.0473111426,0.354679849383,0
1000000,0.04,3.11718132451,0.361895795293,0
1000000,0.04,3.18865352278,0.369111741203,0
1000000,0.04,3.2617644692,0.376327687114,0
1000000,0.04,3.33655173776,0.383543633024,0
1000000,0.04,3.41305376396,0.390759578934,0
1000000,0.04,3.49130986456,0.397975524844,0
1000000,0.04,3.57136025782,0.405191470754,0
1000000,0.04,3.65324608411,0.412407416665,0
1000000,0.04,3.7370094271,0.419623362575,0
1000000,0.04,3.82269333539,0.426839308485,0
1000000,0.04,3.91034184459,0.434055254395,0
1000000,0.04,4,0.441271200305,0
1000000,0.06,1.05,0.0155303916037,0
1000000,0.06,1.07407489343,0.0227463375139,0
1000000,0.06,1.09870178733,0.0299622834241,0
1000000,0.06,1.12389333822,0.0371782293343,0
1000000,0.06,1.14966249284,0.0443941752444,0
1000000,0.06,1.17602249474,0.0516101211546,0
1000000,0.06,1.20298689115,0.0588260670648,0
1000000,0.06,1.23056953991,0.066042012975,0
1000000,0.06,1.2587846166,0.0732579588852,0
1000000,0.06,1.28764662184,0.0804739047954,0
1000000,0.06,1.31717038869,0.0876898507056,0
1000000,0.06,1.34737109034,0.0949057966158,0
1000000,0.06,1.37826424788,0.102121742526,0
1000000,0.06,1.40986573824,0.109337688436,0
1000000,0.06,1.44219180243,0.116553634346,0
1000000,0.06,1.47525905381,0.123769580257,0
1000000,0.06,1.50908448667,0.130985526167,0
1000000,0.06,1.54368548495,0.138201472077,0
1000000,0.06,1.57907983117,0.145417417987,0
1000000,0.06,1.6152857156,0.152633363897,0
1000000,0.06,1.65232174556,0.159849309808,0
1000000,0.06,1.69020695503,0.167065255718,0
1000000,0.06,1.72896081437,0.174281201628,0
1000000,0.06,1.76860324042,0.181497147538,0
1000000,0.06,1.80915460664,0.188713093448,0
1000000,0.06,1.85063575364,0.195929039359,0
1000000,0.06,1.89306799988,0.203144985269,0
1000000,0.06,1.93647315259,0.210360931179,0
1000000,0.06,1.98087351905,0.217576877089,0
1000000,0.06,2.02629191797,0.224792822999,0
1000000,0.06,2.07275169128,0.23200876891,0
1000000,0.06,2.12027671611,0.23922471482,0
1000000,0.06,2.16889141705,0.24644066073,0
1000000,0.06,2.21862077869,0.25365660664,0
1000000,0.06,2.26949035851,0.26087255255,0
1000000,0.06,2.32152629995,0.268088498461,0
1000000,0.06,2.37475534592,0.275304444371,0
1000000,0.06,2.42920485246,0.282520390281,0
1000000,0.06,2.48490280288,0.289736336191,0
1000000,0.06,2.54187782209,0.296952282101,0
1000000,0.06,2.6001591913,0.304168228012,0
1000000,0.06,2.65977686314,0.311384173922,0
1000000,0.06,2.72076147697,0.318600119832,0
1000000,0.06,2.78314437469,0.325816065742,0
1000000,0.06,2.8469576168,0.333032011652,0
1000000,0.06,2.91223399892,0.340247957563,0
1000000,0.06,2.9790070686,0.347463903473,0
1000000,0.06,3.0473111426,0.354679849383,0
1000000,0.06,3.11718132451,0.361895795293,0
1000000,0.06,3.18865352278,0.369111741203,0
1000000,0.06,3.2617644692,0.376327687114,0
1000000,0.06,3.33655173776,0.383543633024,0
1000000,0.06,3.41305376396,0.390759578934,0
1000000,0.06,3.49130986456,0.397975524844,0
1000000,0.06,3.57136025782,0.405191470754,0
1000000,0.06,3.65324608411,0.412407416665,0
1000000,0.06,3.7370094271,0.419623362575,0
1000000,0.06,3.82269333539,0.426839308485,0
1000000,0.06,3.91034184459,0.434055254395,0
1000000,0.06,4,0.441271200305,0
1000000,0.08,1.05,0.0155303916037,1
1000000,0.08,1.07407489343,0.0227463375139,0
1000000,0.08,1.09870178733,0.0299622834241,0
1000000,0.08,1.12389333822,0.0371782293343,0
1000000,0.08,1.14966249284,0.0443941752444,0
1000000,0.08,1.17602249474,0.0516101211546,0
1000000,0.08,1.20298689115,0.0588260670648,0
1000000,0.08,1.23056953991,0.066042012975,0
1000000,0.08,1.2587846166,0.0732579588852,0
1000000,0.08,1.28764662184,0.0804739047954,0
1000000,0.08,1.31717038869,0.0876898507056,0
1000000,0.08,1.34737109034,0.0949057966158,0
1000000,0.08,1.37826424788,0.102121742526,0
1000000,0.08,1.40986573824,0.109337688436,0
1000000,0.08,1.44219180243,0.116553634346,0
1000000,0.08,1.47525905381,0.123769580257,0
1000000,0.08,1.50908448667,0.130985526167,0
1000000,0.08,1.54368548495,0.138201472077,0
1000000,0.08,1.57907983117,0.145417417987,0
1000000,0.08,1.6152857156,0.152633363897,0
1000000,0.08,1.65232174556,0.159849309808,0
1000000,0.08,1.69020695503,0.167065255718,0
1000000,0.08,1.72896081437,0.174281201628,0
1000000,0.08,1.76860324042,0.181497147538,0
1000000,0.08,1.80915460664,0.188713093448,0
1000000,0.08,1.85063575364,0.195929039359,0
1000000,0.08,1.89306799988,0.203144985269,0
1000000,0.08,1.93647315259,0.210360931179,0
1000000,0.08,1.98087351905,0.217576877089,0
1000000,0.08,2.02629191797,0.224792822999,0
1000000,0.08,2.07275169128,0.23200876891,0
1000000,0.08,2.12027671611,0.23922471482,0
1000000,0.08,2.16889141705,0.24644066073,0
1000000,0.08,2.21862077869,0.25365660664,0
1000000,0.08,2.26949035851,0.26087255255,0
1000000,0.08,2.32152629995,0.268088498461,0
1000000,0.08,2.37475534592,0.275304444371,0
1000000,0.08,2.42920485246,0.282520390281,0
1000000,0.08,2.48490280288,0.289736336191,0
1000000,0.08,2.54187782209,0.296952282101,0
1000000,0.08,2.6001591913,0.304168228012,0
1000000,0.08,2.65977686314,0.311384173922,0
1000000,0.08,2.72076147697,0.318600119832,0
1000000,0.08,2.78314437469,0.325816065742,0
1000000,0.08,2.8469576168,0.333032011652,0
1000000,0.08,2.91223399892,0.340247957563,0
1000000,0.08,2.9790070686,0.347463903473,0
1000000,0.08,3.0473111426,0.354679849383,0
1000000,0.08,3.11718132451,0.361895795293,0
1000000,0.08,3.18865352278,0.369111741203,0
1000000,0.08,3.2617644692,0.376327687114,0
1000000,0.08,3.33655173776,0.383543633024,0
1000000,0.08,3.41305376396,0.390759578934,0
1000000,0.08,3.49130986456,0.397975524844,0
1000000,0.08,3.57136025782,0.405191470754,0
1000000,0.08,3.65324608411,0.412407416665,0
1000000,0.08,3.7370094271,0.419623362575,0
1000000,0.08,3.82269333539,0.426839308485,0
1000000,0.08,3.91034184459,0.434055254395,0
1000000,0.08,4,0.441271200305,0
1000000,0.1,1.05,0.0155303916037,1
1000000,0.1,1.07407489343,0.0227463375139,1
1000000,0.1,1.09870178733,0.0299622834241,1
1000000,0.1,1.12389333822,0.0371782293343,1
1000000,0.1,1.14966249284,0.0443941752444,0
1000000,0.1,1.17602249474,0.0516101211546,0
1000000,0.1,1.20298689115,0.0588260670648,0
1000000,0.1,1.23056953991,0.066042012975,0
1000000,0.1,1.2587846166,0.0732579588852,0
1000000,0.1,1.28764662184,0.0804739047954,0
1000000,0.1,1.31717038869,0.0876898507056,0
1000000,0.1,1.34737109034,0.0949057966158,0
1000000,0.1,1.37826424788,0.102121742526,0
1000000,0.1,1.40986573824,0.109337688436,0
1000000,0.1,1.44219180243,0.116553634346,0
1000000,0.1,1.47525905381,0.123769580257,0
1000000,0.1,1.50908448667,0.130985526167,0
1000000,0.1,1.54368548495,0.138201472077,0
1000000,0.1,1.57907983117,0.145417417987,0
1000000,0.1,1.6152857156,0.152633363897,0
1000000,0.1,1.65232174556,0.159849309808,0
1000000,0.1,1.69020695503,0.167065255718,0
1000000,0.1,1.72896081437,0.174281201628,0
1000000,0.1,1.76860324042,0.181497147538,0
1000000,0.1,1.80915460664,0.188713093448,0
1000000,0.1,1.85063575364,0.195929039359,0
1000000,0.1,1.89306799988,0.203144985269,0
1000000,0.1,1.93647315259,0.210360931179,0
1000000,0.1,1.98087351905,0.217576877089,0
1000000,0.1,2.02629191797,0.224792822999,0
1000000,0.1,2.07275169128,0.23200876891,0
1000000,0.1,2.12027671611,0.23922471482,0
1000000,0.1,2.16889141705,0.24644066073,0
1000000,0.1,2.21862077869,0.25365660664,0
1000000,0.1,2.26949035851,0.26087255255,0
1000000,0.1,2.32152629995,0.268088498461,0
1000000,0.1,2.37475534592,0.275304444371,0
1000000,0.1,2.42920485246,0.282520390281,0
1000000,0.1,2.48490280288,0.289736336191,0
1000000,0.1,2.54187782209,0.296952282101,0
1000000,0.1,2.6001591913,0.304168228012,0
1000000,0.1,2.65977686314,0.311384173922,0
1000000,0.1,2.72076147697,0.318600119832,0
1000000,0.1,2.78314437469,0.325816065742,0
1000000,0.1,2.8469576168,0.333032011652,0
1000000,0.1,2.91223399892,0.340247957563,0
1000000,0.1,2.9790070686,0.347463903473,0
1000000,0.1,3.0473111426,0.354679849383,0
1000000,0.1,3.11718132451,0.361895795293,0
1000000,0.1,3.18865352278,0.369111741203,0
1000000,0.1,3.2617644692,0.376327687114,0
1000000,0.1,3.33655173776,0.383543633024,0
1000000,0.1,3.41305376396,0.390759578934,0
1000000,0.1,3.49130986456,0.397975524844,0
1000000,0.1,3.57136025782,0.405191470754,0
1000000,0.1,3.65324608411,0.412407416665,0
1000000,0.1,3.7370094271,0.419623362575,0
1000000,0.1,3.82269333539,0.426839308485,0
1000000,0.1,3.91034184459,0.434055254395,0
1000000,0.1,4,0.441271200305,0
1000000,0.12,1.05,0.0155303916037,1
1000000,0.12,1.07407489343,0.0227463375139,1
1000000,0.12,1.09870178733,0.0299622834241,1
1000000,0.12,1.12389333822,0.0371782293343,1
1000000,0.12,1.14966249284,0.0443941752444,1
1000000,0.12,1.17602249474,0.0516101211546,1
1000000,0.12,1.20298689115,0.0588260670648,0
1000000,0.12,1.23056953991,0.066042012975,0
1000000,0.12,1.2587846166,0.0732579588852,0
1000000,0.12,1.28764662184,0.0804739047954,0
1000000,0.12,1.31717038869,0.0876898507056,0
1000000,0.12,1.34737109034,0.0949057966158,0
1000000,0.12,1.37826424788,0.102121742526,0
1000000,0.12,1.40986573824,0.109337688436,0
1000000,0.12,1.44219180243,0.116553634346,0
1000000,0.12,1.47525905381,0.123769580257,0
1000000,0.12,1.50908448667,0.130985526167,0
1000000,0.12,1.54368548495,0.138201472077,0
1000000,0.12,1.57907983117,0.145417417987,0
1000000,0.12,1.6152857156,0.152633363897,0
1000000,0.12,1.65232174556,0.159849309808,0
1000000,0.12,1.69020695503,0.167065255718,0
1000000,0.12,1.72896081437,0.174281201628,0
1000000,0.12,1.76860324042,0.181497147538,0
1000000,0.12,1.80915460664,0.188713093448,0
1000000,0.12,1.85063575364,0.195929039359,0
1000000,0.12,1.89306799988,0.203144985269,0
1000000,0.12,1.93647315259,0.210360931179,0
1000000,0.12,1.98087351905,0.217576877089,0
1000000,0.12,2.02629191797,0.224792822999,0
1000000,0.12,2.07275169128,0.23200876891,0
1000000,0.12,2.12027671611,0.23922471482,0
1000000,0.12,2.16889141705,0.24644066073,0
1000000,0.12,2.21862077869,0.25365660664,0
1000000,0.12,2.26949035851,0.26087255255,0
1000000,0.12,2.32152629995,0.268088498461,0
1000000,0.12,2.37475534592,0.275304444371,0
1000000,0.12,2.42920485246,0.282520390281,0
1000000,0.12,2.48490280288,0.289736336191,0
1000000,0.12,2.54187782209,0.296952282101,0
1000000,0.12,2.6001591913,0.304168228012,0
1000000,0.12,2.65977686314,0.311384173922,0
1000000,0.12,2.72076147697,0.318600119832,0
1000000,0.12,2.78314437469,0.325816065742,0
1000000,0.12,2.8469576168,0.333032011652,0
1000000,0.12,2.91223399892,0.340247957563,0
1000000,0.12,2.9790070686,0.347463903473,0
1000000,0.12,3.0473111426,0.354679849383,0
1000000,0.12,3.11718132451,0.361895795293,0
1000000,0.12,3.18865352278,0.369111741203,0
1000000,0.12,3.2617644692,0.376327687114,0
1000000,0.12,3.33655173776,0.383543633024,0
1000000,0.12,3.41305376396,0.390759578934,0
1000000,0.12,3.49130986456,0.397975524844,0
1000000,0.12,3.57136025782,0.405191470754,0
1000000,0.12,3.65324608411,0.412407416665,0
1000000,0.12,3.7370094271,0.419623362575,0
1000000,0.12,3.82269333539,0.426839308485,0
1000000,0.12,3.91034184459,0.434055254395,0
1000000,0.12,4,0.441271200305,0
1000000,0.14,1.05,0.0155303916037,1
1000000,0.14,1.07407489343,0.0227463375139,1
1000000,0.14,1.09870178733,0.0299622834241,1
1000000,0.14,1.12389333822,0.0371782293343,1
1000000,0.14,1.14966249284,0.0443941752444,1
1000000,0.14,1.17602249474,0.0516101211546,1
1000000,0.14,1.20298689115,0.0588260670648,1
1000000,0.14,1.23056953991,0.066042012975,1
1000000,0.14,1.2587846166,0.0732579588852,1
1000000,0.14,1.28764662184,0.0804739047954,1
1000000,0.14,1.31717038869,0.0876898507056,0
1000000,0.14,1.34737109034,0.0949057966158,0
1000000,0.14,1.37826424788,0.102121742526,0
1000000,0.14,1.40986573824,0.109337688436,0
1000000,0.14,1.44219180243,0.116553634346,0
1000000,0.14,1.47525905381,0.123769580257,0
1000000,0.14,1.50908448667,0.130985526167,0
1000000,0.14,1.54368548495,0.138201472077,0
1000000,0.14,1.57907983117,0.145417417987,0
1000000,0.14,1.6152857156,0.152633363897,0
1000000,0.14,1.65232174556,0.159849309808,0
1000000,0.14,1.69020695503,0.167065255718,0
1000000,0.14,1.72896081437,0.174281201628,0
1000000,0.14,1.76860324042,0.181497147538,0
1000000,0.14,1.80915460664,0.188713093448,0
1000000,0.14,1.85063575364,0.195929039359,0
1000000,0.14,1.89306799988,0.203144985269,0
1000000,0.14,1.93647315259,0.210360931179,0
1000000,0.14,1.98087351905,0.217576877089,0
1000000,0.14,2.02629191797,0.224792822999,0
1000000,0.14,2.07275169128,0.23200876891,0
1000000,0.14,2.12027671611,0.23922471482,0
1000000,0.14,2.16889141705,0.24644066073,0
1000000,0.14,2.21862077869,0.25365660664,0
1000000,0.14,2.26949035851,0.26087255255,0
1000000,0.14,2.32152629995,0.268088498461,0
1000000,0.14,2.37475534592,0.275304444371,0
1000000,0.14,2.42920485246,0.282520390281,0
1000000,0.14,2.48490280288,0.289736336191,0
1000000,0.14,2.54187782209,0.296952282101,0
1000000,0.14,2.6001591913,0.304168228012,0
1000000,0.14,2.65977686314,0.311384173922,0
1000000,0.14,2.72076147697,0.318600119832,0
1000000,0.14,2.78314437469,0.325816065742,0
1000000,0.14,2.8469576168,0.333032011652,0
1000000,0.14,2.91223399892,0.340247957563,0
1000000,0.14,2.9790070686,0.347463903473,0
1000000,0.14,3.0473111426,0.354679849383,0
1000000,0.14,3.11718132451,0.361895795293,0
1000000,0.14,3.18865352278,0.369111741203,0
1000000,0.14,3.2617644692,0.376327687114,0
1000000,0.14,3.33655173776,0.383543633024,0
1000000,0.14,3.41305376396,0.390759578934,0
1000000,0.14,3.49130986456,0.397975524844,0
1000000,0.14,3.57136025782,0.405191470754,0
1000000,0.14,3.65324608411,0.412407416665,0
1000000,0.14,3.7370094271,0.419623362575,0
1000000,0.14,3.82269333539,0.426839308485,0
1000000,0.14,3.91034184459,0.434055254395,0
1000000,0.14,4,0.441271200305,0
1000000,0.16,1.05,0.0155303916037,1
1000000,0.16,1.07407489343,0.0227463375139,1
1000000,0.16,1.09870178733,0.0299622834241,1
1000000,0.16,1.12389333822,0.0371782293343,1
1000000,0.16,1.14966249284,0.0443941752444,1
1000000,0.16,1.17602249474,0.0516101211546,1
1000000,0.16,1.20298689115,0.0588260670648,1
1000000,0.16,1.23056953991,0.066042012975,1
1000000,0.16,1.2587846166,0.0732579588852,1
1000000,0.16,1.28764662184,0.0804739047954,1
1000000,0.16,1.31717038869,0.0876898507056,1
1000000,0.16,1.34737109034,0.0949057966158,1
1000000,0.16,1.37826424788,0.102121742526,1
1000000,0.16,1.40986573824,0.109337688436,1
1000000,0.16,1.44219180243,0.116553634346,1
1000000,0.16,1.47525905381,0.123769580257,0
1000000,0.16,1.50908448667,0.130985526167,0
1000000,0.16,1.54368548495,0.138201472077,0
1000000,0.16,1.57907983117,0.145417417987,0
1000000,0.16,1.6152857156,0.152633363897,0
1000000,0.16,1.65232174556,0.159849309808,0
1000000,0.16,1.69020695503,0.167065255718,0
1000000,0.16,1.72896081437,0.174281201628,0
1000000,0.16,1.76860324042,0.181497147538,0
1000000,0.16,1.80915460664,0.188713093448,0
1000000,0.16,1.85063575364,0.195929039359,0
1000000,0.16,1.89306799988,0.203144985269,0
1000000,0.16,1.93647315259,0.210360931179,0
1000000,0.16,1.98087351905,0.217576877089,0
1000000,0.16,2.02629191797,0.224792822999,0
1000000,0.16,2.07275169128,0.23200876891,0
1000000,0.16,2.12027671611,0.23922471482,0
1000000,0.16,2.16889141705,0.24644066073,0
1000000,0.16,2.21862077869,0.25365660664,0
1000000,0.16,2.26949035851,0.26087255255,0
1000000,0.16,2.32152629995,0.268088498461,0
1000000,0.16,2.37475534592,0.275304444371,0
1000000,0.16,2.42920485246,0.282520390281,0
1000000,0.16,2.48490280288,0.289736336191,0
1000000,0.16,2.54187782209,0.296952282101,0
1000000,0.16,2.6001591913,0.304168228012,0
1000000,0.16,2.65977686314,0.311384173922,0
1000000,0.16,2.72076147697,0.318600119832,0
1000000,0.16,2.78314437469,0.325816065742,0
1000000,0.16,2.8469576168,0.333032011652,0
1000000,0.16,2.91223399892,0.340247957563,0
1000000,0.16,2.9790070686,0.347463903473,0
1000000,0.16,3.0473111426,0.354679849383,0
1000000,0.16,3.11718132451,0.361895795293,0
1000000,0.16,3.18865352278,0.369111741203,0
1000000,0.16,3.2617644692,0.376327687114,0
1000000,0.16,3.33655173776,0.383543633024,0
1000000,0.16,3.41305376396,0.390759578934,0
1000000,0.16,3.49130986456,0.397975524844,0
1000000,0.16,3.57136025782,0.405191470754,0
1000000,0.16,3.65324608411,0.412407416665,0
1000000,0.16,3.7370094271,0.419623362575,0
1000000,0.16,3.82269333539,0.426839308485,0
1000000,0.16,3.91034184459,0.434055254395,0
1000000,0.16,4,0.441271200305,0
1000000,0.18,1.05,0.0155303916037,1
1000000,0.18,1.07407489343,0.0227463375139,1
1000000,0.18,1.09870178733,0.0299622834241,1
1000000,0.18,1.12389333822,0.0371782293343,1
1000000,0.18,1.14966249284,0.0443941752444,1
1000000,0.18,1.17602249474,0.0516101211546,1
1000000,0.18,1.20298689115,0.0588260670648,1
1000000,0.18,1.23056953991,0.066042012975,1
1000000,0.18,1.2587846166,0.0732579588852,1
1000000,0.18,1.28764662184,0.0804739047954,1
1000000,0.18,1.31717038869,0.0876898507056,1
1000000,0.18,1.34737109034,0.0949057966158,1
1000000,0.18,1.37826424788,0.102121742526,1
1000000,0.18,1.40986573824,0.109337688436,1
1000000,0.18,1.44219180243,0.116553634346,1
1000000,0.18,1.47525905381,0.123769580257,1
1000000,0.18,1.50908448667,0.130985526167,1
1000000,0.18,1.54368548495,0.138201472077,1
1000000,0.18,1.57907983117,0.145417417987,0
1000000,0.18,1.6152857156,0.152633363897,0
1000000,0.18,1.65232174556,0.159849309808,0
1000000,0.18,1.69020695503,0.167065255718,0
1000000,0.18,1.72896081437,0.174281201628,0
1000000,0.18,1.76860324042,0.181497147538,0
1000000,0.18,1.80915460664,0.188713093448,0
1000000,0.18,1.85063575364,0.195929039359,0
1000000,0.18,1.89306799988,0.203144985269,0
1000000,0.18,1.93647315259,0.210360931179,0
1000000,0.18,1.98087351905,0.217576877089,0
1000000,0.18,2.02629191797,0.224792822999,0
1000000,0.18,2.07275169128,0.23200876891,0
1000000,0.18,2.12027671611,0.23922471482,0
1000000,0.18,2.16889141705,0.24644066073,0
1000000,0.18,2.21862077869,0.25365660664,0
1000000,0.18,2.26949035851,0.26087255255,0
1000000,0.18,2.32152629995,0.268088498461,0
1000000,0.18,2.37475534592,0.275304444371,0
1000000,0.18,2.42920485246,0.282520390281,0
1000000,0.18,2.48490280288,0.289736336191,0
1000000,0.18,2.54187782209,0.296952282101,0
1000000,0.18,2.6001591913,0.304168228012,0
1000000,0.18,2.65977686314,0.311384173922,0
1000000,0.18,2.72076147697,0.318600119832,0
1000000,0.18,2.78314437469,0.325816065742,0
1000000,0.18,2.8469576168,0.333032011652,0
1000000,0.18,2.91223399892,0.340247957563,0
1000000,0.18,2.9790070686,0.347463903473,0
1000000,0.18,3.0473111426,0.354679849383,0
1000000,0.18,3.11718132451,0.361895795293,0
1000000,0.18,3.18865352278,0.369111741203,0
1000000,0.18,3.2617644692,0.376327687114,0
1000000,0.18,3.33655173776,0.383543633024,0
1000000,0.18,3.41305376396,0.390759578934,0
1000000,0.18,3.49130986456,0.397975524844,0
1000000,0.18,3.57136025782,0.405191470754,0
1000000,0.18,3.65324608411,0.412407416665,0
1000000,0.18,3.7370094271,0.419623362575,0
1000000,0.18,3.82269333539,0.426839308485,0
1000000,0.18,3.91034184459,0.434055254395,0
1000000,0.18,4,0.441271200305,0
1000000,0.2,1.05,0.0155303916037,1
1000000,0.2,1.07407489343,0.0227463375139,1
1000000,0.2,1.09870178733,0.0299622834241,1
1000000,0.2,1.12389333822,0.0371782293343,1
1000000,0.2,1.14966249284,0.0443941752444,1
1000000,0.2,1.17602249474,0.0516101211546,1
1000000,0.2,1.20298689115,0.0588260670648,1
1000000,0.2,1.23056953991,0.066042012975,1
1000000,0.2,1.2587846166,0.0732579588852,1
1000000,0.2,1.28764662184,0.0804739047954,1
1000000,0.2,1.31717038869,0.0876898507056,1
1000000,0.2,1.34737109034,0.0949057966158,1
1000000,0.2,1.37826424788,0.102121742526,1
1000000,0.2,1.40986573824,0.109337688436,1
1000000,0.2,1.44219180243,0.116553634346,1
1000000,0.2,1.47525905381,0.123769580257,1
1000000,0.2,1.50908448667,0.130985526167,1
1000000,0.2,1.54368548495,0.138201472077,1
1000000,0.2,1.57907983117,0.145417417987,1
1000000,0.2,1.6152857156,0.152633363897,1
1000000,0.2,1.65232174556,0.159849309808,1
1000000,0.2,1.69020695503,0.167065255718,1
1000000,0.2,1.72896081437,0.174281201628,0
1000000,0.2,1.76860324042,0.181497147538,0
1000000,0.2,1.80915460664,0.188713093448,0
1000000,0.2,1.85063575364,0.195929039359,0
1000000,0.2,1.89306799988,0.203144985269,0
1000000,0.2,1.93647315259,0.210360931179,0
1000000,0.2,1.98087351905,0.217576877089,0
1000000,0.2,2.02629191797,0.224792822999,0
1000000,0.2,2.07275169128,0.23200876891,0
1000000,0.2,2.12027671611,0.23922471482,0
1000000,0.2,2.16889141705,0.24644066073,0
1000000,0.2,2.21862077869,0.25365660664,0
1000000,0.2,2.26949035851,0.26087255255,0
1000000,0.2,2.32152629995,0.268088498461,0
1000000,0.2,2.37475534592,0.275304444371,0
1000000,0.2,2.42920485246,0.282520390281,0
1000000,0.2,2.48490280288,0.289736336191,0
1000000,0.2,2.54187782209,0.296952282101,0
1000000,0.2,2.6001591913,0.304168228012,0
1000000,0.2,2.65977686314,0.311384173922,0
1000000,0.2,2.72076147697,0.318600119832,0
1000000,0.2,2.78314437469,0.325816065742,0
1000000,0.2,2.8469576168,0.333032011652,0
1000000,0.2,2.91223399892,0.340247957563,0
1000000,0.2,2.9790070686,0.347463903473,0
1000000,0.2,3.0473111426,0.354679849383,0
1000000,0.2,3.11718132451,0.361895795293,0
1000000,0.2,3.18865352278,0.369111741203,0
1000000,0.2,3.2617644692,0.376327687114,0
1000000,0.2,3.33655173776,0.383543633024,0
1000000,0.2,3.41305376396,0.390759578934,0
1000000,0.2,3.49130986456,0.397975524844,0
1000000,0.2,3.57136025782,0.405191470754,0
1000000,0.2,3.65324608411,0.412407416665,0
1000000,0.2,3.7370094271,0.419623362575,0
1000000,0.2,3.82269333539,0.426839308485,0
1000000,0.2,3.91034184459,0.434055254395,0
1000000,0.2,4,0.441271200305,0
1000000,0.22,1.05,0.0155303916037,1
1000000,0.22,1.07407489343,0.0227463375139,1
1000000,0.22,1.09870178733,0.0299622834241,1
1000000,0.22,1.12389333822,0.0371782293343,1
1000000,0.22,1.14966249284,0.0443941752444,1
1000000,0.22,1.17602249474,0.0516101211546,1
1000000,0.22,1.20298689115,0.0588260670648,1
1000000,0.22,1.23056953991,0.066042012975,1
1000000,0.22,1.2587846166,0.0732579588852,1
1000000,0.22,1.28764662184,0.0804739047954,1
1000000,0.22,1.31717038869,0.0876898507056,1
1000000,0.22,1.34737109034,0.0949057966158,1
1000000,0.22,1.37826424788,0.102121742526,1
1000000,0.22,1.40986573824,0.109337688436,1
1000000,0.22,1.44219180243,0.116553634346,1
1000000,0.22,1.47525905381,0.123769580257,1
1000000,0.22,1.50908448667,0.130985526167,1
1000000,0.22,1.54368548495,0.138201472077,1
1000000,0.22,1.57907983117,0.145417417987,1
1000000,0.22,1.6152857156,0.152633363897,1
1000000,0.22,1.65232174556,0.159849309808,1
1000000,0.22,1.69020695503,0.167065255718,1
1000000,0.22,1.72896081437,0.174281201628,1
1000000,0.22,1.76860324042,0.181497147538,1
1000000,0.22,1.80915460664,0.188713093448,1
1000000,0.22,1.85063575364,0.195929039359,0
1000000,0.22,1.89306799988,0.203144985269,0
1000000,0.22,1.93647315259,0.210360931179,0
1000000,0.22,1.98087351905,0.217576877089,0
1000000,0.22,2.02629191797,0.224792822999,0
1000000,0.22,2.07275169128,0.23200876891,0
1000000,0.22,2.12027671611,0.23922471482,0
1000000,0.22,2.16889141705,0.24644066073,0
1000000,0.22,2.21862077869,0.25365660664,0
1000000,0.22,2.26949035851,0.26087255255,0
1000000,0.22,2.32152629995,0.268088498461,0
1000000,0.22,2.37475534592,0.275304444371,0
1000000,0.22,2.42920485246,0.282520390281,0
1000000,0.22,2.48490280288,0.289736336191,0
1000000,0.22,2.54187782209,0.296952282101,0
1000000,0.22,2.6001591913,0.304168228012,0
1000000,0.22,2.65977686314,0.311384173922,0
1000000,0.22,2.72076147697,0.318600119832,0
1000000,0.22,2.78314437469,0.325816065742,0
1000000,0.22,2.8469576168,0.333032011652,0
1000000,0.22,2.91223399892,0.340247957563,0
1000000,0.22,2.9790070686,0.347463903473,0
1000000,0.22,3.0473111426,0.354679849383,0
1000000,0.22,3.11718132451,0.361895795293,0
1000000,0.22,3.18865352278,0.369111741203,0
1000000,0.22,3.2617644692,0.376327687114,0
1000000,0.22,3.33655173776,0.383543633024,0
1000000,0.22,3.41305376396,0.390759578934,0
1000000,0.22,3.49130986456,0.397975524844,0
1000000,0.22,3.57136025782,0.405191470754,0
1000000,0.22,3.65324608411,0.412407416665,0
1000000,0.22,3.7370094271,0.419623362575,0
1000000,0.22,3.82269333539,0.426839308485,0
1000000,0.22,3.91034184459,0.434055254395,0
1000000,0.22,4,0.441271200305,0
1000000,0.24,1.05,0.0155303916037,1
1000000,0.24,1.07407489343,0.0227463375139,1
1000000,0.24,1.09870178733,0.0299622834241,1
1000000,0.24,1.12389333822,0.0371782293343,1
1000000,0.24,1.14966249284,0.0443941752444,1
1000000,0.24,1.17602249474,0.0516101211546,1
1000000,0.24,1.20298689115,0.0588260670648,1
1000000,0.24,1.23056953991,0.066042012975,1
1000000,0.24,1.2587846166,0.0732579588852,1
1000000,0.24,1.28764662184,0.0804739047954,1
1000000,0.24,1.31717038869,0.0876898507056,1
1000000,0.24,1.34737109034,0.0949057966158,1
1000000,0.24,1.37826424788,0.102121742526,1
1000000,0.24,1.40986573824,0.109337688436,1
1000000,0.24,1.44219180243,0.116553634346,1
1000000,0.24,1.47525905381,0.123769580257,1
1000000,0.24,1.50908448667,0.130985526167,1
1000000,0.24,1.54368548495,0.138201472077,1
1000000,0.24,1.57907983117,0.145417417987,1
1000000,0.24,1.6152857156,0.152633363897,1
1000000,0.24,1.65232174556,0.159849309808,1
1000000,0.24,1.69020695503,0.167065255718,1
1000000,0.24,1.72896081437,0.174281201628,1
1000000,0.24,1.76860324042,0.181497147538,1
1000000,0.24,1.80915460664,0.188713093448,1
1000000,0.24,1.85063575364,0.195929039359,1
1000000,0.24,1.89306799988,0.203144985269,1
1000000,0.24,1.93647315259,0.210360931179,1
1000000,0.24,1.98087351905,0.217576877089,0
1000000,0.24,2.02629191797,0.224792822999,0
1000000,0.24,2.07275169128,0.23200876891,0
1000000,0.24,2.12027671611,0.23922471482,0
1000000,0.24,2.16889141705,0.24644066073,0
1000000,0.24,2.21862077869,0.25365660664,0
1000000,0.24,2.26949035851,0.26087255255,0
1000000,0.24,2.32152629995,0.268088498461,0
1000000,0.24,2.37475534592,0.275304444371,0
1000000,0.24,2.42920485246,0.282520390281,0
1000000,0.24,2.48490280288,0.289736336191,0
1000000,0.24,2.54187782209,0.296952282101,0
1000000,0.24,2.6001591913,0.304168228012,0
1000000,0.24,2.65977686314,0.311384173922,0
1000000,0.24,2.72076147697,0.318600119832,0
1000000,0.24,2.78314437469,0.325816065742,0
1000000,0.24,2.8469576168,0.333032011652,0
1000000,0.24,2.91223399892,0.340247957563,0
1000000,0.24,2.9790070686,0.347463903473,0
1000000,0.24,3.0473111426,0.354679849383,0
1000000,0.24,3.11718132451,0.361895795293,0
1000000,0.24,3.18865352278,0.369111741203,0
1000000,0.24,3.2617644692,0.376327687114,0
1000000,0.24,3.33655173776,0.383543633024,0
1000000,0.24,3.41305376396,0.390759578934,0
1000000,0.24,3.49130986456,0.397975524844,0
1000000,0.24,3.57136025782,0.405191470754,0
1000000,0.24,3.65324608411,0.412407416665,0
1000000,0.24,3.7370094271,0.419623362575,0
1000000,0.24,3.82269333539,0.426839308485,0
1000000,0.24,3.91034184459,0.434055254395,0
1000000,0.24,4,0.441271200305,0
1000000,0.26,1.05,0.0155303916037,1
1000000,0.26,1.07407489343,0.0227463375139,1
1000000,0.26,1.09870178733,0.0299622834241,1
1000000,0.26,1.12389333822,0.0371782293343,1
1000000,0.26,1.14966249284,0.0443941752444,1
1000000,0.26,1.17602249474,0.0516101211546,1
1000000,0.26,1.20298689115,0.0588260670648,1
1000000,0.26,1.23056953991,0.066042012975,1
1000000,0.26,1.2587846166,0.0732579588852,1
1000000,0.26,1.28764662184,0.0804739047954,1
1000000,0.26,1.31717038869,0.0876898507056,1
1000000,0.26,1.34737109034,0.0949057966158,1
1000000,0.26,1.37826424788,0.102121742526,1
1000000,0.26,1.40986573824,0.109337688436,1
1000000,0.26,1.44219180243,0.116553634346,1
1000000,0.26,1.47525905381,0.123769580257,1
1000000,0.26,1.50908448667,0.130985526167,1
1000000,0.26,1.54368548495,0.138201472077,1
1000000,0.26,1.57907983117,0.145417417987,1
1000000,0.26,1.6152857156,0.152633363897,1
1000000,0.26,1.65232174556,0.159849309808,1
1000000,0.26,1.69020695503,0.167065255718,1
1000000,0.26,1.72896081437,0.174281201628,1
1000000,0.26,1.76860324042,0.181497147538,1
1000000,0.26,1.80915460664,0.188713093448,1
1000000,0.26,1.85063575364,0.195929039359,1
1000000,0.26,1.89306799988,0.203144985269,1
1000000,0.26,1.93647315259,0.210360931179,1
1000000,0.26,1.98087351905,0.217576877089,1
1000000,0.26,2.02629191797,0.224792822999,1
1000000,0.26,2.07275169128,0.23200876891,1
1000000,0.26,2.12027671611,0.23922471482,0
1000000,0.26,2.16889141705,0.24644066073,0
1000000,0.26,2.21862077869,0.25365660664,0
1000000,0.26,2.26949035851,0.26087255255,0
1000000,0.26,2.32152629995,0.268088498461,0
1000000,0.26,2.37475534592,0.275304444371,0
1000000,0.26,2.42920485246,0.282520390281,0
1000000,0.26,2.48490280288,0.289736336191,0
1000000,0.26,2.54187782209,0.296952282101,0
1000000,0.26,2.6001591913,0.304168228012,0
1000000,0.26,2.65977686314,0.311384173922,0
1000000,0.26,2.72076147697,0.318600119832,0
1000000,0.26,2.78314437469,0.325816065742,0
1000000,0.26,2.8469576168,0.333032011652,0
1000000,0.26,2.91223399892,0.340247957563,0
1000000,0.26,2.9790070686,0.347463903473,0
1000000,0.26,3.0473111426,0.354679849383,0
1000000,0.26,3.11718132451,0.361895795293,0
1000000,0.26,3.18865352278,0.369111741203,0
1000000,0.26,3.2617644692,0.376327687114,0
1000000,0.26,3.33655173776,0.383543633024,0
1000000,0.26,3.41305376396,0.390759578934,0
1000000,0.26,3.49130986456,0.397975524844,0
1000000,0.26,3.57136025782,0.405191470754,0
1000000,0.26,3.65324608411,0.412407416665,0
1000000,0.26,3.7370094271,0.419623362575,0
1000000,0.26,3.82269333539,0.426839308485,0
1000000,0.26,3.91034184459,0.434055254395,0
1000000,0.26,4,0.441271200305,0
1000000,0.28,1.05,0.0155303916037,1
1000000,0.28,1.07407489343,0.0227463375139,1
1000000,0.28,1.09870178733,0.0299622834241,1
1000000,0.28,1.12389333822,0.0371782293343,1
1000000,0.28,1.14966249284,0.0443941752444,1
1000000,0.28,1.17602249474,0.0516101211546,1
1000000,0.28,1.20298689115,0.0588260670648,1
1000000,0.28,1.23056953991,0.066042012975,1
1000000,0.28,1.2587846166,0.0732579588852,1
1000000,0.28,1.28764662184,0.0804739047954,1
1000000,0.28,1.31717038869,0.0876898507056,1
1000000,0.28,1.34737109034,0.0949057966158,1
1000000,0.28,1.37826424788,0.102121742526,1
1000000,0.28,1.40986573824,0.109337688436,1
1000000,0.28,1.44219180243,0.116553634346,1
1000000,0.28,1.47525905381,0.123769580257,1
1000000,0.28,1.50908448667,0.130985526167,1
1000000,0.28,1.54368548495,0.138201472077,1
1000000,0.28,1.57907983117,0.145417417987,1
1000000,0.28,1.6152857156,0.152633363897,1
1000000,0.28,1.65232174556,0.159849309808,1
1000000,0.28,1.69020695503,0.167065255718,1
1000000,0.28,1.72896081437,0.174281201628,1
1000000,0.28,1.76860324042,0.181497147538,1
1000000,0.28,1.80915460664,0.188713093448,1
1000000,0.28,1.85063575364,0.195929039359,1
1000000,0.28,1.89306799988,0.203144985269,1
1000000,0.28,1.93647315259,0.210360931179,1
1000000,0.28,1.98087351905,0.217576877089,1
1000000,0.28,2.02629191797,0.224792822999,1
1000000,0.28,2.07275169128,0.23200876891,1
1000000,0.28,2.12027671611,0.23922471482,1
1000000,0.28,2.16889141705,0.24644066073,1
1000000,0.28,2.21862077869,0.25365660664,1
1000000,0.28,2.26949035851,0.26087255255,0
1000000,0.28,2.32152629995,0.268088498461,0
1000000,0.28,2.37475534592,0.275304444371,0
1000000,0.28,2.42920485246,0.282520390281,0
1000000,0.28,2.48490280288,0.289736336191,0
1000000,0.28,2.54187782209,0.296952282101,0
1000000,0.28,2.6001591913,0.304168228012,0
1000000,0.28,2.65977686314,0.311384173922,0
1000000,0.28,2.72076147697,0.318600119832,0
1000000,0.28,2.78314437469,0.325816065742,0
1000000,0.28,2.8469576168,0.333032011652,0
1000000,0.28,2.91223399892,0.340247957563,0
1000000,0.28,2.9790070686,0.347463903473,0
1000000,0.28,3.0473111426,0.354679849383,0
1000000,0.28,3.11718132451,0.361895795293,0
1000000,0.28,3.18865352278,0.369111741203,0
1000000,0.28,3.2617644692,0.376327687114,0
1000000,0.28,3.33655173776,0.383543633024,0
1000000,0.28,3.41305376396,0.390759578934,0
1000000,0.28,3.49130986456,0.397975524844,0
1000000,0.28,3.57136025782,0.405191470754,0
1000000,0.28,3.65324608411,0.412407416665,0
1000000,0.28,3.7370094271,0.419623362575,0
1000000,0.28,3.82269333539,0.426839308485,0
1000000,0.28,3.91034184459,0.434055254395,0
1000000,0.28,4,0.441271200305,0
1000000,0.3,1.05,0.0155303916037,1
1000000,0.3,1.07407489343,0.0227463375139,1
1000000,0.3,1.09870178733,0.0299622834241,1
1000000,0.3,1.12389333822,0.0371782293343,1
1000000,0.3,1.14966249284,0.0443941752444,1
1000000,0.3,1.17602249474,0.0516101211546,1
1000000,0.3,1.20298689115,0.0588260670648,1
1000000,0.3,1.23056953991,0.066042012975,1
1000000,0.3,1.2587846166,0.0732579588852,1
1000000,0.3,1.28764662184,0.0804739047954,1
1000000,0.3,1.31717038869,0.0876898507056,1
1000000,0.3,1.34737109034,0.0949057966158,1
1000000,0.3,1.37826424788,0.102121742526,1
1000000,0.3,1.40986573824,0.109337688436,1
1000000,0.3,1.44219180243,0.116553634346,1
1000000,0.3,1.47525905381,0.123769580257,1
1000000,0.3,1.50908448667,0.130985526167,1
1000000,0.3,1.54368548495,0.138201472077,1
1000000,0.3,1.57907983117,0.145417417987,1
1000000,0.3,1.6152857156,0.152633363897,1
1000000,0.3,1.65232174556,0.159849309808,1
1000000,0.3,1.69020695503,0.167065255718,1
1000000,0.3,1.72896081437,0.174281201628,1
1000000,0.3,1.76860324042,0.181497147538,1
1000000,0.3,1.80915460664,0.188713093448,1
1000000,0.3,1.85063575364,0.195929039359,1
1000000,0.3,1.89306799988,0.203144985269,1
1000000,0.3,1.93647315259,0.210360931179,1
1000000,0.3,1.98087351905,0.217576877089,1
1000000,0.3,2.02629191797,0.224792822999,1
1000000,0.3,2.07275169128,0.23200876891,1
1000000,0.3,2.12027671611,0.23922471482,1
1000000,0.3,2.16889141705,0.24644066073,1
1000000,0.3,2.21862077869,0.25365660664,1
1000000,0.3,2.26949035851,0.26087255255,1
1000000,0.3,2.32152629995,0.268088498461,1
1000000,0.3,2.37475534592,0.275304444371,1
1000000,0.3,2.42920485246,0.282520390281,0
1000000,0.3,2.48490280288,0.289736336191,0
1000000,0.3,2.54187782209,0.296952282101,0
1000000,0.3,2.6001591913,0.304168228012,0
1000000,0.3,2.65977686314,0.311384173922,0
1000000,0.3,2.72076147697,0.318600119832,0
1000000,0.3,2.78314437469,0.325816065742,0
1000000,0.3,2.8469576168,0.333032011652,0
1000000,0.3,2.91223399892,0.340247957563,0
1000000,0.3,2.9790070686,0.347463903473,0
1000000,0.3,3.0473111426,0.354679849383,0
1000000,0.3,3.11718132451,0.361895795293,0
1000000,0.3,3.18865352278,0.369111741203,0
1000000,0.3,3.2617644692,0.376327687114,0
1000000,0.3,3.33655173776,0.383543633024,0
1000000,0.3,3.41305376396,0.390759578934,0
1000000,0.3,3.49130986456,0.397975524844,0
1000000,0.3,3.57136025782,0.405191470754,0
1000000,0.3,3.65324608411,0.412407416665,0
1000000,0.3,3.7370094271,0.419623362575,0
1000000,0.3,3.82269333539,0.426839308485,0
1000000,0.3,3.91034184459,0.434055254395,0
1000000,0.3,4,0.441271200305,0
1000000,0.32,1.05,0.0155303916037,1
1000000,0.32,1.07407489343,0.0227463375139,1
1000000,0.32,1.09870178733,0.0299622834241,1
1000000,0.32,1.12389333822,0.0371782293343,1
1000000,0.32,1.14966249284,0.0443941752444,1
1000000,0.32,1.17602249474,0.0516101211546,1
1000000,0.32,1.20298689115,0.0588260670648,1
1000000,0.32,1.23056953991,0.066042012975,1
1000000,0.32,1.2587846166,0.0732579588852,1
1000000,0.32,1.28764662184,0.0804739047954,1
1000000,0.32,1.31717038869,0.0876898507056,1
1000000,0.32,1.34737109034,0.0949057966158,1
1000000,0.32,1.37826424788,0.102121742526,1
1000000,0.32,1.40986573824,0.109337688436,1
1000000,0.32,1.44219180243,0.116553634346,1
1000000,0.32,1.47525905381,0.123769580257,1
1000000,0.32,1.50908448667,0.130985526167,1
1000000,0.32,1.54368548495,0.138201472077,1
1000000,0.32,1.57907983117,0.145417417987,1
1000000,0.32,1.6152857156,0.152633363897,1
1000000,0.32,1.65232174556,0.159849309808,1
1000000,0.32,1.69020695503,0.167065255718,1
1000000,0.32,1.72896081437,0.174281201628,1
1000000,0.32,1.76860324042,0.181497147538,1
1000000,0.32,1.80915460664,0.188713093448,1
1000000,0.32,1.85063575364,0.195929039359,1
1000000,0.32,1.89306799988,0.203144985269,1
1000000,0.32,1.93647315259,0.210360931179,1
1000000,0.32,1.98087351905,0.217576877089,1
1000000,0.32,2.02629191797,0.224792822999,1
1000000,0.32,2.07275169128,0.23200876891,1
1000000,0.32,2.12027671611,0.23922471482,1
1000000,0.32,2.16889141705,0.24644066073,1
1000000,0.32,2.21862077869,0.25365660664,1
1000000,0.32,2.26949035851,0.26087255255,1
1000000,0.32,2.32152629995,0.268088498461,1
1000000,0.32,2.37475534592,0.275304444371,1
1000000,0.32,2.42920485246,0.282520390281,1
1000000,0.32,2.48490280288,0.289736336191,1
1000000,0.32,2.54187782209,0.296952282101,0
1000000,0.32,2.6001591913,0.304168228012,0
1000000,0.32,2.65977686314,0.311384173922,0
1000000,0.32,2.72076147697,0.318600119832,0
1000000,0.32,2.78314437469,0.325816065742,0
1000000,0.32,2.8469576168,0.333032011652,0
1000000,0.32,2.91223399892,0.340247957563,0
1000000,0.32,2.9790070686,0.347463903473,0
1000000,0.32,3.0473111426,0.354679849383,0
1000000,0.32,3.11718132451,0.361895795293,0
1000000,0.32,3.18865352278,0.369111741203,0
1000000,0.32,3.2617644692,0.376327687114,0
1000000,0.32,3.33655173776,0.383543633024,0
1000000,0.32,3.41305376396,0.390759578934,0
1000000,0.32,3.49130986456,0.397975524844,0
1000000,0.32,3.57136025782,0.405191470754,0
1000000,0.32,3.65324608411,0.412407416665,0
1000000,0.32,3.7370094271,0.419623362575,0
1000000,0.32,3.82269333539,0.426839308485,0
1000000,0.32,3.91034184459,0.434055254395,0
1000000,0.32,4,0.441271200305,0
1000000,0.34,1.05,0.0155303916037,1
1000000,0.34,1.07407489343,0.0227463375139,1
1000000,0.34,1.09870178733,0.0299622834241,1
1000000,0.34,1.12389333822,0.0371782293343,1
1000000,0.34,1.14966249284,0.0443941752444,1
1000000,0.34,1.17602249474,0.0516101211546,1
1000000,0.34,1.20298689115,0.0588260670648,1
1000000,0.34,1.23056953991,0.066042012975,1
1000000,0.34,1.2587846166,0.0732579588852,1
1000000,0.34,1.28764662184,0.0804739047954,1
1000000,0.34,1.31717038869,0.0876898507056,1
1000000,0.34,1.34737109034,0.0949057966158,1
1000000,0.34,1.37826424788,0.102121742526,1
1000000,0.34,1.40986573824,0.109337688436,1
1000000,0.34,1.44219180243,0.116553634346,1
1000000,0.34,1.47525905381,0.123769580257,1
1000000,0.34,1.50908448667,0.130985526167,1
1000000,0.34,1.54368548495,0.138201472077,1
1000000,0.34,1.57907983117,0.145417417987,1
1000000,0.34,1.6152857156,0.152633363897,1
1000000,0.34,1.65232174556,0.159849309808,1
1000000,0.34,1.69020695503,0.167065255718,1
1000000,0.34,1.72896081437,0.174281201628,1
1000000,0.34,1.76860324042,0.181497147538,1
1000000,0.34,1.80915460664,0.188713093448,1
1000000,0.34,1.85063575364,0.195929039359,1
1000000,0.34,1.89306799988,0.203144985269,1
1000000,0.34,1.93647315259,0.210360931179,1
1000000,0.34,1.98087351905,0.217576877089,1
1000000,0.34,2.02629191797,0.224792822999,1
1000000,0.34,2.07275169128,0.23200876891,1
1000000,0.34,2.12027671611,0.23922471482,1
1000000,0.34,2.16889141705,0.24644066073,1
1000000,0.34,2.21862077869,0.25365660664,1
1000000,0.34,2.26949035851,0.26087255255,1
1000000,0.34,2.32152629995,0.268088498461,1
1000000,0.34,2.37475534592,0.275304444371,1
1000000,0.34,2.42920485246,0.282520390281,1
1000000,0.34,2.48490280288,0.289736336191,1
1000000,0.34,2.54187782209,0.296952282101,1
1000000,0.34,2.6001591913,0.304168228012,1
1000000,0.34,2.65977686314,0.311384173922,1
1000000,0.34,2.72076147697,0.318600119832,0
1000000,0.34,2.78314437469,0.325816065742,0
1000000,0.34,2.8469576168,0.333032011652,0
1000000,0.34,2.91223399892,0.340247957563,0
1000000,0.34,2.9790070686,0.347463903473,0
1000000,0.34,3.0473111426,0.354679849383,0
1000000,0.34,3.11718132451,0.361895795293,0
1000000,0.34,3.18865352278,0.369111741203,0
1000000,0.34,3.2617644692,0.376327687114,0
1000000,0.34,3.33655173776,0.383543633024,0
1000000,0.34,3.41305376396,0.390759578934,0
1000000,0.34,3.49130986456,0.397975524844,0
1000000,0.34,3.57136025782,0.405191470754,0
1000000,0.34,3.65324608411,0.412407416665,0
1000000,0.34,3.7370094271,0.419623362575,0
1000000,0.34,3.82269333539,0.426839308485,0
1000000,0.34,3.91034184459,0.434055254395,0
1000000,0.34,4,0.441271200305,0
1000000,0.36,1.05,0.0155303916037,1
1000000,0.36,1.07407489343,0.0227463375139,1
1000000,0.36,1.09870178733,0.0299622834241,1
1000000,0.36,1.12389333822,0.0371782293343,1
1000000,0.36,1.14966249284,0.0443941752444,1
1000000,0.36,1.17602249474,0.0516101211546,1
1000000,0.36,1.20298689115,0.0588260670648,1
1000000,0.36,1.23056953991,0.066042012975,1
1000000,0.36,1.2587846166,0.0732579588852,1
1000000,0.36,1.28764662184,0.0804739047954,1
1000000,0.36,1.31717038869,0.0876898507056,1
1000000,0.36,1.34737109034,0.0949057966158,1
1000000,0.36,1.37826424788,0.102121742526,1
1000000,0.36,1.40986573824,0.109337688436,1
1000000,0.36,1.44219180243,0.116553634346,1
1000000,0.36,1.47525905381,0.123769580257,1
1000000,0.36,1.50908448667,0.130985526167,1
1000000,0.36,1.54368548495,0.138201472077,1
1000000,0.36,1.57907983117,0.145417417987,1
1000000,0.36,1.6152857156,0.152633363897,1
1000000,0.36,1.65232174556,0.159849309808,1
1000000,0.36,1.69020695503,0.167065255718,1
1000000,0.36,1.72896081437,0.174281201628,1
1000000,0.36,1.76860324042,0.181497147538,1
1000000,0.36,1.80915460664,0.188713093448,1
1000000,0.36,1.85063575364,0.195929039359,1
1000000,0.36,1.89306799988,0.203144985269,1
1000000,0.36,1.93647315259,0.210360931179,1
1000000,0.36,1.98087351905,0.217576877089,1
1000000,0.36,2.02629191797,0.224792822999,1
1000000,0.36,2.07275169128,0.23200876891,1
1000000,0.36,2.12027671611,0.23922471482,1
1000000,0.36,2.16889141705,0.24644066073,1
1000000,0.36,2.21862077869,0.25365660664,1
1000000,0.36,2.26949035851,0.26087255255,1
1000000,0.36,2.32152629995,0.268088498461,1
1000000,0.36,2.37475534592,0.275304444371,1
1000000,0.36,2.42920485246,0.282520390281,1
1000000,0.36,2.48490280288,0.289736336191,1
1000000,0.36,2.54187782209,0.296952282101,1
1000000,0.36,2.6001591913,0.304168228012,1
1000000,0.36,2.65977686314,0.311384173922,1
1000000,0.36,2.72076147697,0.318600119832,1
1000000,0.36,2.78314437469,0.325816065742,1
1000000,0.36,2.8469576168,0.333032011652,1
1000000,0.36,2.91223399892,0.340247957563,0
1000000,0.36,2.9790070686,0.347463903473,0
1000000,0.36,3.0473111426,0.354679849383,0
1000000,0.36,3.11718132451,0.361895795293,0
1000000,0.36,3.18865352278,0.369111741203,0
1000000,0.36,3.2617644692,0.376327687114,0
1000000,0.36,3.33655173776,0.383543633024,0
1000000,0.36,3.41305376396,0.390759578934,0
1000000,0.36,3.49130986456,0.397975524844,0
1000000,0.36,3.57136025782,0.405191470754,0
1000000,0.36,3.65324608411,0.412407416665,0
1000000,0.36,3.7370094271,0.419623362575,0
1000000,0.36,3.82269333539,0.426839308485,0
1000000,0.36,3.91034184459,0.434055254395,0
1000000,0.36,4,0.441271200305,0
1000000,0.38,1.05,0.0155303916037,1
1000000,0.38,1.07407489343,0.0227463375139,1
1000000,0.38,1.09870178733,0.0299622834241,1
1000000,0.38,1.12389333822,0.0371782293343,1
1000000,0.38,1.14966249284,0.0443941752444,1
1000000,0.38,1.17602249474,0.0516101211546,1
1000000,0.38,1.20298689115,0.0588260670648,1
1000000,0.38,1.23056953991,0.066042012975,1
1000000,0.38,1.2587846166,0.0732579588852,1
1000000,0.38,1.28764662184,0.0804739047954,1
1000000,0.38,1.31717038869,0.0876898507056,1
1000000,0.38,1.34737109034,0.0949057966158,1
1000000,0.38,1.37826424788,0.102121742526,1
1000000,0.38,1.40986573824,0.109337688436,1
1000000,0.38,1.44219180243,0.116553634346,1
1000000,0.38,1.47525905381,0.123769580257,1
1000000,0.38,1.50908448667,0.130985526167,1
1000000,0.38,1.54368548495,0.138201472077,1
1000000,0.38,1.57907983117,0.145417417987,1
1000000,0.38,1.6152857156,0.152633363897,1
1000000,0.38,1.65232174556,0.159849309808,1
1000000,0.38,1.69020695503,0.167065255718,1
1000000,0.38,1.72896081437,0.174281201628,1
1000000,0.38,1.76860324042,0.181497147538,1
1000000,0.38,1.80915460664,0.188713093448,1
1000000,0.38,1.85063575364,0.195929039359,1
1000000,0.38,1.89306799988,0.203144985269,1
1000000,0.38,1.93647315259,0.210360931179,1
1000000,0.38,1.98087351905,0.217576877089,1
1000000,0.38,2.02629191797,0.224792822999,1
1000000,0.38,2.07275169128,0.23200876891,1
1000000,0.38,2.12027671611,0.23922471482,1
1000000,0.38,2.16889141705,0.24644066073,1
1000000,0.38,2.21862077869,0.25365660664,1
1000000,0.38,2.26949035851,0.26087255255,1
1000000,0.38,2.32152629995,0.268088498461,1
1000000,0.38,2.37475534592,0.275304444371,1
1000000,0.38,2.42920485246,0.282520390281,1
1000000,0.38,2.48490280288,0.289736336191,1
1000000,0.38,2.54187782209,0.296952282101,1
1000000,0.38,2.6001591913,0.304168228012,1
1000000,0.38,2.65977686314,0.311384173922,1
1000000,0.38,2.72076147697,0.318600119832,1
1000000,0.38,2.78314437469,0.325816065742,1
1000000,0.38,2.8469576168,0.333032011652,1
1000000,0.38,2.91223399892,0.340247957563,1
1000000,0.38,2.9790070686,0.347463903473,1
1000000,0.38,3.0473111426,0.354679849383,0
1000000,0.38,3.11718132451,0.361895795293,0
1000000,0.38,3.18865352278,0.369111741203,0
1000000,0.38,3.2617644692,0.376327687114,0
1000000,0.38,3.33655173776,0.383543633024,0
1000000,0.38,3.41305376396,0.390759578934,0
1000000,0.38,3.49130986456,0.397975524844,0
1000000,0.38,3.57136025782,0.405191470754,0
1000000,0.38,3.65324608411,0.412407416665,0
1000000,0.38,3.7370094271,0.419623362575,0
1000000,0.38,3.82269333539,0.426839308485,0
1000000,0.38,3.91034184459,0.434055254395,0
1000000,0.38,4,0.441271200305,0
1000000,0.4,1.05,0.0155303916037,1
1000000,0.4,1.07407489343,0.0227463375139,1
1000000,0.4,1.09870178733,0.0299622834241,1
1000000,0.4,1.12389333822,0.0371782293343,1
1000000,0.4,1.14966249284,0.0443941752444,1
1000000,0.4,1.17602249474,0.0516101211546,1
1000000,0.4,1.20298689115,0.0588260670648,1
1000000,0.4,1.23056953991,0.066042012975,1
1000000,0.4,1.2587846166,0.0732579588852,1
1000000,0.4,1.28764662184,0.0804739047954,1
1000000,0.4,1.31717038869,0.0876898507056,1
1000000,0.4,1.34737109034,0.0949057966158,1
1000000,0.4,1.37826424788,0.102121742526,1
1000000,0.4,1.40986573824,0.109337688436,1
1000000,0.4,1.44219180243,0.116553634346,1
1000000,0.4,1.47525905381,0.123769580257,1
1000000,0.4,1.50908448667,0.130985526167,1
1000000,0.4,1.54368548495,0.138201472077,1
1000000,0.4,1.57907983117,0.145417417987,1
1000000,0.4,1.6152857156,0.152633363897,1
1000000,0.4,1.65232174556,0.159849309808,1
1000000,0.4,1.69020695503,0.167065255718,1
1000000,0.4,1.72896081437,0.174281201628,1
1000000,0.4,1.76860324042,0.181497147538,1
1000000,0.4,1.80915460664,0.188713093448,1
1000000,0.4,1.85063575364,0.195929039359,1
1000000,0.4,1.89306799988,0.203144985269,1
1000000,0.4,1.93647315259,0.210360931179,1
1000000,0.4,1.98087351905,0.217576877089,1
1000000,0.4,2.02629191797,0.224792822999,1
1000000,0.4,2.07275169128,0.23200876891,1
1000000,0.4,2.12027671611,0.23922471482,1
1000000,0.4,2.16889141705,0.24644066073,1
1000000,0.4,2.21862077869,0.25365660664,1
1000000,0.4,2.26949035851,0.26087255255,1
1000000,0.4,2.32152629995,0.268088498461,1
1000000,0.4,2.37475534592,0.275304444371,1
1000000,0.4,2.42920485246,0.282520390281,1
1000000,0.4,2.48490280288,0.289736336191,1
1000000,0.4,2.54187782209,0.296952282101,1
1000000,0.4,2.6001591913,0.304168228012,1
1000000,0.4,2.65977686314,0.311384173922,1
1000000,0.4,2.72076147697,0.318600119832,1
1000000,0.4,2.78314437469,0.325816065742,1
1000000,0.4,2.8469576168,0.333032011652,1
1000000,0.4,2.91223399892,0.340247957563,1
1000000,0.4,2.9790070686,0.347463903473,1
1000000,0.4,3.0473111426,0.354679849383,1
1000000,0.4,3.11718132451,0.361895795293,1
1000000,0.4,3.18865352278,0.369111741203,0
1000000,0.4,3.2617644692,0.376327687114,0
1000000,0.4,3.33655173776,0.383543633024,0
1000000,0.4,3.41305376396,0.390759578934,0
1000000,0.4,3.49130986456,0.397975524844,0
1000000,0.4,3.57136025782,0.405191470754,0
1000000,0.4,3.65324608411,0.412407416665,0
1000000,0.4,3.7370094271,0.419623362575,0
1000000,0.4,3.82269333539,0.426839308485,0
1000000,0.4,3.91034184459,0.434055254395,0
1000000,0.4,4,0.441271200305,0
1000000,0.42,1.05,0.0155303916037,1
1000000,0.42,1.07407489343,0.0227463375139,1
1000000,0.42,1.09870178733,0.0299622834241,1
1000000,0.42,1.12389333822,0.0371782293343,1
1000000,0.42,1.14966249284,0.0443941752444,1
1000000,0.42,1.17602249474,0.0516101211546,1
1000000,0.42,1.20298689115,0.0588260670648,1
1000000,0.42,1.23056953991,0.066042012975,1
1000000,0.42,1.2587846166,0.0732579588852,1
1000000,0.42,1.28764662184,0.0804739047954,1
1000000,0.42,1.31717038869,0.0876898507056,1
1000000,0.42,1.34737109034,0.0949057966158,1
1000000,0.42,1.37826424788,0.102121742526,1
1000000,0.42,1.40986573824,0.109337688436,1
1000000,0.42,1.44219180243,0.116553634346,1
1000000,0.42,1.47525905381,0.123769580257,1
1000000,0.42,1.50908448667,0.130985526167,1
1000000,0.42,1.54368548495,0.138201472077,1
1000000,0.42,1.57907983117,0.145417417987,1
1000000,0.42,1.6152857156,0.152633363897,1
1000000,0.42,1.65232174556,0.159849309808,1
1000000,0.42,1.69020695503,0.167065255718,1
1000000,0.42,1.72896081437,0.174281201628,1
1000000,0.42,1.76860324042,0.181497147538,1
1000000,0.42,1.80915460664,0.188713093448,1
1000000,0.42,1.85063575364,0.195929039359,1
1000000,0.42,1.89306799988,0.203144985269,1
1000000,0.42,1.93647315259,0.210360931179,1
1000000,0.42,1.98087351905,0.217576877089,1
1000000,0.42,2.02629191797,0.224792822999,1
1000000,0.42,2.07275169128,0.23200876891,1
1000000,0.42,2.12027671611,0.23922471482,1
1000000,0.42,2.16889141705,0.24644066073,1
1000000,0.42,2.21862077869,0.25365660664,1
1000000,0.42,2.26949035851,0.26087255255,1
1000000,0.42,2.32152629995,0.268088498461,1
1000000,0.42,2.37475534592,0.275304444371,1
1000000,0.42,2.42920485246,0.282520390281,1
1000000,0.42,2.48490280288,0.289736336191,1
1000000,0.42,2.54187782209,0.296952282101,1
1000000,0.42,2.6001591913,0.304168228012,1
1000000,0.42,2.65977686314,0.311384173922,1
1000000,0.42,2.72076147697,0.318600119832,1
1000000,0.42,2.78314437469,0.325816065742,1
1000000,0.42,2.8469576168,0.333032011652,1
1000000,0.42,2.91223399892,0.340247957563,1
1000000,0.42,2.9790070686,0.347463903473,1
1000000,0.42,3.0473111426,0.354679849383,1
1000000,0.42,3.11718132451,0.361895795293,1
1000000,0.42,3.18865352278,0.369111741203,1
1000000,0.42,3.2617644692,0.376327687114,1
1000000,0.42,3.33655173776,0.383543633024,1
1000000,0.42,3.41305376396,0.390759578934,0
1000000,0.42,3.49130986456,0.397975524844,0
1000000,0.42,3.57136025782,0.405191470754,0
1000000,0.42,3.65324608411,0.412407416665,0
1000000,0.42,3.7370094271,0.419623362575,0
1000000,0.42,3.82269333539,0.426839308485,0
1000000,0.42,3.91034184459,0.434055254395,0
1000000,0.42,4,0.441271200305,0
1000000,0.44,1.05,0.0155303916037,1
1000000,0.44,1.07407489343,0.0227463375139,1
1000000,0.44,1.09870178733,0.0299622834241,1
1000000,0.44,1.12389333822,0.0371782293343,1
1000000,0.44,1.14966249284,0.0443941752444,1
1000000,0.44,1.17602249474,0.0516101211546,1
1000000,0.44,1.20298689115,0.0588260670648,1
1000000,0.44,1.23056953991,0.066042012975,1
1000000,0.44,1.2587846166,0.0732579588852,1
1000000,0.44,1.28764662184,0.0804739047954,1
1000000,0.44,1.31717038869,0.0876898507056,1
1000000,0.44,1.34737109034,0.0949057966158,1
1000000,0.44,1.37826424788,0.102121742526,1
1000000,0.44,1.40986573824,0.109337688436,1
1000000,0.44,1.44219180243,0.116553634346,1
1000000,0.44,1.47525905381,0.123769580257,1
1000000,0.44,1.50908448667,0.130985526167,1
1000000,0.44,1.54368548495,0.138201472077,1
1000000,0.44,1.57907983117,0.145417417987,1
1000000,0.44,1.6152857156,0.152633363897,1
1000000,0.44,1.65232174556,0.159849309808,1
1000000,0.44,1.69020695503,0.167065255718,1
1000000,0.44,1.72896081437,0.174281201628,1
1000000,0.44,1.76860324042,0.181497147538,1
1000000,0.44,1.80915460664,0.188713093448,1
1000000,0.44,1.85063575364,0.195929039359,1
1000000,0.44,1.89306799988,0.203144985269,1
1000000,0.44,1.93647315259,0.210360931179,1
1000000,0.44,1.98087351905,0.217576877089,1
1000000,0.44,2.02629191797,0.224792822999,1
1000000,0.44,2.07275169128,0.23200876891,1
1000000,0.44,2.12027671611,0.23922471482,1
1000000,0.44,2.16889141705,0.24644066073,1
1000000,0.44,2.21862077869,0.25365660664,1
1000000,0.44,2.26949035851,0.26087255255,1
1000000,0.44,2.32152629995,0.268088498461,1
1000000,0.44,2.37475534592,0.275304444371,1
1000000,0.44,2.42920485246,0.282520390281,1
1000000,0.44,2.48490280288,0.289736336191,1
1000000,0.44,2.54187782209,0.296952282101,1
1000000,0.44,2.6001591913,0.304168228012,1
1000000,0.44,2.65977686314,0.311384173922,1
1000000,0.44,2.72076147697,0.318600119832,1
1000000,0.44,2.78314437469,0.325816065742,1
1000000,0.44,2.8469576168,0.333032011652,1
1000000,0.44,2.91223399892,0.340247957563,1
1000000,0.44,2.9790070686,0.347463903473,1
1000000,0.44,3.0473111426,0.354679849383,1
1000000,0.44,3.11718132451,0.361895795293,1
1000000,0.44,3.18865352278,0.369111741203,1
1000000,0.44,3.2617644692,0.376327687114,1
1000000,0.44,3.33655173776,0.383543633024,1
1000000,0.44,3.41305376396,0.390759578934,1
1000000,0.44,3.49130986456,0.397975524844,1
1000000,0.44,3.57136025782,0.405191470754,0
1000000,0.44,3.65324608411,0.412407416665,0
1000000,0.44,3.7370094271,0.419623362575,0
1000000,0.44,3.82269333539,0.426839308485,0
1000000,0.44,3.91034184459,0.434055254395,0
1000000,0.44,4,0.441271200305,0
1000000,0.46,1.05,0.0155303916037,1
1000000,0.46,1.07407489343,0.0227463375139,1
1000000,0.46,1.09870178733,0.0299622834241,1
1000000,0.46,1.12389333822,0.0371782293343,1
1000000,0.46,1.14966249284,0.0443941752444,1
1000000,0.46,1.17602249474,0.0516101211546,1
1000000,0.46,1.20298689115,0.0588260670648,1
1000000,0.46,1.23056953991,0.066042012975,1
1000000,0.46,1.2587846166,0.0732579588852,1
1000000,0.46,1.28764662184,0.0804739047954,1
1000000,0.46,1.31717038869,0.0876898507056,1
1000000,0.46,1.34737109034,0.0949057966158,1
1000000,0.46,1.37826424788,0.102121742526,1
1000000,0.46,1.40986573824,0.109337688436,1
1000000,0.46,1.44219180243,0.116553634346,1
1000000,0.46,1.47525905381,0.123769580257,1
1000000,0.46,1.50908448667,0.130985526167,1
1000000,0.46,1.54368548495,0.138201472077,1
1000000,0.46,1.57907983117,0.145417417987,1
1000000,0.46,1.6152857156,0.152633363897,1
1000000,0.46,1.65232174556,0.159849309808,1
1000000,0.46,1.69020695503,0.167065255718,1
1000000,0.46,1.72896081437,0.174281201628,1
1000000,0.46,1.76860324042,0.181497147538,1
1000000,0.46,1.80915460664,0.188713093448,1
1000000,0.46,1.85063575364,0.195929039359,1
1000000,0.46,1.89306799988,0.203144985269,1
1000000,0.46,1.93647315259,0.210360931179,1
1000000,0.46,1.98087351905,0.217576877089,1
1000000,0.46,2.02629191797,0.224792822999,1
1000000,0.46,2.07275169128,0.23200876891,1
1000000,0.46,2.12027671611,0.23922471482,1
1000000,0.46,2.16889141705,0.24644066073,1
1000000,0.46,2.21862077869,0.25365660664,1
1000000,0.46,2.26949035851,0.26087255255,1
1000000,0.46,2.32152629995,0.268088498461,1
1000000,0.46,2.37475534592,0.275304444371,1
1000000,0.46,2.42920485246,0.282520390281,1
1000000,0.46,2.48490280288,0.289736336191,1
1000000,0.46,2.54187782209,0.296952282101,1
1000000,0.46,2.6001591913,0.304168228012,1
1000000,0.46,2.65977686314,0.311384173922,1
1000000,0.46,2.72076147697,0.318600119832,1
1000000,0.46,2.78314437469,0.325816065742,1
1000000,0.46,2.8469576168,0.333032011652,1
1000000,0.46,2.91223399892,0.340247957563,1
1000000,0.46,2.9790070686,0.347463903473,1
1000000,0.46,3.0473111426,0.354679849383,1
1000000,0.46,3.11718132451,0.361895795293,1
1000000,0.46,3.18865352278,0.369111741203,1
1000000,0.46,3.2617644692,0.376327687114,1
1000000,0.46,3.33655173776,0.383543633024,1
1000000,0.46,3.41305376396,0.390759578934,1
1000000,0.46,3.49130986456,0.397975524844,1
1000000,0.46,3.57136025782,0.405191470754,1
1000000,0.46,3.65324608411,0.412407416665,1
1000000,0.46,3.7370094271,0.419623362575,0
1000000,0.46,3.82269333539,0.426839308485,0
1000000,0.46,3.91034184459,0.434055254395,0
1000000,0.46,4,0.441271200305,0
1000000,0.48,1.05,0.0155303916037,1
1000000,0.48,1.07407489343,0.0227463375139,1
1000000,0.48,1.09870178733,0.0299622834241,1
1000000,0.48,1.12389333822,0.0371782293343,1
1000000,0.48,1.14966249284,0.0443941752444,1
1000000,0.48,1.17602249474,0.0516101211546,1
1000000,0.48,1.20298689115,0.0588260670648,1
1000000,0.48,1.23056953991,0.066042012975,1
1000000,0.48,1.2587846166,0.0732579588852,1
1000000,0.48,1.28764662184,0.0804739047954,1
1000000,0.48,1.31717038869,0.0876898507056,1
1000000,0.48,1.34737109034,0.0949057966158,1
1000000,0.48,1.37826424788,0.102121742526,1
1000000,0.48,1.40986573824,0.109337688436,1
1000000,0.48,1.44219180243,0.116553634346,1
1000000,0.48,1.47525905381,0.123769580257,1
1000000,0.48,1.50908448667,0.130985526167,1
1000000,0.48,1.54368548495,0.138201472077,1
1000000,0.48,1.57907983117,0.145417417987,1
1000000,0.48,1.6152857156,0.152633363897,1
1000000,0.48,1.65232174556,0.159849309808,1
1000000,0.48,1.69020695503,0.167065255718,1
1000000,0.48,1.72896081437,0.174281201628,1
1000000,0.48,1.76860324042,0.181497147538,1
1000000,0.48,1.80915460664,0.188713093448,1
1000000,0.48,1.85063575364,0.195929039359,1
1000000,0.48,1.89306799988,0.203144985269,1
1000000,0.48,1.93647315259,0.210360931179,1
1000000,0.48,1.98087351905,0.217576877089,1
1000000,0.48,2.02629191797,0.224792822999,1
1000000,0.48,2.07275169128,0.23200876891,1
1000000,0.48,2.12027671611,0.23922471482,1
1000000,0.48,2.16889141705,0.24644066073,1
1000000,0.48,2.21862077869,0.25365660664,1
1000000,0.48,2.26949035851,0.26087255255,1
1000000,0.48,2.32152629995,0.268088498461,1
1000000,0.48,2.37475534592,0.275304444371,1
1000000,0.48,2.42920485246,0.282520390281,1
1000000,0.48,2.48490280288,0.289736336191,1
1000000,0.48,2.54187782209,0.296952282101,1
1000000,0.48,2.6001591913,0.304168228012,1
1000000,0.48,2.65977686314,0.311384173922,1
1000000,0.48,2.72076147697,0.318600119832,1
1000000,0.48,2.78314437469,0.325816065742,1
1000000,0.48,2.8469576168,0.333032011652,1
1000000,0.48,2.91223399892,0.340247957563,1
1000000,0.48,2.9790070686,0.347463903473,1
1000000,0.48,3.0473111426,0.354679849383,1
1000000,0.48,3.11718132451,0.361895795293,1
1000000,0.48,3.18865352278,0.369111741203,1
1000000,0.48,3.2617644692,0.376327687114,1
1000000,0.48,3.33655173776,0.383543633024,1
1000000,0.48,3.41305376396,0.390759578934,1
1000000,0.48,3.49130986456,0.397975524844,1
1000000,0.48,3.57136025782,0.405191470754,1
1000000,0.48,3.65324608411,0.412407416665,1
1000000,0.48,3.7370094271,0.419623362575,1
1000000,0.48,3.82269333539,0.426839308485,1
1000000,0.48,3.91034184459,0.434055254395,0
1000000,0.48,4,0.441271200305,0
1000000,0.5,1.05,0.0155303916037,1
1000000,0.5,1.07407489343,0.0227463375139,1
1000000,0.5,1.09870178733,0.0299622834241,1
1000000,0.5,1.12389333822,0.0371782293343,1
1000000,0.5,1.14966249284,0.0443941752444,1
1000000,0.5,1.17602249474,0.0516101211546,1
1000000,0.5,1.20298689115,0.0588260670648,1
1000000,0.5,1.23056953991,0.066042012975,1
1000000,0.5,1.2587846166,0.0732579588852,1
1000000,0.5,1.28764662184,0.0804739047954,1
1000000,0.5,1.31717038869,0.0876898507056,1
1000000,0.5,1.34737109034,0.0949057966158,1
1000000,0.5,1.37826424788,0.102121742526,1
1000000,0.5,1.40986573824,0.109337688436,1
1000000,0.5,1.44219180243,0.116553634346,1
1000000,0.5,1.47525905381,0.123769580257,1
1000000,0.5,1.50908448667,0.130985526167,1
1000000,0.5,1.54368548495,0.138201472077,1
1000000,0.5,1.57907983117,0.145417417987,1
1000000,0.5,1.6152857156,0.152633363897,1
1000000,0.5,1.65232174556,0.159849309808,1
1000000,0.5,1.69020695503,0.167065255718,1
1000000,0.5,1.72896081437,0.174281201628,1
1000000,0.5,1.76860324042,0.181497147538,1
1000000,0.5,1.80915460664,0.188713093448,1
1000000,0.5,1.85063575364,0.195929039359,1
1000000,0.5,1.89306799988,0.203144985269,1
1000000,0.5,1.93647315259,0.210360931179,1
1000000,0.5,1.98087351905,0.217576877089,1
1000000,0.5,2.02629191797,0.224792822999,1
1000000,0.5,2.07275169128,0.23200876891,1
1000000,0.5,2.12027671611,0.23922471482,1
1000000,0.5,2.16889141705,0.24644066073,1
1000000,0.5,2.21862077869,0.25365660664,1
1000000,0.5,2.26949035851,0.26087255255,1
1000000,0.5,2.32152629995,0.268088498461,1
1000000,0.5,2.37475534592,0.275304444371,1
1000000,0.5,2.42920485246,0.282520390281,1
1000000,0.5,2.48490280288,0.289736336191,1
1000000,0.5,2.54187782209,0.296952282101,1
1000000,0.5,2.6001591913,0.304168228012,1
1000000,0.5,2.65977686314,0.311384173922,1
1000000,0.5,2.72076147697,0.318600119832,1
1000000,0.5,2.78314437469,0.325816065742,1
1000000,0.5,2.8469576168,0.333032011652,1
1000000,0.5,2.91223399892,0.340247957563,1
1000000,0.5,2.9790070686,0.347463903473,1
1000000,0.5,3.0473111426,0.354679849383,1
1000000,0.5,3.11718132451,0.361895795293,1
1000000,0.5,3.18865352278,0.369111741203,1
1000000,0.5,3.2617644692,0.376327687114,1
1000000,0.5,3.33655173776,0.383543633024,1
1000000,0.5,3.41305376396,0.390759578934,1
1000000,0.5,3.49130986456,0.397975524844,1
1000000,0.5,3.57136025782,0.405191470754,1
1000000,0.5,3.65324608411,0.412407416665,1
1000000,0.5,3.7370094271,0.419623362575,1
1000000,0.5,3.82269333539,0.426839308485,1
1000000,0.5,3.91034184459,0.434055254395,1
1000000,0.5,4,0.441271200305,1
1000000,0.52,1.05,0.0155303916037,1
1000000,0.52,1.07407489343,0.0227463375139,1
1000000,0.52,1.09870178733,0.0299622834241,1
1000000,0.52,1.12389333822,0.0371782293343,1
1000000,0.52,1.14966249284,0.0443941752444,1
1000000,0.52,1.17602249474,0.0516101211546,1
1000000,0.52,1.20298689115,0.0588260670648,1
1000000,0.52,1.23056953991,0.066042012975,1
1000000,0.52,1.2587846166,0.0732579588852,1
1000000,0.52,1.28764662184,0.0804739047954,1
1000000,0.52,1.31717038869,0.0876898507056,1
1000000,0.52,1.34737109034,0.0949057966158,1
1000000,0.52,1.37826424788,0.102121742526,1
1000000,0.52,1.40986573824,0.109337688436,1
1000000,0.52,1.44219180243,0.116553634346,1
1000000,0.52,1.47525905381,0.123769580257,1
1000000,0.52,1.50908448667,0.130985526167,1
1000000,0.52,1.54368548495,0.138201472077,1
1000000,0.52,1.57907983117,0.145417417987,1
1000000,0.52,1.6152857156,0.152633363897,1
1000000,0.52,1.65232174556,0.159849309808,1
1000000,0.52,1.69020695503,0.167065255718,1
1000000,0.52,1.72896081437,0.174281201628,1
1000000,0.52,1.76860324042,0.181497147538,1
1000000,0.52,1.80915460664,0.188713093448,1
1000000,0.52,1.85063575364,0.195929039359,1
1000000,0.52,1.89306799988,0.203144985269,1
1000000,0.52,1.93647315259,0.210360931179,1
1000000,0.52,1.98087351905,0.217576877089,1
1000000,0.52,2.02629191797,0.224792822999,1
1000000,0.52,2.07275169128,0.23200876891,1
1000000,0.52,2.12027671611,0.23922471482,1
1000000,0.52,2.16889141705,0.24644066073,1
1000000,0.52,2.21862077869,0.25365660664,1
1000000,0.52,2.26949035851,0.26087255255,1
1000000,0.52,2.32152629995,0.268088498461,1
1000000,0.52,2.37475534592,0.275304444371,1
1000000,0.52,2.42920485246,0.282520390281,1
1000000,0.52,2.48490280288,0.289736336191,1
1000000,0.52,2.54187782209,0.296952282101,1
1000000,0.52,2.6001591913,0.304168228012,1
1000000,0.52,2.65977686314,0.311384173922,1
1000000,0.52,2.72076147697,0.318600119832,1
1000000,0.52,2.78314437469,0.325816065742,1
1000000,0.52,2.8469576168,0.333032011652,1
1000000,0.52,2.91223399892,0.340247957563,1
1000000,0.52,2.9790070686,0.347463903473,1
1000000,0.52,3.0473111426,0.354679849383,1
1000000,0.52,3.11718132451,0.361895795293,1
1000000,0.52,3.18865352278,0.369111741203,1
1000000,0.52,3.2617644692,0.376327687114,1
1000000,0.52,3.33655173776,0.383543633024,1
1000000,0.52,3.41305376396,0.390759578934,1
1000000,0.52,3.49130986456,0.397975524844,1
1000000,0.52,3.57136025782,0.405191470754,1
1000000,0.52,3.65324608411,0.412407416665,1
1000000,0.52,3.7370094271,0.419623362575,1
1000000,0.52,3.82269333539,0.426839308485,1
1000000,0.52,3.91034184459,0.434055254395,1
1000000,0.52,4,0.441271200305,1
1000000,0.54,1.05,0.0155303916037,1
1000000,0.54,1.07407489343,0.0227463375139,1
1000000,0.54,1.09870178733,0.0299622834241,1
1000000,0.54,1.12389333822,0.0371782293343,1
1000000,0.54,1.14966249284,0.0443941752444,1
1000000,0.54,1.17602249474,0.0516101211546,1
1000000,0.54,1.20298689115,0.0588260670648,1
1000000,0.54,1.23056953991,0.066042012975,1
1000000,0.54,1.2587846166,0.0732579588852,1
1000000,0.54,1.28764662184,0.0804739047954,1
1000000,0.54,1.31717038869,0.0876898507056,1
1000000,0.54,1.34737109034,0.0949057966158,1
1000000,0.54,1.37826424788,0.102121742526,1
1000000,0.54,1.40986573824,0.109337688436,1
1000000,0.54,1.44219180243,0.116553634346,1
1000000,0.54,1.47525905381,0.123769580257,1
1000000,0.54,1.50908448667,0.130985526167,1
1000000,0.54,1.54368548495,0.138201472077,1
1000000,0.54,1.57907983117,0.145417417987,1
1000000,0.54,1.6152857156,0.152633363897,1
1000000,0.54,1.65232174556,0.159849309808,1
1000000,0.54,1.69020695503,0.167065255718,1
1000000,0.54,1.72896081437,0.174281201628,1
1000000,0.54,1.76860324042,0.181497147538,1
1000000,0.54,1.80915460664,0.188713093448,1
1000000,0.54,1.85063575364,0.195929039359,1
1000000,0.54,1.89306799988,0.203144985269,1
1000000,0.54,1.93647315259,0.210360931179,1
1000000,0.54,1.98087351905,0.217576877089,1
1000000,0.54,2.02629191797,0.224792822999,1
1000000,0.54,2.07275169128,0.23200876891,1
1000000,0.54,2.12027671611,0.23922471482,1
1000000,0.54,2.16889141705,0.24644066073,1
1000000,0.54,2.21862077869,0.25365660664,1
1000000,0.54,2.26949035851,0.26087255255,1
1000000,0.54,2.32152629995,0.268088498461,1
1000000,0.54,2.37475534592,0.275304444371,1
1000000,0.54,2.42920485246,0.282520390281,1
1000000,0.54,2.48490280288,0.289736336191,1
1000000,0.54,2.54187782209,0.296952282101,1
1000000,0.54,2.6001591913,0.304168228012,1
1000000,0.54,2.65977686314,0.311384173922,1
1000000,0.54,2.72076147697,0.318600119832,1
1000000,0.54,2.78314437469,0.325816065742,1
1000000,0.54,2.8469576168,0.333032011652,1
1000000,0.54,2.91223399892,0.340247957563,1
1000000,0.54,2.9790070686,0.347463903473,1
1000000,0.54,3.0473111426,0.354679849383,1
1000000,0.54,3.11718132451,0.361895795293,1
1000000,0.54,3.18865352278,0.369111741203,1
1000000,0.54,3.2617644692,0.376327687114,1
1000000,0.54,3.33655173776,0.383543633024,1
1000000,0.54,3.41305376396,0.390759578934,1
1000000,0.54,3.49130986456,0.397975524844,1
1000000,0.54,3.57136025782,0.405191470754,1
1000000,0.54,3.65324608411,0.412407416665,1
1000000,0.54,3.7370094271,0.419623362575,1
1000000,0.54,3.82269333539,0.426839308485,1
1000000,0.54,3.91034184459,0.434055254395,1
1000000,0.54,4,0.441271200305,1
1000000,0.56,1.05,0.0155303916037,1
1000000,0.56,1.07407489343,0.0227463375139,1
1000000,0.56,1.09870178733,0.0299622834241,1
1000000,0.56,1.12389333822,0.0371782293343,1
1000000,0.56,1.14966249284,0.0443941752444,1
1000000,0.56,1.17602249474,0.0516101211546,1
1000000,0.56,1.20298689115,0.0588260670648,1
1000000,0.56,1.23056953991,0.066042012975,1
1000000,0.56,1.2587846166,0.0732579588852,1
1000000,0.56,1.28764662184,0.0804739047954,1
1000000,0.56,1.31717038869,0.0876898507056,1
1000000,0.56,1.34737109034,0.0949057966158,1
1000000,0.56,1.37826424788,0.102121742526,1
1000000,0.56,1.40986573824,0.109337688436,1
1000000,0.56,1.44219180243,0.116553634346,1
1000000,0.56,1.47525905381,0.123769580257,1
1000000,0.56,1.50908448667,0.130985526167,1
1000000,0.56,1.54368548495,0.138201472077,1
1000000,0.56,1.57907983117,0.145417417987,1
1000000,0.56,1.6152857156,0.152633363897,1
1000000,0.56,1.65232174556,0.159849309808,1
1000000,0.56,1.69020695503,0.167065255718,1
1000000,0.56,1.72896081437,0.174281201628,1
1000000,0.56,1.76860324042,0.181497147538,1
1000000,0.56,1.80915460664,0.188713093448,1
1000000,0.56,1.85063575364,0.195929039359,1
1000000,0.56,1.89306799988,0.203144985269,1
1000000,0.56,1.93647315259,0.210360931179,1
1000000,0.56,1.98087351905,0.217576877089,1
1000000,0.56,2.02629191797,0.224792822999,1
1000000,0.56,2.07275169128,0.23200876891,1
1000000,0.56,2.12027671611,0.23922471482,1
1000000,0.56,2.16889141705,0.24644066073,1
1000000,0.56,2.21862077869,0.25365660664,1
1000000,0.56,2.26949035851,0.26087255255,1
1000000,0.56,2.32152629995,0.268088498461,1
1000000,0.56,2.37475534592,0.275304444371,1
1000000,0.56,2.42920485246,0.282520390281,1
1000000,0.56,2.48490280288,0.289736336191,1
1000000,0.56,2.54187782209,0.296952282101,1
1000000,0.56,2.6001591913,0.304168228012,1
1000000,0.56,2.65977686314,0.311384173922,1
1000000,0.56,2.72076147697,0.318600119832,1
1000000,0.56,2.78314437469,0.325816065742,1
1000000,0.56,2.8469576168,0.333032011652,1
1000000,0.56,2.91223399892,0.340247957563,1
1000000,0.56,2.9790070686,0.347463903473,1
1000000,0.56,3.0473111426,0.354679849383,1
1000000,0.56,3.11718132451,0.361895795293,1
1000000,0.56,3.18865352278,0.369111741203,1
1000000,0.56,3.2617644692,0.376327687114,1
1000000,0.56,3.33655173776,0.383543633024,1
1000000,0.56,3.41305376396,0.390759578934,1
1000000,0.56,3.49130986456,0.397975524844,1
1000000,0.56,3.57136025782,0.405191470754,1
1000000,0.56,3.65324608411,0.412407416665,1
1000000,0.56,3.7370094271,0.419623362575,1
1000000,0.56,3.82269333539,0.426839308485,1
1000000,0.56,3.91034184459,0.434055254395,1
1000000,0.56,4,0.441271200305,1
1000000,0.58,1.05,0.0155303916037,1
1000000,0.58,1.07407489343,0.0227463375139,1
1000000,0.58,1.09870178733,0.0299622834241,1
1000000,0.58,1.12389333822,0.0371782293343,1
1000000,0.58,1.14966249284,0.0443941752444,1
1000000,0.58,1.17602249474,0.0516101211546,1
1000000,0.58,1.20298689115,0.0588260670648,1
1000000,0.58,1.23056953991,0.066042012975,1
1000000,0.58,1.2587846166,0.0732579588852,1
1000000,0.58,1.28764662184,0.0804739047954,1
1000000,0.58,1.31717038869,0.0876898507056,1
1000000,0.58,1.34737109034,0.0949057966158,1
1000000,0.58,1.37826424788,0.102121742526,1
1000000,0.58,1.40986573824,0.109337688436,1
1000000,0.58,1.44219180243,0.116553634346,1
1000000,0.58,1.47525905381,0.123769580257,1
1000000,0.58,1.50908448667,0.130985526167,1
1000000,0.58,1.54368548495,0.138201472077,1
1000000,0.58,1.57907983117,0.145417417987,1
1000000,0.58,1.6152857156,0.152633363897,1
1000000,0.58,1.65232174556,0.159849309808,1
1000000,0.58,1.69020695503,0.167065255718,1
1000000,0.58,1.72896081437,0.174281201628,1
1000000,0.58,1.76860324042,0.181497147538,1
1000000,0.58,1.80915460664,0.188713093448,1
1000000,0.58,1.85063575364,0.195929039359,1
1000000,0.58,1.89306799988,0.203144985269,1
1000000,0.58,1.93647315259,0.210360931179,1
1000000,0.58,1.98087351905,0.217576877089,1
1000000,0.58,2.02629191797,0.224792822999,1
1000000,0.58,2.07275169128,0.23200876891,1
1000000,0.58,2.12027671611,0.23922471482,1
1000000,0.58,2.16889141705,0.24644066073,1
1000000,0.58,2.21862077869,0.25365660664,1
1000000,0.58,2.26949035851,0.26087255255,1
1000000,0.58,2.32152629995,0.268088498461,1
1000000,0.58,2.37475534592,0.275304444371,1
1000000,0.58,2.42920485246,0.282520390281,1
1000000,0.58,2.48490280288,0.289736336191,1
1000000,0.58,2.54187782209,0.296952282101,1
1000000,0.58,2.6001591913,0.304168228012,1
1000000,0.58,2.65977686314,0.311384173922,1
1000000,0.58,2.72076147697,0.318600119832,1
1000000,0.58,2.78314437469,0.325816065742,1
1000000,0.58,2.8469576168,0.333032011652,1
1000000,0.58,2.91223399892,0.340247957563,1
1000000,0.58,2.9790070686,0.347463903473,1
1000000,0.58,3.0473111426,0.354679849383,1
1000000,0.58,3.11718132451,0.361895795293,1
1000000,0.58,3.18865352278,0.369111741203,1
1000000,0.58,3.2617644692,0.376327687114,1
1000000,0.58,3.33655173776,0.383543633024,1
1000000,0.58,3.41305376396,0.390759578934,1
1000000,0.58,3.49130986456,0.397975524844,1
1000000,0.58,3.57136025782,0.405191470754,1
1000000,0.58,3.65324608411,0.412407416665,1
1000000,0.58,3.7370094271,0.419623362575,1
1000000,0.58,3.82269333539,0.426839308485,1
1000000,0.58,3.91034184459,0.434055254395,1
1000000,0.58,4,0.441271200305,1
1000000,0.6,1.05,0.0155303916037,1
1000000,0.6,1.07407489343,0.0227463375139,1
1000000,0.6,1.09870178733,0.0299622834241,1
1000000,0.6,1.12389333822,0.0371782293343,1
1000000,0.6,1.14966249284,0.0443941752444,1
1000000,0.6,1.17602249474,0.0516101211546,1
1000000,0.6,1.20298689115,0.0588260670648,1
1000000,0.6,1.23056953991,0.066042012975,1
1000000,0.6,1.2587846166,0.0732579588852,1
1000000,0.6,1.28764662184,0.0804739047954,1
1000000,0.6,1.31717038869,0.0876898507056,1
1000000,0.6,1.34737109034,0.0949057966158,1
1000000,0.6,1.37826424788,0.102121742526,1
1000000,0.6,1.40986573824,0.109337688436,1
1000000,0.6,1.44219180243,0.116553634346,1
1000000,0.6,1.47525905381,0.123769580257,1
1000000,0.6,1.50908448667,0.130985526167,1
1000000,0.6,1.54368548495,0.138201472077,1
1000000,0.6,1.57907983117,0.145417417987,1
1000000,0.6,1.6152857156,0.152633363897,1
1000000,0.6,1.65232174556,0.159849309808,1
1000000,0.6,1.69020695503,0.167065255718,1
1000000,0.6,1.72896081437,0.174281201628,1
1000000,0.6,1.76860324042,0.181497147538,1
1000000,0.6,1.80915460664,0.188713093448,1
1000000,0.6,1.85063575364,0.195929039359,1
1000000,0.6,1.89306799988,0.203144985269,1
1000000,0.6,1.93647315259,0.210360931179,1
1000000,0.6,1.98087351905,0.217576877089,1
1000000,0.6,2.02629191797,0.224792822999,1
1000000,0.6,2.07275169128,0.23200876891,1
1000000,0.6,2.12027671611,0.23922471482,1
1000000,0.6,2.16889141705,0.24644066073,1
1000000,0.6,2.21862077869,0.25365660664,1
1000000,0.6,2.26949035851,0.26087255255,1
1000000,0.6,2.32152629995,0.268088498461,1
1000000,0.6,2.37475534592,0.275304444371,1
1000000,0.6,2.42920485246,0.282520390281,1
1000000,0.6,2.48490280288,0.289736336191,1
1000000,0.6,2.54187782209,0.296952282101,1
1000000,0.6,2.6001591913,0.304168228012,1
1000000,0.6,2.65977686314,0.311384173922,1
1000000,0.6,2.72076147697,0.318600119832,1
1000000,0.6,2.78314437469,0.325816065742,1
1000000,0.6,2.8469576168,0.333032011652,1
1000000,0.6,2.91223399892,0.340247957563,1
1000000,0.6,2.9790070686,0.347463903473,1
1000000,0.6,3.0473111426,0.354679849383,1
1000000,0.6,3.11718132451,0.361895795293,1
1000000,0.6,3.18865352278,0.369111741203,1
1000000,0.6,3.2617644692,0.376327687114,1
1000000,0.6,3.33655173776,0.383543633024,1
1000000,0.6,3.41305376396,0.390759578934,1
1000000,0.6,3.49130986456,0.397975524844,1
1000000,0.6,3.57136025782,0.405191470754,1
1000000,0.6,3.65324608411,0.412407416665,1
1000000,0.6,3.7370094271,0.419623362575,1
1000000,0.6,3.82269333539,0.426839308485,1
1000000,0.6,3.91034184459,0.434055254395,1
1000000,0.6,4,0.441271200305,1
3000000,0.02,1.05,0.0155303916037,0
3000000,0.02,1.07407489343,0.0227463375139,0
3000000,0.02,1.09870178733,0.0299622834241,0
3000000,0.02,1.12389333822,0.0371782293343,0
3000000,0.02,1.14966249284,0.0443941752444,0
3000000,0.02,1.17602249474,0.0516101211546,0
3000000,0.02,1.20298689115,0.0588260670648,0
3000000,0.02,1.23056953991,0.066042012975,0
3000000,0.02,1.2587846166,0.0732579588852,0
3000000,0.02,1.28764662184,0.0804739047954,0
3000000,0.02,1.31717038869,0.0876898507056,0
3000000,0.02,1.34737109034,0.0949057966158,0
3000000,0.02,1.37826424788,0.102121742526,0
3000000,0.02,1.40986573824,0.109337688436,0
3000000,0.02,1.44219180243,0.116553634346,0
3000000,0.02,1.47525905381,0.123769580257,0
3000000,0.02,1.50908448667,0.130985526167,0
3000000,0.02,1.54368548495,0.138201472077,0
3000000,0.02,1.57907983117,0.145417417987,0
3000000,0.02,1.6152857156,0.152633363897,0
3000000,0.02,1.65232174556,0.159849309808,0
3000000,0.02,1.69020695503,0.167065255718,0
3000000,0.02,1.72896081437,0.174281201628,0
3000000,0.02,1.76860324042,0.181497147538,0
3000000,0.02,1.80915460664,0.188713093448,0
3000000,0.02,1.85063575364,0.195929039359,0
3000000,0.02,1.89306799988,0.203144985269,0
3000000,0.02,1.93647315259,0.210360931179,0
3000000,0.02,1.98087351905,0.217576877089,0
3000000,0.02,2.02629191797,0.224792822999,0
3000000,0.02,2.07275169128,0.23200876891,0
3000000,0.02,2.12027671611,0.23922471482,0
3000000,0.02,2.16889141705,0.24644066073,0
3000000,0.02,2.21862077869,0.25365660664,0
3000000,0.02,2.26949035851,0.26087255255,0
3000000,0.02,2.32152629995,0.268088498461,0
3000000,0.02,2.37475534592,0.275304444371,0
3000000,0.02,2.42920485246,0.282520390281,0
3000000,0.02,2.48490280288,0.289736336191,0
3000000,0.02,2.54187782209,0.296952282101,0
3000000,0.02,2.6001591913,0.304168228012,0
3000000,0.02,2.65977686314,0.311384173922,0
3000000,0.02,2.72076147697,0.318600119832,0
3000000,0.02,2.78314437469,0.325816065742,0
3000000,0.02,2.8469576168,0.333032011652,0
3000000,0.02,2.91223399892,0.340247957563,0
3000000,0.02,2.9790070686,0.347463903473,0
3000000,0.02,3.0473111426,0.354679849383,0
3000000,0.02,3.11718132451,0.361895795293,0
3000000,0.02,3.18865352278,0.369111741203,0
3000000,0.02,3.2617644692,0.376327687114,0
3000000,0.02,3.33655173776,0.383543633024,0
3000000,0.02,3.41305376396,0.390759578934,0
3000000,0.02,3.49130986456,0.397975524844,0
3000000,0.02,3.57136025782,0.405191470754,0
3000000,0.02,3.65324608411,0.412407416665,0
3000000,0.02,3.7370094271,0.419623362575,0
3000000,0.02,3.82269333539,0.426839308485,0
3000000,0.02,3.91034184459,0.434055254395,0
3000000,0.02,4,0.441271200305,0
3000000,0.04,1.05,0.0155303916037,0
3000000,0.04,1.07407489343,0.0227463375139,0
3000000,0.04,1.09870178733,0.0299622834241,0
3000000,0.04,1.12389333822,0.0371782293343,0
3000000,0.04,1.14966249284,0.0443941752444,0
3000000,0.04,1.17602249474,0.0516101211546,0
3000000,0.04,1.20298689115,0.0588260670648,0
3000000,0.04,1.23056953991,0.066042012975,0
3000000,0.04,1.2587846166,0.0732579588852,0
3000000,0.04,1.28764662184,0.0804739047954,0
3000000,0.04,1.31717038869,0.0876898507056,0
3000000,0.04,1.34737109034,0.0949057966158,0
3000000,0.04,1.37826424788,0.102121742526,0
3000000,0.04,1.40986573824,0.109337688436,0
3000000,0.04,1.44219180243,0.116553634346,0
3000000,0.04,1.47525905381,0.123769580257,0
3000000,0.04,1.50908448667,0.130985526167,0
3000000,0.04,1.54368548495,0.138201472077,0
3000000,0.04,1.57907983117,0.145417417987,0
3000000,0.04,1.6152857156,0.152633363897,0
3000000,0.04,1.65232174556,0.159849309808,0
3000000,0.04,1.69020695503,0.167065255718,0
3000000,0.04,1.72896081437,0.174281201628,0
3000000,0.04,1.76860324042,0.181497147538,0
3000000,0.04,1.80915460664,0.188713093448,0
3000000,0.04,1.85063575364,0.195929039359,0
3000000,0.04,1.89306799988,0.203144985269,0
3000000,0.04,1.93647315259,0.210360931179,0
3000000,0.04,1.98087351905,0.217576877089,0
3000000,0.04,2.02629191797,0.224792822999,0
3000000,0.04,2.07275169128,0.23200876891,0
3000000,0.04,2.12027671611,0.23922471482,0
3000000,0.04,2.16889141705,0.24644066073,0
3000000,0.04,2.21862077869,0.25365660664,0
3000000,0.04,2.26949035851,0.26087255255,0
3000000,0.04,2.32152629995,0.268088498461,0
3000000,0.04,2.37475534592,0.275304444371,0
3000000,0.04,2.42920485246,0.282520390281,0
3000000,0.04,2.48490280288,0.289736336191,0
3000000,0.04,2.54187782209,0.296952282101,0
3000000,0.04,2.6001591913,0.304168228012,0
3000000,0.04,2.65977686314,0.311384173922,0
3000000,0.04,2.72076147697,0.318600119832,0
3000000,0.04,2.78314437469,0.325816065742,0
3000000,0.04,2.8469576168,0.333032011652,0
3000000,0.04,2.91223399892,0.340247957563,0
3000000,0.04,2.9790070686,0.347463903473,0
3000000,0.04,3.0473111426,0.354679849383,0
3000000,0.04,3.11718132451,0.361895795293,0
3000000,0.04,3.18865352278,0.369111741203,0
3000000,0.04,3.2617644692,0.376327687114,0
3000000,0.04,3.33655173776,0.383543633024,0
3000000,0.04,3.41305376396,0.390759578934,0
3000000,0.04,3.49130986456,0.397975524844,0
3000000,0.04,3.57136025782,0.405191470754,0
3000000,0.04,3.65324608411,0.412407416665,0
3000000,0.04,3.7370094271,0.419623362575,0
3000000,0.04,3.82269333539,0.426839308485,0
3000000,0.04,3.91034184459,0.434055254395,0
3000000,0.04,4,0.441271200305,0
3000000,0.06,1.05,0.0155303916037,0
3000000,0.06,1.07407489343,0.0227463375139,0
3000000,0.06,1.09870178733,0.0299622834241,0
3000000,0.06,1.12389333822,0.0371782293343,0
3000000,0.06,1.14966249284,0.0443941752444,0
3000000,0.06,1.17602249474,0.0516101211546,0
3000000,0.06,1.20298689115,0.0588260670648,0
3000000,0.06,1.23056953991,0.066042012975,0
3000000,0.06,1.2587846166,0.0732579588852,0
3000000,0.06,1.28764662184,0.0804739047954,0
3000000,0.06,1.31717038869,0.0876898507056,0
3000000,0.06,1.34737109034,0.0949057966158,0
3000000,0.06,1.37826424788,0.102121742526,0
3000000,0.06,1.40986573824,0.109337688436,0
3000000,0.06,1.44219180243,0.116553634346,0
3000000,0.06,1.47525905381,0.123769580257,0
3000000,0.06,1.50908448667,0.130985526167,0
3000000,0.06,1.54368548495,0.138201472077,0
3000000,0.06,1.57907983117,0.145417417987,0
3000000,0.06,1.6152857156,0.152633363897,0
3000000,0.06,1.65232174556,0.159849309808,0
3000000,0.06,1.69020695503,0.167065255718,0
3000000,0.06,1.72896081437,0.174281201628,0
3000000,0.06,1.76860324042,0.181497147538,0
3000000,0.06,1.80915460664,0.188713093448,0
3000000,0.06,1.85063575364,0.195929039359,0
3000000,0.06,1.89306799988,0.203144985269,0
3000000,0.06,1.93647315259,0.210360931179,0
3000000,0.06,1.98087351905,0.217576877089,0
3000000,0.06,2.02629191797,0.224792822999,0
3000000,0.06,2.07275169128,0.23200876891,0
3000000,0.06,2.12027671611,0.23922471482,0
3000000,0.06,2.16889141705,0.24644066073,0
3000000,0.06,2.21862077869,0.25365660664,0
3000000,0.06,2.26949035851,0.26087255255,0
3000000,0.06,2.32152629995,0.268088498461,0
3000000,0.06,2.37475534592,0.275304444371,0
3000000,0.06,2.42920485246,0.282520390281,0
3000000,0.06,2.48490280288,0.289736336191,0
3000000,0.06,2.54187782209,0.296952282101,0
3000000,0.06,2.6001591913,0.304168228012,0
3000000,0.06,2.65977686314,0.311384173922,0
3000000,0.06,2.72076147697,0.318600119832,0
3000000,0.06,2.78314437469,0.325816065742,0
3000000,0.06,2.8469576168,0.333032011652,0
3000000,0.06,2.91223399892,0.340247957563,0
3000000,0.06,2.9790070686,0.347463903473,0
3000000,0.06,3.0473111426,0.354679849383,0
3000000,0.06,3.11718132451,0.361895795293,0
3000000,0.06,3.18865352278,0.369111741203,0
3000000,0.06,3.2617644692,0.376327687114,0
3000000,0.06,3.33655173776,0.383543633024,0
3000000,0.06,3.41305376396,0.390759578934,0
3000000,0.06,3.49130986456,0.397975524844,0
3000000,0.06,3.57136025782,0.405191470754,0
3000000,0.06,3.65324608411,0.412407416665,0
3000000,0.06,3.7370094271,0.419623362575,0
3000000,0.06,3.82269333539,0.426839308485,0
3000000,0.06,3.91034184459,0.434055254395,0
3000000,0.06,4,0.441271200305,0
3000000,0.08,1.05,0.0155303916037,1
3000000,0.08,1.07407489343,0.0227463375139,1
3000000,0.08,1.09870178733,0.0299622834241,0
3000000,0.08,1.12389333822,0.0371782293343,0
3000000,0.08,1.14966249284,0.0443941752444,0
3000000,0.08,1.17602249474,0.0516101211546,0
3000000,0.08,1.20298689115,0.0588260670648,0
3000000,0.08,1.23056953991,0.066042012975,0
3000000,0.08,1.2587846166,0.0732579588852,0
3000000,0.08,1.28764662184,0.0804739047954,0
3000000,0.08,1.31717038869,0.0876898507056,0
3000000,0.08,1.34737109034,0.0949057966158,0
3000000,0.08,1.37826424788,0.102121742526,0
3000000,0.08,1.40986573824,0.109337688436,0
3000000,0.08,1.44219180243,0.116553634346,0
3000000,0.08,1.47525905381,0.123769580257,0
3000000,0.08,1.50908448667,0.130985526167,0
3000000,0.08,1.54368548495,0.138201472077,0
3000000,0.08,1.57907983117,0.145417417987,0
3000000,0.08,1.6152857156,0.152633363897,0
3000000,0.08,1.65232174556,0.159849309808,0
3000000,0.08,1.69020695503,0.167065255718,0
3000000,0.08,1.72896081437,0.174281201628,0
3000000,0.08,1.76860324042,0.181497147538,0
3000000,0.08,1.80915460664,0.188713093448,0
3000000,0.08,1.85063575364,0.195929039359,0
3000000,0.08,1.89306799988,0.203144985269,0
3000000,0.08,1.93647315259,0.210360931179,0
3000000,0.08,1.98087351905,0.217576877089,0
3000000,0.08,2.02629191797,0.224792822999,0
3000000,0.08,2.07275169128,0.23200876891,0
3000000,0.08,2.12027671611,0.23922471482,0
3000000,0.08,2.16889141705,0.24644066073,0
3000000,0.08,2.21862077869,0.25365660664,0
3000000,0.08,2.26949035851,0.26087255255,0
3000000,0.08,2.32152629995,0.268088498461,0
3000000,0.08,2.37475534592,0.275304444371,0
3000000,0.08,2.42920485246,0.282520390281,0
3000000,0.08,2.48490280288,0.289736336191,0
3000000,0.08,2.54187782209,0.296952282101,0
3000000,0.08,2.6001591913,0.304168228012,0
3000000,0.08,2.65977686314,0.311384173922,0
3000000,0.08,2.72076147697,0.318600119832,0
3000000,0.08,2.78314437469,0.325816065742,0
3000000,0.08,2.8469576168,0.333032011652,0
3000000,0.08,2.91223399892,0.340247957563,0
3000000,0.08,2.9790070686,0.347463903473,0
3000000,0.08,3.0473111426,0.354679849383,0
3000000,0.08,3.11718132451,0.361895795293,0
3000000,0.08,3.18865352278,0.369111741203,0
3000000,0.08,3.2617644692,0.376327687114,0
3000000,0.08,3.33655173776,0.383543633024,0
3000000,0.08,3.41305376396,0.390759578934,0
3000000,0.08,3.49130986456,0.397975524844,0
3000000,0.08,3.57136025782,0.405191470754,0
3000000,0.08,3.65324608411,0.412407416665,0
3000000,0.08,3.7370094271,0.419623362575,0
3000000,0.08,3.82269333539,0.426839308485,0
3000000,0.08,3.91034184459,0.434055254395,0
3000000,0.08,4,0.441271200305,0
3000000,0.1,1.05,0.0155303916037,1
3000000,0.1,1.07407489343,0.0227463375139,1
3000000,0.1,1.09870178733,0.0299622834241,1
3000000,0.1,1.12389333822,0.0371782293343,1
3000000,0.1,1.14966249284,0.0443941752444,0
3000000,0.1,1.17602249474,0.0516101211546,0
3000000,0.1,1.20298689115,0.0588260670648,0
3000000,0.1,1.23056953991,0.066042012975,0
3000000,0.1,1.2587846166,0.0732579588852,0
3000000,0.1,1.28764662184,0.0804739047954,0
3000000,0.1,1.31717038869,0.0876898507056,0
3000000,0.1,1.34737109034,0.0949057966158,0
3000000,0.1,1.37826424788,0.102121742526,0
3000000,0.1,1.40986573824,0.109337688436,0
3000000,0.1,1.44219180243,0.116553634346,0
3000000,0.1,1.47525905381,0.123769580257,0
3000000,0.1,1.50908448667,0.130985526167,0
3000000,0.1,1.54368548495,0.138201472077,0
3000000,0.1,1.57907983117,0.145417417987,0
3000000,0.1,1.6152857156,0.152633363897,0
3000000,0.1,1.65232174556,0.159849309808,0
3000000,0.1,1.69020695503,0.167065255718,0
3000000,0.1,1.72896081437,0.174281201628,0
3000000,0.1,1.76860324042,0.181497147538,0
3000000,0.1,1.80915460664,0.188713093448,0
3000000,0.1,1.85063575364,0.195929039359,0
3000000,0.1,1.89306799988,0.203144985269,0
3000000,0.1,1.93647315259,0.210360931179,0
3000000,0.1,1.98087351905,0.217576877089,0
3000000,0.1,2.02629191797,0.224792822999,0
3000000,0.1,2.07275169128,0.23200876891,0
3000000,0.1,2.12027671611,0.23922471482,0
3000000,0.1,2.16889141705,0.24644066073,0
3000000,0.1,2.21862077869,0.25365660664,0
3000000,0.1,2.26949035851,0.26087255255,0
3000000,0.1,2.32152629995,0.268088498461,0
3000000,0.1,2.37475534592,0.275304444371,0
3000000,0.1,2.42920485246,0.282520390281,0
3000000,0.1,2.48490280288,0.289736336191,0
3000000,0.1,2.54187782209,0.296952282101,0
3000000,0.1,2.6001591913,0.304168228012,0
3000000,0.1,2.65977686314,0.311384173922,0
3000000,0.1,2.72076147697,0.318600119832,0
3000000,0.1,2.78314437469,0.325816065742,0
3000000,0.1,2.8469576168,0.333032011652,0
3000000,0.1,2.91223399892,0.340247957563,0
3000000,0.1,2.9790070686,0.347463903473,0
3000000,0.1,3.0473111426,0.354679849383,0
3000000,0.1,3.11718132451,0.361895795293,0
3000000,0.1,3.18865352278,0.369111741203,0
3000000,0.1,3.2617644692,0.376327687114,0
3000000,0.1,3.33655173776,0.383543633024,0
3000000,0.1,3.41305376396,0.390759578934,0
3000000,0.1,3.49130986456,0.397975524844,0
3000000,0.1,3.57136025782,0.405191470754,0
3000000,0.1,3.65324608411,0.412407416665,0
3000000,0.1,3.7370094271,0.419623362575,0
3000000,0.1,3.82269333539,0.426839308485,0
3000000,0.1,3.91034184459,0.434055254395,0
3000000,0.1,4,0.441271200305,0
3000000,0.12,1.05,0.0155303916037,1
3000000,0.12,1.07407489343,0.0227463375139,1
3000000,0.12,1.09870178733,0.0299622834241,1
3000000,0.12,1.12389333822,0.0371782293343,1
3000000,0.12,1.14966249284,0.0443941752444,1
3000000,0.12,1.17602249474,0.0516101211546,1
3000000,0.12,1.20298689115,0.0588260670648,1
3000000,0.12,1.23056953991,0.066042012975,0
3000000,0.12,1.2587846166,0.0732579588852,0
3000000,0.12,1.28764662184,0.0804739047954,0
3000000,0.12,1.31717038869,0.0876898507056,0
3000000,0.12,1.34737109034,0.0949057966158,0
3000000,0.12,1.37826424788,0.102121742526,0
3000000,0.12,1.40986573824,0.109337688436,0
3000000,0.12,1.44219180243,0.116553634346,0
3000000,0.12,1.47525905381,0.123769580257,0
3000000,0.12,1.50908448667,0.130985526167,0
3000000,0.12,1.54368548495,0.138201472077,0
3000000,0.12,1.57907983117,0.145417417987,0
3000000,0.12,1.6152857156,0.152633363897,0
3000000,0.12,1.65232174556,0.159849309808,0
3000000,0.12,1.69020695503,0.167065255718,0
3000000,0.12,1.72896081437,0.174281201628,0
3000000,0.12,1.76860324042,0.181497147538,0
3000000,0.12,1.80915460664,0.188713093448,0
3000000,0.12,1.85063575364,0.195929039359,0
3000000,0.12,1.89306799988,0.203144985269,0
3000000,0.12,1.93647315259,0.210360931179,0
3000000,0.12,1.98087351905,0.217576877089,0
3000000,0.12,2.02629191797,0.224792822999,0
3000000,0.12,2.07275169128,0.23200876891,0
3000000,0.12,2.12027671611,0.23922471482,0
3000000,0.12,2.16889141705,0.24644066073,0
3000000,0.12,2.21862077869,0.25365660664,0
3000000,0.12,2.26949035851,0.26087255255,0
3000000,0.12,2.32152629995,0.268088498461,0
3000000,0.12,2.37475534592,0.275304444371,0
3000000,0.12,2.42920485246,0.282520390281,0
3000000,0.12,2.48490280288,0.289736336191,0
3000000,0.12,2.54187782209,0.296952282101,0
3000000,0.12,2.6001591913,0.304168228012,0
3000000,0.12,2.65977686314,0.311384173922,0
3000000,0.12,2.72076147697,0.318600119832,0
3000000,0.12,2.78314437469,0.325816065742,0
3000000,0.12,2.8469576168,0.333032011652,0
3000000,0.12,2.91223399892,0.340247957563,0
3000000,0.12,2.9790070686,0.347463903473,0
3000000,0.12,3.0473111426,0.354679849383,0
3000000,0.12,3.11718132451,0.361895795293,0
3000000,0.12,3.18865352278,0.369111741203,0
3000000,0.12,3.2617644692,0.376327687114,0
3000000,0.12,3.33655173776,0.383543633024,0
3000000,0.12,3.41305376396,0.390759578934,0
3000000,0.12,3.49130986456,0.397975524844,0
3000000,0.12,3.57136025782,0.405191470754,0
3000000,0.12,3.65324608411,0.412407416665,0
3000000,0.12,3.7370094271,0.419623362575,0
3000000,0.12,3.82269333539,0.426839308485,0
3000000,0.12,3.91034184459,0.434055254395,0
3000000,0.12,4,0.441271200305,0
3000000,0.14,1.05,0.0155303916037,1
3000000,0.14,1.07407489343,0.0227463375139,1
3000000,0.14,1.09870178733,0.0299622834241,1
3000000,0.14,1.12389333822,0.0371782293343,1
3000000,0.14,1.14966249284,0.0443941752444,1
3000000,0.14,1.17602249474,0.0516101211546,1
3000000,0.14,1.20298689115,0.0588260670648,1
3000000,0.14,1.23056953991,0.066042012975,1
3000000,0.14,1.2587846166,0.0732579588852,1
3000000,0.14,1.28764662184,0.0804739047954,1
3000000,0.14,1.31717038869,0.0876898507056,0
3000000,0.14,1.34737109034,0.0949057966158,0
3000000,0.14,1.37826424788,0.102121742526,0
3000000,0.14,1.40986573824,0.109337688436,0
3000000,0.14,1.44219180243,0.116553634346,0
3000000,0.14,1.47525905381,0.123769580257,0
3000000,0.14,1.50908448667,0.130985526167,0
3000000,0.14,1.54368548495,0.138201472077,0
3000000,0.14,1.57907983117,0.145417417987,0
3000000,0.14,1.6152857156,0.152633363897,0
3000000,0.14,1.65232174556,0.159849309808,0
3000000,0.14,1.69020695503,0.167065255718,0
3000000,0.14,1.72896081437,0.174281201628,0
3000000,0.14,1.76860324042,0.181497147538,0
3000000,0.14,1.80915460664,0.188713093448,0
3000000,0.14,1.85063575364,0.195929039359,0
3000000,0.14,1.89306799988,0.203144985269,0
3000000,0.14,1.93647315259,0.210360931179,0
3000000,0.14,1.98087351905,0.217576877089,0
3000000,0.14,2.02629191797,0.224792822999,0
3000000,0.14,2.07275169128,0.23200876891,0
3000000,0.14,2.12027671611,0.23922471482,0
3000000,0.14,2.16889141705,0.24644066073,0
3000000,0.14,2.21862077869,0.25365660664,0
3000000,0.14,2.26949035851,0.26087255255,0
3000000,0.14,2.32152629995,0.268088498461,0
3000000,0.14,2.37475534592,0.275304444371,0
3000000,0.14,2.42920485246,0.282520390281,0
3000000,0.14,2.48490280288,0.289736336191,0
3000000,0.14,2.54187782209,0.296952282101,0
3000000,0.14,2.6001591913,0.304168228012,0
3000000,0.14,2.65977686314,0.311384173922,0
3000000,0.14,2.72076147697,0.318600119832,0
3000000,0.14,2.78314437469,0.325816065742,0
3000000,0.14,2.8469576168,0.333032011652,0
3000000,0.14,2.91223399892,0.340247957563,0
3000000,0.14,2.9790070686,0.347463903473,0
3000000,0.14,3.0473111426,0.354679849383,0
3000000,0.14,3.11718132451,0.361895795293,0
3000000,0.14,3.18865352278,0.369111741203,0
3000000,0.14,3.2617644692,0.376327687114,0
3000000,0.14,3.33655173776,0.383543633024,0
3000000,0.14,3.41305376396,0.390759578934,0
3000000,0.14,3.49130986456,0.397975524844,0
3000000,0.14,3.57136025782,0.405191470754,0
3000000,0.14,3.65324608411,0.412407416665,0
3000000,0.14,3.7370094271,0.419623362575,0
3000000,0.14,3.82269333539,0.426839308485,0
3000000,0.14,3.91034184459,0.434055254395,0
3000000,0.14,4,0.441271200305,0
3000000,0.16,1.05,0.0155303916037,1
3000000,0.16,1.07407489343,0.0227463375139,1
3000000,0.16,1.09870178733,0.0299622834241,1
3000000,0.16,1.12389333822,0.0371782293343,1
3000000,0.16,1.14966249284,0.0443941752444,1
3000000,0.16,1.17602249474,0.0516101211546,1
3000000,0.16,1.20298689115,0.0588260670648,1
3000000,0.16,1.23056953991,0.066042012975,1
3000000,0.16,1.2587846166,0.0732579588852,1
3000000,0.16,1.28764662184,0.0804739047954,1
3000000,0.16,1.31717038869,0.0876898507056,1
3000000,0.16,1.34737109034,0.0949057966158,1
3000000,0.16,1.37826424788,0.102121742526,0
3000000,0.16,1.40986573824,0.109337688436,0
3000000,0.16,1.44219180243,0.116553634346,0
3000000,0.16,1.47525905381,0.123769580257,0
3000000,0.16,1.50908448667,0.130985526167,0
3000000,0.16,1.54368548495,0.138201472077,0
3000000,0.16,1.57907983117,0.145417417987,0
3000000,0.16,1.6152857156,0.152633363897,0
3000000,0.16,1.65232174556,0.159849309808,0
3000000,0.16,1.69020695503,0.167065255718,0
3000000,0.16,1.72896081437,0.174281201628,0
3000000,0.16,1.76860324042,0.181497147538,0
3000000,0.16,1.80915460664,0.188713093448,0
3000000,0.16,1.85063575364,0.195929039359,0
3000000,0.16,1.89306799988,0.203144985269,0
3000000,0.16,1.93647315259,0.210360931179,0
3000000,0.16,1.98087351905,0.217576877089,0
3000000,0.16,2.02629191797,0.224792822999,0
3000000,0.16,2.07275169128,0.23200876891,0
3000000,0.16,2.12027671611,0.23922471482,0
3000000,0.16,2.16889141705,0.24644066073,0
3000000,0.16,2.21862077869,0.25365660664,0
3000000,0.16,2.26949035851,0.26087255255,0
3000000,0.16,2.32152629995,0.268088498461,0
3000000,0.16,2.37475534592,0.275304444371,0
3000000,0.16,2.42920485246,0.282520390281,0
3000000,0.16,2.48490280288,0.289736336191,0
3000000,0.16,2.54187782209,0.296952282101,0
3000000,0.16,2.6001591913,0.304168228012,0
3000000,0.16,2.65977686314,0.311384173922,0
3000000,0.16,2.72076147697,0.318600119832,0
3000000,0.16,2.78314437469,0.325816065742,0
3000000,0.16,2.8469576168,0.333032011652,0
3000000,0.16,2.91223399892,0.340247957563,0
3000000,0.16,2.9790070686,0.347463903473,0
3000000,0.16,3.0473111426,0.354679849383,0
3000000,0.16,3.11718132451,0.361895795293,0
3000000,0.16,3.18865352278,0.369111741203,0
3000000,0.16,3.2617644692,0.376327687114,0
3000000,0.16,3.33655173776,0.383543633024,0
3000000,0.16,3.41305376396,0.390759578934,0
3000000,0.16,3.49130986456,0.397975524844,0
3000000,0.16,3.57136025782,0.405191470754,0
3000000,0.16,3.65324608411,0.412407416665,0
3000000,0.16,3.7370094271,0.419623362575,0
3000000,0.16,3.82269333539,0.426839308485,0
3000000,0.16,3.91034184459,0.434055254395,0
3000000,0.16,4,0.441271200305,0
3000000,0.18,1.05,0.0155303916037,1
3000000,0.18,1.07407489343,0.0227463375139,1
3000000,0.18,1.09870178733,0.0299622834241,1
3000000,0.18,1.12389333822,0.0371782293343,1
3000000,0.18,1.14966249284,0.0443941752444,1
3000000,0.18,1.17602249474,0.0516101211546,1
3000000,0.18,1.20298689115,0.0588260670648,1
3000000,0.18,1.23056953991,0.066042012975,1
3000000,0.18,1.2587846166,0.0732579588852,1
3000000,0.18,1.28764662184,0.0804739047954,1
3000000,0.18,1.31717038869,0.0876898507056,1
3000000,0.18,1.34737109034,0.0949057966158,1
3000000,0.18,1.37826424788,0.102121742526,1
3000000,0.18,1.40986573824,0.109337688436,1
3000000,0.18,1.44219180243,0.116553634346,1
3000000,0.18,1.47525905381,0.123769580257,0
3000000,0.18,1.50908448667,0.130985526167,0
3000000,0.18,1.54368548495,0.138201472077,0
3000000,0.18,1.57907983117,0.145417417987,0
3000000,0.18,1.6152857156,0.152633363897,0
3000000,0.18,1.65232174556,0.159849309808,0
3000000,0.18,1.69020695503,0.167065255718,0
3000000,0.18,1.72896081437,0.174281201628,0
3000000,0.18,1.76860324042,0.181497147538,0
3000000,0.18,1.80915460664,0.188713093448,0
3000000,0.18,1.85063575364,0.195929039359,0
3000000,0.18,1.89306799988,0.203144985269,0
3000000,0.18,1.93647315259,0.210360931179,0
3000000,0.18,1.98087351905,0.217576877089,0
3000000,0.18,2.02629191797,0.224792822999,0
3000000,0.18,2.07275169128,0.23200876891,0
3000000,0.18,2.12027671611,0.23922471482,0
3000000,0.18,2.16889141705,0.24644066073,0
3000000,0.18,2.21862077869,0.25365660664,0
3000000,0.18,2.26949035851,0.26087255255,0
3000000,0.18,2.32152629995,0.268088498461,0
3000000,0.18,2.37475534592,0.275304444371,0
3000000,0.18,2.42920485246,0.282520390281,0
3000000,0.18,2.48490280288,0.289736336191,0
3000000,0.18,2.54187782209,0.296952282101,0
3000000,0.18,2.6001591913,0.304168228012,0
3000000,0.18,2.65977686314,0.311384173922,0
3000000,0.18,2.72076147697,0.318600119832,0
3000000,0.18,2.78314437469,0.325816065742,0
3000000,0.18,2.8469576168,0.333032011652,0
3000000,0.18,2.91223399892,0.340247957563,0
3000000,0.18,2.9790070686,0.347463903473,0
3000000,0.18,3.0473111426,0.354679849383,0
3000000,0.18,3.11718132451,0.361895795293,0
3000000,0.18,3.18865352278,0.369111741203,0
3000000,0.18,3.2617644692,0.376327687114,0
3000000,0.18,3.33655173776,0.383543633024,0
3000000,0.18,3.41305376396,0.390759578934,0
3000000,0.18,3.49130986456,0.397975524844,0
3000000,0.18,3.57136025782,0.405191470754,0
3000000,0.18,3.65324608411,0.412407416665,0
3000000,0.18,3.7370094271,0.419623362575,0
3000000,0.18,3.82269333539,0.426839308485,0
3000000,0.18,3.91034184459,0.434055254395,0
3000000,0.18,4,0.441271200305,0
3000000,0.2,1.05,0.0155303916037,1
3000000,0.2,1.07407489343,0.0227463375139,1
3000000,0.2,1.09870178733,0.0299622834241,1
3000000,0.2,1.12389333822,0.0371782293343,1
3000000,0.2,1.14966249284,0.0443941752444,1
3000000,0.2,1.17602249474,0.0516101211546,1
3000000,0.2,1.20298689115,0.0588260670648,1
3000000,0.2,1.23056953991,0.066042012975,1
3000000,0.2,1.2587846166,0.0732579588852,1
3000000,0.2,1.28764662184,0.0804739047954,1
3000000,0.2,1.31717038869,0.0876898507056,1
3000000,0.2,1.34737109034,0.0949057966158,1
3000000,0.2,1.37826424788,0.102121742526,1
3000000,0.2,1.40986573824,0.109337688436,1
3000000,0.2,1.44219180243,0.116553634346,1
3000000,0.2,1.47525905381,0.123769580257,1
3000000,0.2,1.50908448667,0.130985526167,1
3000000,0.2,1.54368548495,0.138201472077,0
3000000,0.2,1.57907983117,0.145417417987,0
3000000,0.2,1.6152857156,0.152633363897,0
3000000,0.2,1.65232174556,0.159849309808,0
3000000,0.2,1.69020695503,0.167065255718,0
3000000,0.2,1.72896081437,0.174281201628,0
3000000,0.2,1.76860324042,0.181497147538,0
3000000,0.2,1.80915460664,0.188713093448,0
3000000,0.2,1.85063575364,0.195929039359,0
3000000,0.2,1.89306799988,0.203144985269,0
3000000,0.2,1.93647315259,0.210360931179,0
3000000,0.2,1.98087351905,0.217576877089,0
3000000,0.2,2.02629191797,0.224792822999,0
3000000,0.2,2.07275169128,0.23200876891,0
3000000,0.2,2.12027671611,0.23922471482,0
3000000,0.2,2.16889141705,0.24644066073,0
3000000,0.2,2.21862077869,0.25365660664,0
3000000,0.2,2.26949035851,0.26087255255,0
3000000,0.2,2.32152629995,0.268088498461,0
3000000,0.2,2.37475534592,0.275304444371,0
3000000,0.2,2.42920485246,0.282520390281,0
3000000,0.2,2.48490280288,0.289736336191,0
3000000,0.2,2.54187782209,0.296952282101,0
3000000,0.2,2.6001591913,0.304168228012,0
3000000,0.2,2.65977686314,0.311384173922,0
3000000,0.2,2.72076147697,0.318600119832,0
3000000,0.2,2.78314437469,0.325816065742,0
3000000,0.2,2.8469576168,0.333032011652,0
3000000,0.2,2.91223399892,0.340247957563,0
3000000,0.2,2.9790070686,0.347463903473,0
3000000,0.2,3.0473111426,0.354679849383,0
3000000,0.2,3.11718132451,0.361895795293,0
3000000,0.2,3.18865352278,0.369111741203,0
3000000,0.2,3.2617644692,0.376327687114,0
3000000,0.2,3.33655173776,0.383543633024,0
3000000,0.2,3.41305376396,0.390759578934,0
3000000,0.2,3.49130986456,0.397975524844,0
3000000,0.2,3.57136025782,0.405191470754,0
3000000,0.2,3.65324608411,0.412407416665,0
3000000,0.2,3.7370094271,0.419623362575,0
3000000,0.2,3.82269333539,0.426839308485,0
3000000,0.2,3.91034184459,0.434055254395,0
3000000,0.2,4,0.441271200305,0
3000000,0.22,1.05,0.0155303916037,1
3000000,0.22,1.07407489343,0.0227463375139,1
3000000,0.22,1.09870178733,0.0299622834241,1
3000000,0.22,1.12389333822,0.0371782293343,1
3000000,0.22,1.14966249284,0.0443941752444,1
3000000,0.22,1.17602249474,0.0516101211546,1
3000000,0.22,1.20298689115,0.0588260670648,1
3000000,0.22,1.23056953991,0.066042012975,1
3000000,0.22,1.2587846166,0.0732579588852,1
3000000,0.22,1.28764662184,0.0804739047954,1
3000000,0.22,1.31717038869,0.0876898507056,1
3000000,0.22,1.34737109034,0.0949057966158,1
3000000,0.22,1.37826424788,0.102121742526,1
3000000,0.22,1.40986573824,0.109337688436,1
3000000,0.22,1.44219180243,0.116553634346,1
3000000,0.22,1.47525905381,0.123769580257,1
3000000,0.22,1.50908448667,0.130985526167,1
3000000,0.22,1.54368548495,0.138201472077,1
3000000,0.22,1.57907983117,0.145417417987,1
3000000,0.22,1.6152857156,0.152633363897,0
3000000,0.22,1.65232174556,0.159849309808,0
3000000,0.22,1.69020695503,0.167065255718,0
3000000,0.22,1.72896081437,0.174281201628,0
3000000,0.22,1.76860324042,0.181497147538,0
3000000,0.22,1.80915460664,0.188713093448,0
3000000,0.22,1.85063575364,0.195929039359,0
3000000,0.22,1.89306799988,0.203144985269,0
3000000,0.22,1.93647315259,0.210360931179,0
3000000,0.22,1.98087351905,0.217576877089,0
3000000,0.22,2.02629191797,0.224792822999,0
3000000,0.22,2.07275169128,0.23200876891,0
3000000,0.22,2.12027671611,0.23922471482,0
3000000,0.22,2.16889141705,0.24644066073,0
3000000,0.22,2.21862077869,0.25365660664,0
3000000,0.22,2.26949035851,0.26087255255,0
3000000,0.22,2.32152629995,0.268088498461,0
3000000,0.22,2.37475534592,0.275304444371,0
3000000,0.22,2.42920485246,0.282520390281,0
3000000,0.22,2.48490280288,0.289736336191,0
3000000,0.22,2.54187782209,0.296952282101,0
3000000,0.22,2.6001591913,0.304168228012,0
3000000,0.22,2.65977686314,0.311384173922,0
3000000,0.22,2.72076147697,0.318600119832,0
3000000,0.22,2.78314437469,0.325816065742,0
3000000,0.22,2.8469576168,0.333032011652,0
3000000,0.22,2.91223399892,0.340247957563,0
3000000,0.22,2.9790070686,0.347463903473,0
3000000,0.22,3.0473111426,0.354679849383,0
3000000,0.22,3.11718132451,0.361895795293,0
3000000,0.22,3.18865352278,0.369111741203,0
3000000,0.22,3.2617644692,0.376327687114,0
3000000,0.22,3.33655173776,0.383543633024,0
3000000,0.22,3.41305376396,0.390759578934,0
3000000,0.22,3.49130986456,0.397975524844,0
3000000,0.22,3.57136025782,0.405191470754,0
3000000,0.22,3.65324608411,0.412407416665,0
3000000,0.22,3.7370094271,0.419623362575,0
3000000,0.22,3.82269333539,0.426839308485,0
3000000,0.22,3.91034184459,0.434055254395,0
3000000,0.22,4,0.441271200305,0
3000000,0.24,1.05,0.0155303916037,1
3000000,0.24,1.07407489343,0.0227463375139,1
3000000,0.24,1.09870178733,0.0299622834241,1
3000000,0.24,1.12389333822,0.0371782293343,1
3000000,0.24,1.14966249284,0.0443941752444,1
3000000,0.24,1.17602249474,0.0516101211546,1
3000000,0.24,1.20298689115,0.0588260670648,1
3000000,0.24,1.23056953991,0.066042012975,1
3000000,0.24,1.2587846166,0.0732579588852,1
3000000,0.24,1.28764662184,0.0804739047954,1
3000000,0.24,1.31717038869,0.0876898507056,1
3000000,0.24,1.34737109034,0.0949057966158,1
3000000,0.24,1.37826424788,0.102121742526,1
3000000,0.24,1.40986573824,0.109337688436,1
3000000,0.24,1.44219180243,0.116553634346,1
3000000,0.24,1.47525905381,0.123769580257,1
3000000,0.24,1.50908448667,0.130985526167,1
3000000,0.24,1.54368548495,0.138201472077,1
3000000,0.24,1.57907983117,0.145417417987,1
3000000,0.24,1.6152857156,0.152633363897,1
3000000,0.24,1.65232174556,0.159849309808,0
3000000,0.24,1.69020695503,0.167065255718,0
3000000,0.24,1.72896081437,0.174281201628,0
3000000,0.24,1.76860324042,0.181497147538,0
3000000,0.24,1.80915460664,0.188713093448,0
3000000,0.24,1.85063575364,0.195929039359,0
3000000,0.24,1.89306799988,0.203144985269,0
3000000,0.24,1.93647315259,0.210360931179,0
3000000,0.24,1.98087351905,0.217576877089,0
3000000,0.24,2.02629191797,0.224792822999,0
3000000,0.24,2.07275169128,0.23200876891,0
3000000,0.24,2.12027671611,0.23922471482,0
3000000,0.24,2.16889141705,0.24644066073,0
3000000,0.24,2.21862077869,0.25365660664,0
3000000,0.24,2.26949035851,0.26087255255,0
3000000,0.24,2.32152629995,0.268088498461,0
3000000,0.24,2.37475534592,0.275304444371,0
3000000,0.24,2.42920485246,0.282520390281,0
3000000,0.24,2.48490280288,0.289736336191,0
3000000,0.24,2.54187782209,0.296952282101,0
3000000,0.24,2.6001591913,0.304168228012,0
3000000,0.24,2.65977686314,0.311384173922,0
3000000,0.24,2.72076147697,0.318600119832,0
3000000,0.24,2.78314437469,0.325816065742,0
3000000,0.24,2.8469576168,0.333032011652,0
3000000,0.24,2.91223399892,0.340247957563,0
3000000,0.24,2.9790070686,0.347463903473,0
3000000,0.24,3.0473111426,0.354679849383,0
3000000,0.24,3.11718132451,0.361895795293,0
3000000,0.24,3.18865352278,0.369111741203,0
3000000,0.24,3.2617644692,0.376327687114,0
3000000,0.24,3.33655173776,0.383543633024,0
3000000,0.24,3.41305376396,0.390759578934,0
3000000,0.24,3.49130986456,0.397975524844,0
3000000,0.24,3.57136025782,0.405191470754,0
3000000,0.24,3.65324608411,0.412407416665,0
3000000,0.24,3.7370094271,0.419623362575,0
3000000,0.24,3.82269333539,0.426839308485,0
3000000,0.24,3.91034184459,0.434055254395,0
3000000,0.24,4,0.441271200305,0
3000000,0.26,1.05,0.0155303916037,1
3000000,0.26,1.07407489343,0.0227463375139,1
3000000,0.26,1.09870178733,0.0299622834241,1
3000000,0.26,1.12389333822,0.0371782293343,1
3000000,0.26,1.14966249284,0.0443941752444,1
3000000,0.26,1.17602249474,0.0516101211546,1
3000000,0.26,1.20298689115,0.0588260670648,1
3000000,0.26,1.23056953991,0.066042012975,1
3000000,0.26,1.2587846166,0.0732579588852,1
3000000,0.26,1.28764662184,0.0804739047954,1
3000000,0.26,1.31717038869,0.0876898507056,1
3000000,0.26,1.34737109034,0.0949057966158,1
3000000,0.26,1.37826424788,0.102121742526,1
3000000,0.26,1.40986573824,0.109337688436,1
3000000,0.26,1.44219180243,0.116553634346,1
3000000,0.26,1.47525905381,0.123769580257,1
3000000,0.26,1.50908448667,0.130985526167,1
3000000,0.26,1.54368548495,0.138201472077,1
3000000,0.26,1.57907983117,0.145417417987,1
3000000,0.26,1.6152857156,0.152633363897,1
3000000,0.26,1.65232174556,0.159849309808,1
3000000,0.26,1.69020695503,0.167065255718,1
3000000,0.26,1.72896081437,0.174281201628,0
3000000,0.26,1.76860324042,0.181497147538,0
3000000,0.26,1.80915460664,0.188713093448,0
3000000,0.26,1.85063575364,0.195929039359,0
3000000,0.26,1.89306799988,0.203144985269,0
3000000,0.26,1.93647315259,0.210360931179,0
3000000,0.26,1.98087351905,0.217576877089,0
3000000,0.26,2.02629191797,0.224792822999,0
3000000,0.26,2.07275169128,0.23200876891,0
3000000,0.26,2.12027671611,0.23922471482,0
3000000,0.26,2.16889141705,0.24644066073,0
3000000,0.26,2.21862077869,0.25365660664,0
3000000,0.26,2.26949035851,0.26087255255,0
3000000,0.26,2.32152629995,0.268088498461,0
3000000,0.26,2.37475534592,0.275304444371,0
3000000,0.26,2.42920485246,0.282520390281,0
3000000,0.26,2.48490280288,0.289736336191,0
3000000,0.26,2.54187782209,0.296952282101,0
3000000,0.26,2.6001591913,0.304168228012,0
3000000,0.26,2.65977686314,0.311384173922,0
3000000,0.26,2.72076147697,0.318600119832,0
3000000,0.26,2.78314437469,0.325816065742,0
3000000,0.26,2.8469576168,0.333032011652,0
3000000,0.26,2.91223399892,0.340247957563,0
3000000,0.26,2.9790070686,0.347463903473,0
3000000,0.26,3.0473111426,0.354679849383,0
3000000,0.26,3.11718132451,0.361895795293,0
3000000,0.26,3.18865352278,0.369111741203,0
3000000,0.26,3.2617644692,0.376327687114,0
3000000,0.26,3.33655173776,0.383543633024,0
3000000,0.26,3.41305376396,0.390759578934,0
3000000,0.26,3.49130986456,0.397975524844,0
3000000,0.26,3.57136025782,0.405191470754,0
3000000,0.26,3.65324608411,0.412407416665,0
3000000,0.26,3.7370094271,0.419623362575,0
3000000,0.26,3.82269333539,0.426839308485,0
3000000,0.26,3.91034184459,0.434055254395,0
3000000,0.26,4,0.441271200305,0
3000000,0.28,1.05,0.0155303916037,1
3000000,0.28,1.07407489343,0.0227463375139,1
3000000,0.28,1.09870178733,0.0299622834241,1
3000000,0.28,1.12389333822,0.0371782293343,1
3000000,0.28,1.14966249284,0.0443941752444,1
3000000,0.28,1.17602249474,0.0516101211546,1
3000000,0.28,1.20298689115,0.0588260670648,1
3000000,0.28,1.23056953991,0.066042012975,1
3000000,0.28,1.2587846166,0.0732579588852,1
3000000,0.28,1.28764662184,0.0804739047954,1
3000000,0.28,1.31717038869,0.0876898507056,1
3000000,0.28,1.34737109034,0.0949057966158,1
3000000,0.28,1.37826424788,0.102121742526,1
3000000,0.28,1.40986573824,0.109337688436,1
3000000,0.28,1.44219180243,0.116553634346,1
3000000,0.28,1.47525905381,0.123769580257,1
3000000,0.28,1.50908448667,0.130985526167,1
3000000,0.28,1.54368548495,0.138201472077,1
3000000,0.28,1.57907983117,0.145417417987,1
3000000,0.28,1.6152857156,0.152633363897,1
3000000,0.28,1.65232174556,0.159849309808,1
3000000,0.28,1.69020695503,0.167065255718,1
3000000,0.28,1.72896081437,0.174281201628,1
3000000,0.28,1.76860324042,0.181497147538,1
3000000,0.28,1.80915460664,0.188713093448,0
3000000,0.28,1.85063575364,0.195929039359,0
3000000,0.28,1.89306799988,0.203144985269,0
3000000,0.28,1.93647315259,0.210360931179,0
3000000,0.28,1.98087351905,0.217576877089,0
3000000,0.28,2.02629191797,0.224792822999,0
3000000,0.28,2.07275169128,0.23200876891,0
3000000,0.28,2.12027671611,0.23922471482,0
3000000,0.28,2.16889141705,0.24644066073,0
3000000,0.28,2.21862077869,0.25365660664,0
3000000,0.28,2.26949035851,0.26087255255,0
3000000,0.28,2.32152629995,0.268088498461,0
3000000,0.28,2.37475534592,0.275304444371,0
3000000,0.28,2.42920485246,0.282520390281,0
3000000,0.28,2.48490280288,0.289736336191,0
3000000,0.28,2.54187782209,0.296952282101,0
3000000,0.28,2.6001591913,0.304168228012,0
3000000,0.28,2.65977686314,0.311384173922,0
3000000,0.28,2.72076147697,0.318600119832,0
3000000,0.28,2.78314437469,0.325816065742,0
3000000,0.28,2.8469576168,0.333032011652,0
3000000,0.28,2.91223399892,0.340247957563,0
3000000,0.28,2.9790070686,0.347463903473,0
3000000,0.28,3.0473111426,0.354679849383,0
3000000,0.28,3.11718132451,0.361895795293,0
3000000,0.28,3.18865352278,0.369111741203,0
3000000,0.28,3.2617644692,0.376327687114,0
3000000,0.28,3.33655173776,0.383543633024,0
3000000,0.28,3.41305376396,0.390759578934,0
3000000,0.28,3.49130986456,0.397975524844,0
3000000,0.28,3.57136025782,0.405191470754,0
3000000,0.28,3.65324608411,0.412407416665,0
3000000,0.28,3.7370094271,0.419623362575,0
3000000,0.28,3.82269333539,0.426839308485,0
3000000,0.28,3.91034184459,0.434055254395,0
3000000,0.28,4,0.441271200305,0
3000000,0.3,1.05,0.0155303916037,1
3000000,0.3,1.07407489343,0.0227463375139,1
3000000,0.3,1.09870178733,0.0299622834241,1
3000000,0.3,1.12389333822,0.0371782293343,1
3000000,0.3,1.14966249284,0.0443941752444,1
3000000,0.3,1.17602249474,0.0516101211546,1
3000000,0.3,1.20298689115,0.0588260670648,1
3000000,0.3,1.23056953991,0.066042012975,1
3000000,0.3,1.2587846166,0.0732579588852,1
3000000,0.3,1.28764662184,0.0804739047954,1
3000000,0.3,1.31717038869,0.0876898507056,1
3000000,0.3,1.34737109034,0.0949057966158,1
3000000,0.3,1.37826424788,0.102121742526,1
3000000,0.3,1.40986573824,0.109337688436,1
3000000,0.3,1.44219180243,0.116553634346,1
3000000,0.3,1.47525905381,0.123769580257,1
3000000,0.3,1.50908448667,0.130985526167,1
3000000,0.3,1.54368548495,0.138201472077,1
3000000,0.3,1.57907983117,0.145417417987,1
3000000,0.3,1.6152857156,0.152633363897,1
3000000,0.3,1.65232174556,0.159849309808,1
3000000,0.3,1.69020695503,0.167065255718,1
3000000,0.3,1.72896081437,0.174281201628,1
3000000,0.3,1.76860324042,0.181497147538,1
3000000,0.3,1.80915460664,0.188713093448,1
3000000,0.3,1.85063575364,0.195929039359,1
3000000,0.3,1.89306799988,0.203144985269,0
3000000,0.3,1.93647315259,0.210360931179,0
3000000,0.3,1.98087351905,0.217576877089,0
3000000,0.3,2.02629191797,0.224792822999,0
3000000,0.3,2.07275169128,0.23200876891,0
3000000,0.3,2.12027671611,0.23922471482,0
3000000,0.3,2.16889141705,0.24644066073,0
3000000,0.3,2.21862077869,0.25365660664,0
3000000,0.3,2.26949035851,0.26087255255,0
3000000,0.3,2.32152629995,0.268088498461,0
3000000,0.3,2.37475534592,0.275304444371,0
3000000,0.3,2.42920485246,0.282520390281,0
3000000,0.3,2.48490280288,0.289736336191,0
3000000,0.3,2.54187782209,0.296952282101,0
3000000,0.3,2.6001591913,0.304168228012,0
3000000,0.3,2.65977686314,0.311384173922,0
3000000,0.3,2.72076147697,0.318600119832,0
3000000,0.3,2.78314437469,0.325816065742,0
3000000,0.3,2.8469576168,0.333032011652,0
3000000,0.3,2.91223399892,0.340247957563,0
3000000,0.3,2.9790070686,0.347463903473,0
3000000,0.3,3.0473111426,0.354679849383,0
3000000,0.3,3.11718132451,0.361895795293,0
3000000,0.3,3.18865352278,0.369111741203,0
3000000,0.3,3.2617644692,0.376327687114,0
3000000,0.3,3.33655173776,0.383543633024,0
3000000,0.3,3.41305376396,0.390759578934,0
3000000,0.3,3.49130986456,0.397975524844,0
3000000,0.3,3.57136025782,0.405191470754,0
3000000,0.3,3.65324608411,0.412407416665,0
3000000,0.3,3.7370094271,0.419623362575,0
3000000,0.3,3.82269333539,0.426839308485,0
3000000,0.3,3.91034184459,0.434055254395,0
3000000,0.3,4,0.441271200305,0
3000000,0.32,1.05,0.0155303916037,1
3000000,0.32,1.07407489343,0.0227463375139,1
3000000,0.32,1.09870178733,0.0299622834241,1
3000000,0.32,1.12389333822,0.0371782293343,1
3000000,0.32,1.14966249284,0.0443941752444,1
3000000,0.32,1.17602249474,0.0516101211546,1
3000000,0.32,1.20298689115,0.0588260670648,1
3000000,0.32,1.23056953991,0.066042012975,1
3000000,0.32,1.2587846166,0.0732579588852,1
3000000,0.32,1.28764662184,0.0804739047954,1
3000000,0.32,1.31717038869,0.0876898507056,1
3000000,0.32,1.34737109034,0.0949057966158,1
3000000,0.32,1.37826424788,0.102121742526,1
3000000,0.32,1.40986573824,0.109337688436,1
3000000,0.32,1.44219180243,0.116553634346,1
3000000,0.32,1.47525905381,0.123769580257,1
3000000,0.32,1.50908448667,0.130985526167,1
3000000,0.32,1.54368548495,0.138201472077,1
3000000,0.32,1.57907983117,0.145417417987,1
3000000,0.32,1.6152857156,0.152633363897,1
3000000,0.32,1.65232174556,0.159849309808,1
3000000,0.32,1.69020695503,0.167065255718,1
3000000,0.32,1.72896081437,0.174281201628,1
3000000,0.32,1.76860324042,0.181497147538,1
3000000,0.32,1.80915460664,0.188713093448,1
3000000,0.32,1.85063575364,0.195929039359,1
3000000,0.32,1.89306799988,0.203144985269,1
3000000,0.32,1.93647315259,0.210360931179,0
3000000,0.32,1.98087351905,0.217576877089,0
3000000,0.32,2.02629191797,0.224792822999,0
3000000,0.32,2.07275169128,0.23200876891,0
3000000,0.32,2.12027671611,0.23922471482,0
3000000,0.32,2.16889141705,0.24644066073,0
3000000,0.32,2.21862077869,0.25365660664,0
3000000,0.32,2.26949035851,0.26087255255,0
3000000,0.32,2.32152629995,0.268088498461,0
3000000,0.32,2.37475534592,0.275304444371,0
3000000,0.32,2.42920485246,0.282520390281,0
3000000,0.32,2.48490280288,0.289736336191,0
3000000,0.32,2.54187782209,0.296952282101,0
3000000,0.32,2.6001591913,0.304168228012,0
3000000,0.32,2.65977686314,0.311384173922,0
3000000,0.32,2.72076147697,0.318600119832,0
3000000,0.32,2.78314437469,0.325816065742,0
3000000,0.32,2.8469576168,0.333032011652,0
3000000,0.32,2.91223399892,0.340247957563,0
3000000,0.32,2.9790070686,0.347463903473,0
3000000,0.32,3.0473111426,0.354679849383,0
3000000,0.32,3.11718132451,0.361895795293,0
3000000,0.32,3.18865352278,0.369111741203,0
3000000,0.32,3.2617644692,0.376327687114,0
3000000,0.32,3.33655173776,0.383543633024,0
3000000,0.32,3.41305376396,0.390759578934,0
3000000,0.32,3.49130986456,0.397975524844,0
3000000,0.32,3.57136025782,0.405191470754,0
3000000,0.32,3.65324608411,0.412407416665,0
3000000,0.32,3.7370094271,0.419623362575,0
3000000,0.32,3.82269333539,0.426839308485,0
3000000,0.32,3.91034184459,0.434055254395,0
3000000,0.32,4,0.441271200305,0
3000000,0.34,1.05,0.0155303916037,1
3000000,0.34,1.07407489343,0.0227463375139,1
3000000,0.34,1.09870178733,0.0299622834241,1
3000000,0.34,1.12389333822,0.0371782293343,1
3000000,0.34,1.14966249284,0.0443941752444,1
3000000,0.34,1.17602249474,0.0516101211546,1
3000000,0.34,1.20298689115,0.0588260670648,1
3000000,0.34,1.23056953991,0.066042012975,1
3000000,0.34,1.2587846166,0.0732579588852,1
3000000,0.34,1.28764662184,0.0804739047954,1
3000000,0.34,1.31717038869,0.0876898507056,1
3000000,0.34,1.34737109034,0.0949057966158,1
3000000,0.34,1.37826424788,0.102121742526,1
3000000,0.34,1.40986573824,0.109337688436,1
3000000,0.34,1.44219180243,0.116553634346,1
3000000,0.34,1.47525905381,0.123769580257,1
3000000,0.34,1.50908448667,0.130985526167,1
3000000,0.34,1.54368548495,0.138201472077,1
3000000,0.34,1.57907983117,0.145417417987,1
3000000,0.34,1.6152857156,0.152633363897,1
3000000,0.34,1.65232174556,0.159849309808,1
3000000,0.34,1.69020695503,0.167065255718,1
3000000,0.34,1.72896081437,0.174281201628,1
3000000,0.34,1.76860324042,0.181497147538,1
3000000,0.34,1.80915460664,0.188713093448,1
3000000,0.34,1.85063575364,0.195929039359,1
3000000,0.34,1.89306799988,0.203144985269,1
3000000,0.34,1.93647315259,0.210360931179,1
3000000,0.34,1.98087351905,0.217576877089,0
3000000,0.34,2.02629191797,0.224792822999,0
3000000,0.34,2.07275169128,0.23200876891,0
3000000,0.34,2.12027671611,0.23922471482,0
3000000,0.34,2.16889141705,0.24644066073,0
3000000,0.34,2.21862077869,0.25365660664,0
3000000,0.34,2.26949035851,0.26087255255,0
3000000,0.34,2.32152629995,0.268088498461,0
3000000,0.34,2.37475534592,0.275304444371,0
3000000,0.34,2.42920485246,0.282520390281,0
3000000,0.34,2.48490280288,0.289736336191,0
3000000,0.34,2.54187782209,0.296952282101,0
3000000,0.34,2.6001591913,0.304168228012,0
3000000,0.34,2.65977686314,0.311384173922,0
3000000,0.34,2.72076147697,0.318600119832,0
3000000,0.34,2.78314437469,0.325816065742,0
3000000,0.34,2.8469576168,0.333032011652,0
3000000,0.34,2.91223399892,0.340247957563,0
3000000,0.34,2.9790070686,0.347463903473,0
3000000,0.34,3.0473111426,0.354679849383,0
3000000,0.34,3.11718132451,0.361895795293,0
3000000,0.34,3.18865352278,0.369111741203,0
3000000,0.34,3.2617644692,0.376327687114,0
3000000,0.34,3.33655173776,0.383543633024,0
3000000,0.34,3.41305376396,0.390759578934,0
3000000,0.34,3.49130986456,0.397975524844,0
3000000,0.34,3.57136025782,0.405191470754,0
3000000,0.34,3.65324608411,0.412407416665,0
3000000,0.34,3.7370094271,0.419623362575,0
3000000,0.34,3.82269333539,0.426839308485,0
3000000,0.34,3.91034184459,0.434055254395,0
3000000,0.34,4,0.441271200305,0
3000000,0.36,1.05,0.0155303916037,1
3000000,0.36,1.07407489343,0.0227463375139,1
3000000,0.36,1.09870178733,0.0299622834241,1
3000000,0.36,1.12389333822,0.0371782293343,1
3000000,0.36,1.14966249284,0.0443941752444,1
3000000,0.36,1.17602249474,0.0516101211546,1
3000000,0.36,1.20298689115,0.0588260670648,1
3000000,0.36,1.23056953991,0.066042012975,1
3000000,0.36,1.2587846166,0.0732579588852,1
3000000,0.36,1.28764662184,0.0804739047954,1
3000000,0.36,1.31717038869,0.0876898507056,1
3000000,0.36,1.34737109034,0.0949057966158,1
3000000,0.36,1.37826424788,0.102121742526,1
3000000,0.36,1.40986573824,0.109337688436,1
3000000,0.36,1.44219180243,0.116553634346,1
3000000,0.36,1.47525905381,0.123769580257,1
3000000,0.36,1.50908448667,0.130985526167,1
3000000,0.36,1.54368548495,0.138201472077,1
3000000,0.36,1.57907983117,0.145417417987,1
3000000,0.36,1.6152857156,0.152633363897,1
3000000,0.36,1.65232174556,0.159849309808,1
3000000,0.36,1.69020695503,0.167065255718,1
3000000,0.36,1.72896081437,0.174281201628,1
3000000,0.36,1.76860324042,0.181497147538,1
3000000,0.36,1.80915460664,0.188713093448,1
3000000,0.36,1.85063575364,0.195929039359,1
3000000,0.36,1.89306799988,0.203144985269,1
3000000,0.36,1.93647315259,0.210360931179,1
3000000,0.36,1.98087351905,0.217576877089,1
3000000,0.36,2.02629191797,0.224792822999,0
3000000,0.36,2.07275169128,0.23200876891,0
3000000,0.36,2.12027671611,0.23922471482,0
3000000,0.36,2.16889141705,0.24644066073,0
3000000,0.36,2.21862077869,0.25365660664,0
3000000,0.36,2.26949035851,0.26087255255,0
3000000,0.36,2.32152629995,0.268088498461,0
3000000,0.36,2.37475534592,0.275304444371,0
3000000,0.36,2.42920485246,0.282520390281,0
3000000,0.36,2.48490280288,0.289736336191,0
3000000,0.36,2.54187782209,0.296952282101,0
3000000,0.36,2.6001591913,0.304168228012,0
3000000,0.36,2.65977686314,0.311384173922,0
3000000,0.36,2.72076147697,0.318600119832,0
3000000,0.36,2.78314437469,0.325816065742,0
3000000,0.36,2.8469576168,0.333032011652,0
3000000,0.36,2.91223399892,0.340247957563,0
3000000,0.36,2.9790070686,0.347463903473,0
3000000,0.36,3.0473111426,0.354679849383,0
3000000,0.36,3.11718132451,0.361895795293,0
3000000,0.36,3.18865352278,0.369111741203,0
3000000,0.36,3.2617644692,0.376327687114,0
3000000,0.36,3.33655173776,0.383543633024,0
3000000,0.36,3.41305376396,0.390759578934,0
3000000,0.36,3.49130986456,0.397975524844,0
3000000,0.36,3.57136025782,0.405191470754,0
3000000,0.36,3.65324608411,0.412407416665,0
3000000,0.36,3.7370094271,0.419623362575,0
3000000,0.36,3.82269333539,0.426839308485,0
3000000,0.36,3.91034184459,0.434055254395,0
3000000,0.36,4,0.441271200305,0
3000000,0.38,1.05,0.0155303916037,1
3000000,0.38,1.07407489343,0.0227463375139,1
3000000,0.38,1.09870178733,0.0299622834241,1
3000000,0.38,1.12389333822,0.0371782293343,1
3000000,0.38,1.14966249284,0.0443941752444,1
3000000,0.38,1.17602249474,0.0516101211546,1
3000000,0.38,1.20298689115,0.0588260670648,1
3000000,0.38,1.23056953991,0.066042012975,1
3000000,0.38,1.2587846166,0.0732579588852,1
3000000,0.38,1.28764662184,0.0804739047954,1
3000000,0.38,1.31717038869,0.0876898507056,1
3000000,0.38,1.34737109034,0.0949057966158,1
3000000,0.38,1.37826424788,0.102121742526,1
3000000,0.38,1.40986573824,0.109337688436,1
3000000,0.38,1.44219180243,0.116553634346,1
3000000,0.38,1.47525905381,0.123769580257,1
3000000,0.38,1.50908448667,0.130985526167,1
3000000,0.38,1.54368548495,0.138201472077,1
3000000,0.38,1.57907983117,0.145417417987,1
3000000,0.38,1.6152857156,0.152633363897,1
3000000,0.38,1.65232174556,0.159849309808,1
3000000,0.38,1.69020695503,0.167065255718,1
3000000,0.38,1.72896081437,0.174281201628,1
3000000,0.38,1.76860324042,0.181497147538,1
3000000,0.38,1.80915460664,0.188713093448,1
3000000,0.38,1.85063575364,0.195929039359,1
3000000,0.38,1.89306799988,0.203144985269,1
3000000,0.38,1.93647315259,0.210360931179,1
3000000,0.38,1.98087351905,0.217576877089,1
3000000,0.38,2.02629191797,0.224792822999,1
3000000,0.38,2.07275169128,0.23200876891,0
3000000,0.38,2.12027671611,0.23922471482,0
3000000,0.38,2.16889141705,0.24644066073,0
3000000,0.38,2.21862077869,0.25365660664,0
3000000,0.38,2.26949035851,0.26087255255,0
3000000,0.38,2.32152629995,0.268088498461,0
3000000,0.38,2.37475534592,0.275304444371,0
3000000,0.38,2.42920485246,0.282520390281,0
3000000,0.38,2.48490280288,0.289736336191,0
3000000,0.38,2.54187782209,0.296952282101,0
3000000,0.38,2.6001591913,0.304168228012,0
3000000,0.38,2.65977686314,0.311384173922,0
3000000,0.38,2.72076147697,0.318600119832,0
3000000,0.38,2.78314437469,0.325816065742,0
3000000,0.38,2.8469576168,0.333032011652,0
3000000,0.38,2.91223399892,0.340247957563,0
3000000,0.38,2.9790070686,0.347463903473,0
3000000,0.38,3.0473111426,0.354679849383,0
3000000,0.38,3.11718132451,0.361895795293,0
3000000,0.38,3.18865352278,0.369111741203,0
3000000,0.38,3.2617644692,0.376327687114,0
3000000,0.38,3.33655173776,0.383543633024,0
3000000,0.38,3.41305376396,0.390759578934,0
3000000,0.38,3.49130986456,0.397975524844,0
3000000,0.38,3.57136025782,0.405191470754,0
3000000,0.38,3.65324608411,0.412407416665,0
3000000,0.38,3.7370094271,0.419623362575,0
3000000,0.38,3.82269333539,0.426839308485,0
3000000,0.38,3.91034184459,0.434055254395,0
3000000,0.38,4,0.441271200305,0
3000000,0.4,1.05,0.0155303916037,1
3000000,0.4,1.07407489343,0.0227463375139,1
3000000,0.4,1.09870178733,0.0299622834241,1
3000000,0.4,1.12389333822,0.0371782293343,1
3000000,0.4,1.14966249284,0.0443941752444,1
3000000,0.4,1.17602249474,0.0516101211546,1
3000000,0.4,1.20298689115,0.0588260670648,1
3000000,0.4,1.23056953991,0.066042012975,1
3000000,0.4,1.2587846166,0.0732579588852,1
3000000,0.4,1.28764662184,0.0804739047954,1
3000000,0.4,1.31717038869,0.0876898507056,1
3000000,0.4,1.34737109034,0.0949057966158,1
3000000,0.4,1.37826424788,0.102121742526,1
3000000,0.4,1.40986573824,0.109337688436,1
3000000,0.4,1.44219180243,0.116553634346,1
3000000,0.4,1.47525905381,0.123769580257,1
3000000,0.4,1.50908448667,0.130985526167,1
3000000,0.4,1.54368548495,0.138201472077,1
3000000,0.4,1.57907983117,0.145417417987,1
3000000,0.4,1.6152857156,0.152633363897,1
3000000,0.4,1.65232174556,0.159849309808,1
3000000,0.4,1.69020695503,0.167065255718,1
3000000,0.4,1.72896081437,0.174281201628,1
3000000,0.4,1.76860324042,0.181497147538,1
3000000,0.4,1.80915460664,0.188713093448,1
3000000,0.4,1.85063575364,0.195929039359,1
3000000,0.4,1.89306799988,0.203144985269,1
3000000,0.4,1.93647315259,0.210360931179,1
3000000,0.4,1.98087351905,0.217576877089,1
3000000,0.4,2.02629191797,0.224792822999,1
3000000,0.4,2.07275169128,0.23200876891,1
3000000,0.4,2.12027671611,0.23922471482,0
3000000,0.4,2.16889141705,0.24644066073,0
3000000,0.4,2.21862077869,0.25365660664,0
3000000,0.4,2.26949035851,0.26087255255,0
3000000,0.4,2.32152629995,0.268088498461,0
3000000,0.4,2.37475534592,0.275304444371,0
3000000,0.4,2.42920485246,0.282520390281,0
3000000,0.4,2.48490280288,0.289736336191,0
3000000,0.4,2.54187782209,0.296952282101,0
3000000,0.4,2.6001591913,0.304168228012,0
3000000,0.4,2.65977686314,0.311384173922,0
3000000,0.4,2.72076147697,0.318600119832,0
3000000,0.4,2.78314437469,0.325816065742,0
3000000,0.4,2.8469576168,0.333032011652,0
3000000,0.4,2.91223399892,0.340247957563,0
3000000,0.4,2.9790070686,0.347463903473,0
3000000,0.4,3.0473111426,0.354679849383,0
3000000,0.4,3.11718132451,0.361895795293,0
3000000,0.4,3.18865352278,0.369111741203,0
3000000,0.4,3.2617644692,0.376327687114,0
3000000,0.4,3.33655173776,0.383543633024,0
3000000,0.4,3.41305376396,0.390759578934,0
3000000,0.4,3.49130986456,0.397975524844,0
3000000,0.4,3.57136025782,0.405191470754,0
3000000,0.4,3.65324608411,0.412407416665,0
3000000,0.4,3.7370094271,0.419623362575,0
3000000,0.4,3.82269333539,0.426839308485,0
3000000,0.4,3.91034184459,0.434055254395,0
3000000,0.4,4,0.441271200305,0
3000000,0.42,1.05,0.0155303916037,1
3000000,0.42,1.07407489343,0.0227463375139,1
3000000,0.42,1.09870178733,0.0299622834241,1
3000000,0.42,1.12389333822,0.0371782293343,1
3000000,0.42,1.14966249284,0.0443941752444,1
3000000,0.42,1.17602249474,0.0516101211546,1
3000000,0.42,1.20298689115,0.0588260670648,1
3000000,0.42,1.23056953991,0.066042012975,1
3000000,0.42,1.2587846166,0.0732579588852,1
3000000,0.42,1.28764662184,0.0804739047954,1
3000000,0.42,1.31717038869,0.0876898507056,1
3000000,0.42,1.34737109034,0.0949057966158,1
3000000,0.42,1.37826424788,0.102121742526,1
3000000,0.42,1.40986573824,0.109337688436,1
3000000,0.42,1.44219180243,0.116553634346,1
3000000,0.42,1.47525905381,0.123769580257,1
3000000,0.42,1.50908448667,0.130985526167,1
3000000,0.42,1.54368548495,0.138201472077,1
3000000,0.42,1.57907983117,0.145417417987,1
3000000,0.42,1.6152857156,0.152633363897,1
3000000,0.42,1.65232174556,0.159849309808,1
3000000,0.42,1.69020695503,0.167065255718,1
3000000,0.42,1.72896081437,0.174281201628,1
3000000,0.42,1.76860324042,0.181497147538,1
3000000,0.42,1.80915460664,0.188713093448,1
3000000,0.42,1.85063575364,0.195929039359,1
3000000,0.42,1.89306799988,0.203144985269,1
3000000,0.42,1.93647315259,0.210360931179,1
3000000,0.42,1.98087351905,0.217576877089,1
3000000,0.42,2.02629191797,0.224792822999,1
3000000,0.42,2.07275169128,0.23200876891,1
3000000,0.42,2.12027671611,0.23922471482,1
3000000,0.42,2.16889141705,0.24644066073,0
3000000,0.42,2.21862077869,0.25365660664,0
3000000,0.42,2.26949035851,0.26087255255,0
3000000,0.42,2.32152629995,0.268088498461,0
3000000,0.42,2.37475534592,0.275304444371,0
3000000,0.42,2.42920485246,0.282520390281,0
3000000,0.42,2.48490280288,0.289736336191,0
3000000,0.42,2.54187782209,0.296952282101,0
3000000,0.42,2.6001591913,0.304168228012,0
3000000,0.42,2.65977686314,0.311384173922,0
3000000,0.42,2.72076147697,0.318600119832,0
3000000,0.42,2.78314437469,0.325816065742,0
3000000,0.42,2.8469576168,0.333032011652,0
3000000,0.42,2.91223399892,0.340247957563,0
3000000,0.42,2.9790070686,0.347463903473,0
3000000,0.42,3.0473111426,0.354679849383,0
3000000,0.42,3.11718132451,0.361895795293,0
3000000,0.42,3.18865352278,0.369111741203,0
3000000,0.42,3.2617644692,0.376327687114,0
3000000,0.42,3.33655173776,0.383543633024,0
3000000,0.42,3.41305376396,0.390759578934,0
3000000,0.42,3.49130986456,0.397975524844,0
3000000,0.42,3.57136025782,0.405191470754,0
3000000,0.42,3.65324608411,0.412407416665,0
3000000,0.42,3.7370094271,0.419623362575,0
3000000,0.42,3.82269333539,0.426839308485,0
3000000,0.42,3.91034184459,0.434055254395,0
3000000,0.42,4,0.441271200305,0
3000000,0.44,1.05,0.0155303916037,1
3000000,0.44,1.07407489343,0.0227463375139,1
3000000,0.44,1.09870178733,0.0299622834241,1
3000000,0.44,1.12389333822,0.0371782293343,1
3000000,0.44,1.14966249284,0.0443941752444,1
3000000,0.44,1.17602249474,0.0516101211546,1
3000000,0.44,1.20298689115,0.0588260670648,1
3000000,0.44,1.23056953991,0.066042012975,1
3000000,0.44,1.2587846166,0.0732579588852,1
3000000,0.44,1.28764662184,0.0804739047954,1
3000000,0.44,1.31717038869,0.0876898507056,1
3000000,0.44,1.34737109034,0.0949057966158,1
3000000,0.44,1.37826424788,0.102121742526,1
3000000,0.44,1.40986573824,0.109337688436,1
3000000,0.44,1.44219180243,0.116553634346,1
3000000,0.44,1.47525905381,0.123769580257,1
3000000,0.44,1.50908448667,0.130985526167,1
3000000,0.44,1.54368548495,0.138201472077,1
3000000,0.44,1.57907983117,0.145417417987,1
3000000,0.44,1.6152857156,0.152633363897,1
3000000,0.44,1.65232174556,0.159849309808,1
3000000,0.44,1.69020695503,0.167065255718,1
3000000,0.44,1.72896081437,0.174281201628,1
3000000,0.44,1.76860324042,0.181497147538,1
3000000,0.44,1.80915460664,0.188713093448,1
3000000,0.44,1.85063575364,0.195929039359,1
3000000,0.44,1.89306799988,0.203144985269,1
3000000,0.44,1.93647315259,0.210360931179,1
3000000,0.44,1.98087351905,0.217576877089,1
3000000,0.44,2.02629191797,0.224792822999,1
3000000,0.44,2.07275169128,0.23200876891,1
3000000,0.44,2.12027671611,0.23922471482,1
3000000,0.44,2.16889141705,0.24644066073,1
3000000,0.44,2.21862077869,0.25365660664,0
3000000,0.44,2.26949035851,0.26087255255,0
3000000,0.44,2.32152629995,0.268088498461,0
3000000,0.44,2.37475534592,0.275304444371,0
3000000,0.44,2.42920485246,0.282520390281,0
3000000,0.44,2.48490280288,0.289736336191,0
3000000,0.44,2.54187782209,0.296952282101,0
3000000,0.44,2.6001591913,0.304168228012,0
3000000,0.44,2.65977686314,0.311384173922,0
3000000,0.44,2.72076147697,0.318600119832,0
3000000,0.44,2.78314437469,0.325816065742,0
3000000,0.44,2.8469576168,0.333032011652,0
3000000,0.44,2.91223399892,0.340247957563,0
3000000,0.44,2.9790070686,0.347463903473,0
3000000,0.44,3.0473111426,0.354679849383,0
3000000,0.44,3.11718132451,0.361895795293,0
3000000,0.44,3.18865352278,0.369111741203,0
3000000,0.44,3.2617644692,0.376327687114,0
3000000,0.44,3.33655173776,0.383543633024,0
3000000,0.44,3.41305376396,0.390759578934,0
3000000,0.44,3.49130986456,0.397975524844,0
3000000,0.44,3.57136025782,0.405191470754,0
3000000,0.44,3.65324608411,0.412407416665,0
3000000,0.44,3.7370094271,0.419623362575,0
3000000,0.44,3.82269333539,0.426839308485,0
3000000,0.44,3.91034184459,0.434055254395,0
3000000,0.44,4,0.441271200305,0
3000000,0.46,1.05,0.0155303916037,1
3000000,0.46,1.07407489343,0.0227463375139,1
3000000,0.46,1.09870178733,0.0299622834241,1
3000000,0.46,1.12389333822,0.0371782293343,1
3000000,0.46,1.14966249284,0.0443941752444,1
3000000,0.46,1.17602249474,0.0516101211546,1
3000000,0.46,1.20298689115,0.0588260670648,1
3000000,0.46,1.23056953991,0.066042012975,1
3000000,0.46,1.2587846166,0.0732579588852,1
3000000,0.46,1.28764662184,0.0804739047954,1
3000000,0.46,1.31717038869,0.0876898507056,1
3000000,0.46,1.34737109034,0.0949057966158,1
3000000,0.46,1.37826424788,0.102121742526,1
3000000,0.46,1.40986573824,0.109337688436,1
3000000,0.46,1.44219180243,0.116553634346,1
3000000,0.46,1.47525905381,0.123769580257,1
3000000,0.46,1.50908448667,0.130985526167,1
3000000,0.46,1.54368548495,0.138201472077,1
3000000,0.46,1.57907983117,0.145417417987,1
3000000,0.46,1.6152857156,0.152633363897,1
3000000,0.46,1.65232174556,0.159849309808,1
3000000,0.46,1.69020695503,0.167065255718,1
3000000,0.46,1.72896081437,0.174281201628,1
3000000,0.46,1.76860324042,0.181497147538,1
3000000,0.46,1.80915460664,0.188713093448,1
3000000,0.46,1.85063575364,0.195929039359,1
3000000,0.46,1.89306799988,0.203144985269,1
3000000,0.46,1.93647315259,0.210360931179,1
3000000,0.46,1.98087351905,0.217576877089,1
3000000,0.46,2.02629191797,0.224792822999,1
3000000,0.46,2.07275169128,0.23200876891,1
3000000,0.46,2.12027671611,0.23922471482,1
3000000,0.46,2.16889141705,0.24644066073,1
3000000,0.46,2.21862077869,0.25365660664,0
3000000,0.46,2.26949035851,0.26087255255,0
3000000,0.46,2.32152629995,0.268088498461,0
3000000,0.46,2.37475534592,0.275304444371,0
3000000,0.46,2.42920485246,0.282520390281,0
3000000,0.46,2.48490280288,0.289736336191,0
3000000,0.46,2.54187782209,0.296952282101,0
3000000,0.46,2.6001591913,0.304168228012,0
3000000,0.46,2.65977686314,0.311384173922,0
3000000,0.46,2.72076147697,0.318600119832,0
3000000,0.46,2.78314437469,0.325816065742,0
3000000,0.46,2.8469576168,0.333032011652,0
3000000,0.46,2.91223399892,0.340247957563,0
3000000,0.46,2.9790070686,0.347463903473,0
3000000,0.46,3.0473111426,0.354679849383,0
3000000,0.46,3.11718132451,0.361895795293,0
3000000,0.46,3.18865352278,0.369111741203,0
3000000,0.46,3.2617644692,0.376327687114,0
3000000,0.46,3.33655173776,0.383543633024,0
3000000,0.46,3.41305376396,0.390759578934,0
3000000,0.46,3.49130986456,0.397975524844,0
3000000,0.46,3.57136025782,0.405191470754,0
3000000,0.46,3.65324608411,0.412407416665,0
3000000,0.46,3.7370094271,0.419623362575,0
3000000,0.46,3.82269333539,0.426839308485,0
3000000,0.46,3.91034184459,0.434055254395,0
3000000,0.46,4,0.441271200305,0
3000000,0.48,1.05,0.0155303916037,1
3000000,0.48,1.07407489343,0.0227463375139,1
3000000,0.48,1.09870178733,0.0299622834241,1
3000000,0.48,1.12389333822,0.0371782293343,1
3000000,0.48,1.14966249284,0.0443941752444,1
3000000,0.48,1.17602249474,0.0516101211546,1
3000000,0.48,1.20298689115,0.0588260670648,1
3000000,0.48,1.23056953991,0.066042012975,1
3000000,0.48,1.2587846166,0.0732579588852,1
3000000,0.48,1.28764662184,0.0804739047954,1
3000000,0.48,1.31717038869,0.0876898507056,1
3000000,0.48,1.34737109034,0.0949057966158,1
3000000,0.48,1.37826424788,0.102121742526,1
3000000,0.48,1.40986573824,0.109337688436,1
3000000,0.48,1.44219180243,0.116553634346,1
3000000,0.48,1.47525905381,0.123769580257,1
3000000,0.48,1.50908448667,0.130985526167,1
3000000,0.48,1.54368548495,0.138201472077,1
3000000,0.48,1.57907983117,0.145417417987,1
3000000,0.48,1.6152857156,0.152633363897,1
3000000,0.48,1.65232174556,0.159849309808,1
3000000,0.48,1.69020695503,0.167065255718,1
3000000,0.48,1.72896081437,0.174281201628,1
3000000,0.48,1.76860324042,0.181497147538,1
3000000,0.48,1.80915460664,0.188713093448,1
3000000,0.48,1.85063575364,0.195929039359,1
3000000,0.48,1.89306799988,0.203144985269,1
3000000,0.48,1.93647315259,0.210360931179,1
3000000,0.48,1.98087351905,0.217576877089,1
3000000,0.48,2.02629191797,0.224792822999,1
3000000,0.48,2.07275169128,0.23200876891,1
3000000,0.48,2.12027671611,0.23922471482,1
3000000,0.48,2.16889141705,0.24644066073,1
3000000,0.48,2.21862077869,0.25365660664,1
3000000,0.48,2.26949035851,0.26087255255,0
3000000,0.48,2.32152629995,0.268088498461,0
3000000,0.48,2.37475534592,0.275304444371,0
3000000,0.48,2.42920485246,0.282520390281,0
3000000,0.48,2.48490280288,0.289736336191,0
3000000,0.48,2.54187782209,0.296952282101,0
3000000,0.48,2.6001591913,0.304168228012,0
3000000,0.48,2.65977686314,0.311384173922,0
3000000,0.48,2.72076147697,0.318600119832,0
3000000,0.48,2.78314437469,0.325816065742,0
3000000,0.48,2.8469576168,0.333032011652,0
3000000,0.48,2.91223399892,0.340247957563,0
3000000,0.48,2.9790070686,0.347463903473,0
3000000,0.48,3.0473111426,0.354679849383,0
3000000,0.48,3.11718132451,0.361895795293,0
3000000,0.48,3.18865352278,0.369111741203,0
3000000,0.48,3.2617644692,0.376327687114,0
3000000,0.48,3.33655173776,0.383543633024,0
3000000,0.48,3.41305376396,0.390759578934,0
3000000,0.48,3.49130986456,0.397975524844,0
3000000,0.48,3.57136025782,0.405191470754,0
3000000,0.48,3.65324608411,0.412407416665,0
3000000,0.48,3.7370094271,0.419623362575,0
3000000,0.48,3.82269333539,0.426839308485,0
3000000,0.48,3.91034184459,0.434055254395,0
3000000,0.48,4,0.441271200305,0
3000000,0.5,1.05,0.0155303916037,1
3000000,0.5,1.07407489343,0.0227463375139,1
3000000,0.5,1.09870178733,0.0299622834241,1
3000000,0.5,1.12389333822,0.0371782293343,1
3000000,0.5,1.14966249284,0.0443941752444,1
3000000,0.5,1.17602249474,0.0516101211546,1
3000000,0.5,1.20298689115,0.0588260670648,1
3000000,0.5,1.23056953991,0.066042012975,1
3000000,0.5,1.2587846166,0.0732579588852,1
3000000,0.5,1.28764662184,0.0804739047954,1
3000000,0.5,1.31717038869,0.0876898507056,1
3000000,0.5,1.34737109034,0.0949057966158,1
3000000,0.5,1.37826424788,0.102121742526,1
3000000,0.5,1.40986573824,0.109337688436,1
3000000,0.5,1.44219180243,0.116553634346,1
3000000,0.5,1.47525905381,0.123769580257,1
3000000,0.5,1.50908448667,0.130985526167,1
3000000,0.5,1.54368548495,0.138201472077,1
3000000,0.5,1.57907983117,0.145417417987,1
3000000,0.5,1.6152857156,0.152633363897,1
3000000,0.5,1.65232174556,0.159849309808,1
3000000,0.5,1.69020695503,0.167065255718,1
3000000,0.5,1.72896081437,0.174281201628,1
3000000,0.5,1.76860324042,0.181497147538,1
3000000,0.5,1.80915460664,0.188713093448,1
3000000,0.5,1.85063575364,0.195929039359,1
3000000,0.5,1.89306799988,0.203144985269,1
3000000,0.5,1.93647315259,0.210360931179,1
3000000,0.5,1.98087351905,0.217576877089,1
3000000,0.5,2.02629191797,0.224792822999,1
3000000,0.5,2.07275169128,0.23200876891,1
3000000,0.5,2.12027671611,0.23922471482,1
3000000,0.5,2.16889141705,0.24644066073,1
3000000,0.5,2.21862077869,0.25365660664,1
3000000,0.5,2.26949035851,0.26087255255,0
3000000,0.5,2.32152629995,0.268088498461,0
3000000,0.5,2.37475534592,0.275304444371,0
3000000,0.5,2.42920485246,0.282520390281,0
3000000,0.5,2.48490280288,0.289736336191,0
3000000,0.5,2.54187782209,0.296952282101,0
3000000,0.5,2.6001591913,0.304168228012,0
3000000,0.5,2.65977686314,0.311384173922,0
3000000,0.5,2.72076147697,0.318600119832,0
3000000,0.5,2.78314437469,0.325816065742,0
3000000,0.5,2.8469576168,0.333032011652,0
3000000,0.5,2.91223399892,0.340247957563,0
3000000,0.5,2.9790070686,0.347463903473,0
3000000,0.5,3.0473111426,0.354679849383,0
3000000,0.5,3.11718132451,0.361895795293,0
3000000,0.5,3.18865352278,0.369111741203,0
3000000,0.5,3.2617644692,0.376327687114,0
3000000,0.5,3.33655173776,0.383543633024,0
3000000,0.5,3.41305376396,0.390759578934,0
3000000,0.5,3.49130986456,0.397975524844,0
3000000,0.5,3.57136025782,0.405191470754,0
3000000,0.5,3.65324608411,0.412407416665,0
3000000,0.5,3.7370094271,0.419623362575,0
3000000,0.5,3.82269333539,0.426839308485,0
3000000,0.5,3.91034184459,0.434055254395,0
3000000,0.5,4,0.441271200305,0
3000000,0.52,1.05,0.0155303916037,1
3000000,0.52,1.07407489343,0.0227463375139,1
3000000,0.52,1.09870178733,0.0299622834241,1
3000000,0.52,1.12389333822,0.0371782293343,1
3000000,0.52,1.14966249284,0.0443941752444,1
3000000,0.52,1.17602249474,0.0516101211546,1
3000000,0.52,1.20298689115,0.0588260670648,1
3000000,0.52,1.23056953991,0.066042012975,1
3000000,0.52,1.2587846166,0.0732579588852,1
3000000,0.52,1.28764662184,0.0804739047954,1
3000000,0.52,1.31717038869,0.0876898507056,1
3000000,0.52,1.34737109034,0.0949057966158,1
3000000,0.52,1.37826424788,0.102121742526,1
3000000,0.52,1.40986573824,0.109337688436,1
3000000,0.52,1.44219180243,0.116553634346,1
3000000,0.52,1.47525905381,0.123769580257,1
3000000,0.52,1.50908448667,0.130985526167,1
3000000,0.52,1.54368548495,0.138201472077,1
3000000,0.52,1.57907983117,0.145417417987,1
3000000,0.52,1.6152857156,0.152633363897,1
3000000,0.52,1.65232174556,0.159849309808,1
3000000,0.52,1.69020695503,0.167065255718,1
3000000,0.52,1.72896081437,0.174281201628,1
3000000,0.52,1.76860324042,0.181497147538,1
3000000,0.52,1.80915460664,0.188713093448,1
3000000,0.52,1.85063575364,0.195929039359,1
3000000,0.52,1.89306799988,0.203144985269,1
3000000,0.52,1.93647315259,0.210360931179,1
3000000,0.52,1.98087351905,0.217576877089,1
3000000,0.52,2.02629191797,0.224792822999,1
3000000,0.52,2.07275169128,0.23200876891,1
3000000,0.52,2.12027671611,0.23922471482,1
3000000,0.52,2.16889141705,0.24644066073,1
3000000,0.52,2.21862077869,0.25365660664,1
3000000,0.52,2.26949035851,0.26087255255,0
3000000,0.52,2.32152629995,0.268088498461,0
3000000,0.52,2.37475534592,0.275304444371,0
3000000,0.52,2.42920485246,0.282520390281,0
3000000,0.52,2.48490280288,0.289736336191,0
3000000,0.52,2.54187782209,0.296952282101,0
3000000,0.52,2.6001591913,0.304168228012,0
3000000,0.52,2.65977686314,0.311384173922,0
3000000,0.52,2.72076147697,0.318600119832,0
3000000,0.52,2.78314437469,0.325816065742,0
3000000,0.52,2.8469576168,0.333032011652,0
3000000,0.52,2.91223399892,0.340247957563,0
3000000,0.52,2.9790070686,0.347463903473,0
3000000,0.52,3.0473111426,0.354679849383,0
3000000,0.52,3.11718132451,0.361895795293,0
3000000,0.52,3.18865352278,0.369111741203,0
3000000,0.52,3.2617644692,0.376327687114,0
3000000,0.52,3.33655173776,0.383543633024,0
3000000,0.52,3.41305376396,0.390759578934,0
3000000,0.52,3.49130986456,0.397975524844,0
3000000,0.52,3.57136025782,0.405191470754,0
3000000,0.52,3.65324608411,0.412407416665,0
3000000,0.52,3.7370094271,0.419623362575,0
3000000,0.52,3.82269333539,0.426839308485,0
3000000,0.52,3.91034184459,0.434055254395,0
3000000,0.52,4,0.441271200305,0
3000000,0.54,1.05,0.0155303916037,1
3000000,0.54,1.07407489343,0.0227463375139,1
3000000,0.54,1.09870178733,0.0299622834241,1
3000000,0.54,1.12389333822,0.0371782293343,1
3000000,0.54,1.14966249284,0.0443941752444,1
3000000,0.54,1.17602249474,0.0516101211546,1
3000000,0.54,1.20298689115,0.0588260670648,1
3000000,0.54,1.23056953991,0.066042012975,1
3000000,0.54,1.2587846166,0.0732579588852,1
3000000,0.54,1.28764662184,0.0804739047954,1
3000000,0.54,1.31717038869,0.0876898507056,1
3000000,0.54,1.34737109034,0.0949057966158,1
3000000,0.54,1.37826424788,0.102121742526,1
3000000,0.54,1.40986573824,0.109337688436,1
3000000,0.54,1.44219180243,0.116553634346,1
3000000,0.54,1.47525905381,0.123769580257,1
3000000,0.54,1.50908448667,0.130985526167,1
3000000,0.54,1.54368548495,0.138201472077,1
3000000,0.54,1.57907983117,0.145417417987,1
3000000,0.54,1.6152857156,0.152633363897,1
3000000,0.54,1.65232174556,0.159849309808,1
3000000,0.54,1.69020695503,0.167065255718,1
3000000,0.54,1.72896081437,0.174281201628,1
3000000,0.54,1.76860324042,0.181497147538,1
3000000,0.54,1.80915460664,0.188713093448,1
3000000,0.54,1.85063575364,0.195929039359,1
3000000,0.54,1.89306799988,0.203144985269,1
3000000,0.54,1.93647315259,0.210360931179,1
3000000,0.54,1.98087351905,0.217576877089,1
3000000,0.54,2.02629191797,0.224792822999,1
3000000,0.54,2.07275169128,0.23200876891,1
3000000,0.54,2.12027671611,0.23922471482,1
3000000,0.54,2.16889141705,0.24644066073,1
3000000,0.54,2.21862077869,0.25365660664,1
3000000,0.54,2.26949035851,0.26087255255,1
3000000,0.54,2.32152629995,0.268088498461,0
3000000,0.54,2.37475534592,0.275304444371,0
3000000,0.54,2.42920485246,0.282520390281,0
3000000,0.54,2.48490280288,0.289736336191,0
3000000,0.54,2.54187782209,0.296952282101,0
3000000,0.54,2.6001591913,0.304168228012,0
3000000,0.54,2.65977686314,0.311384173922,0
3000000,0.54,2.72076147697,0.318600119832,0
3000000,0.54,2.78314437469,0.325816065742,0
3000000,0.54,2.8469576168,0.333032011652,0
3000000,0.54,2.91223399892,0.340247957563,0
3000000,0.54,2.9790070686,0.347463903473,0
3000000,0.54,3.0473111426,0.354679849383,0
3000000,0.54,3.11718132451,0.361895795293,0
3000000,0.54,3.18865352278,0.369111741203,0
3000000,0.54,3.2617644692,0.376327687114,0
3000000,0.54,3.33655173776,0.383543633024,0
3000000,0.54,3.41305376396,0.390759578934,0
3000000,0.54,3.49130986456,0.397975524844,0
3000000,0.54,3.57136025782,0.405191470754,0
3000000,0.54,3.65324608411,0.412407416665,0
3000000,0.54,3.7370094271,0.419623362575,0
3000000,0.54,3.82269333539,0.426839308485,0
3000000,0.54,3.91034184459,0.434055254395,0
3000000,0.54,4,0.441271200305,0
3000000,0.56,1.05,0.0155303916037,1
3000000,0.56,1.07407489343,0.0227463375139,1
3000000,0.56,1.09870178733,0.0299622834241,1
3000000,0.56,1.12389333822,0.0371782293343,1
3000000,0.56,1.14966249284,0.0443941752444,1
3000000,0.56,1.17602249474,0.0516101211546,1
3000000,0.56,1.20298689115,0.0588260670648,1
3000000,0.56,1.23056953991,0.066042012975,1
3000000,0.56,1.2587846166,0.0732579588852,1
3000000,0.56,1.28764662184,0.0804739047954,1
3000000,0.56,1.31717038869,0.0876898507056,1
3000000,0.56,1.34737109034,0.0949057966158,1
3000000,0.56,1.37826424788,0.102121742526,1
3000000,0.56,1.40986573824,0.109337688436,1
3000000,0.56,1.44219180243,0.116553634346,1
3000000,0.56,1.47525905381,0.123769580257,1
3000000,0.56,1.50908448667,0.130985526167,1
3000000,0.56,1.54368548495,0.138201472077,1
3000000,0.56,1.57907983117,0.145417417987,1
3000000,0.56,1.6152857156,0.152633363897,1
3000000,0.56,1.65232174556,0.159849309808,1
3000000,0.56,1.69020695503,0.167065255718,1
3000000,0.56,1.72896081437,0.174281201628,1
3000000,0.56,1.76860324042,0.181497147538,1
3000000,0.56,1.80915460664,0.188713093448,1
3000000,0.56,1.85063575364,0.195929039359,1
3000000,0.56,1.89306799988,0.203144985269,1
3000000,0.56,1.93647315259,0.210360931179,1
3000000,0.56,1.98087351905,0.217576877089,1
3000000,0.56,2.02629191797,0.224792822999,1
3000000,0.56,2.07275169128,0.23200876891,1
3000000,0.56,2.12027671611,0.23922471482,1
3000000,0.56,2.16889141705,0.24644066073,1
3000000,0.56,2.21862077869,0.25365660664,1
3000000,0.56,2.26949035851,0.26087255255,1
3000000,0.56,2.32152629995,0.268088498461,0
3000000,0.56,2.37475534592,0.275304444371,0
3000000,0.56,2.42920485246,0.282520390281,0
3000000,0.56,2.48490280288,0.289736336191,0
3000000,0.56,2.54187782209,0.296952282101,0
3000000,0.56,2.6001591913,0.304168228012,0
3000000,0.56,2.65977686314,0.311384173922,0
3000000,0.56,2.72076147697,0.318600119832,0
3000000,0.56,2.78314437469,0.325816065742,0
3000000,0.56,2.8469576168,0.333032011652,0
3000000,0.56,2.91223399892,0.340247957563,0
3000000,0.56,2.9790070686,0.347463903473,0
3000000,0.56,3.0473111426,0.354679849383,0
3000000,0.56,3.11718132451,0.361895795293,0
3000000,0.56,3.18865352278,0.369111741203,0
3000000,0.56,3.2617644692,0.376327687114,0
3000000,0.56,3.33655173776,0.383543633024,0
3000000,0.56,3.41305376396,0.390759578934,0
3000000,0.56,3.49130986456,0.397975524844,0
3000000,0.56,3.57136025782,0.405191470754,0
3000000,0.56,3.65324608411,0.412407416665,0
3000000,0.56,3.7370094271,0.419623362575,0
3000000,0.56,3.82269333539,0.426839308485,0
3000000,0.56,3.91034184459,0.434055254395,0
3000000,0.56,4,0.441271200305,0
3000000,0.58,1.05,0.0155303916037,1
3000000,0.58,1.07407489343,0.0227463375139,1
3000000,0.58,1.09870178733,0.0299622834241,1
3000000,0.58,1.12389333822,0.0371782293343,1
3000000,0.58,1.14966249284,0.0443941752444,1
3000000,0.58,1.17602249474,0.0516101211546,1
3000000,0.58,1.20298689115,0.0588260670648,1
3000000,0.58,1.23056953991,0.066042012975,1
3000000,0.58,1.2587846166,0.0732579588852,1
3000000,0.58,1.28764662184,0.0804739047954,1
3000000,0.58,1.31717038869,0.0876898507056,1
3000000,0.58,1.34737109034,0.0949057966158,1
3000000,0.58,1.37826424788,0.102121742526,1
3000000,0.58,1.40986573824,0.109337688436,1
3000000,0.58,1.44219180243,0.116553634346,1
3000000,0.58,1.47525905381,0.123769580257,1
3000000,0.58,1.50908448667,0.130985526167,1
3000000,0.58,1.54368548495,0.138201472077,1
3000000,0.58,1.57907983117,0.145417417987,1
3000000,0.58,1.6152857156,0.152633363897,1
3000000,0.58,1.65232174556,0.159849309808,1
3000000,0.58,1.69020695503,0.167065255718,1
3000000,0.58,1.72896081437,0.174281201628,1
3000000,0.58,1.76860324042,0.181497147538,1
3000000,0.58,1.80915460664,0.188713093448,1
3000000,0.58,1.85063575364,0.195929039359,1
3000000,0.58,1.89306799988,0.203144985269,1
3000000,0.58,1.93647315259,0.210360931179,1
3000000,0.58,1.98087351905,0.217576877089,1
3000000,0.58,2.02629191797,0.224792822999,1
3000000,0.58,2.07275169128,0.23200876891,1
3000000,0.58,2.12027671611,0.23922471482,1
3000000,0.58,2.16889141705,0.24644066073,1
3000000,0.58,2.21862077869,0.25365660664,1
3000000,0.58,2.26949035851,0.26087255255,1
3000000,0.58,2.32152629995,0.268088498461,0
3000000,0.58,2.37475534592,0.275304444371,0
3000000,0.58,2.42920485246,0.282520390281,0
3000000,0.58,2.48490280288,0.289736336191,0
3000000,0.58,2.54187782209,0.296952282101,0
3000000,0.58,2.6001591913,0.304168228012,0
3000000,0.58,2.65977686314,0.311384173922,0
3000000,0.58,2.72076147697,0.318600119832,0
3000000,0.58,2.78314437469,0.325816065742,0
3000000,0.58,2.8469576168,0.333032011652,0
3000000,0.58,2.91223399892,0.340247957563,0
3000000,0.58,2.9790070686,0.347463903473,0
3000000,0.58,3.0473111426,0.354679849383,0
3000000,0.58,3.11718132451,0.361895795293,0
3000000,0.58,3.18865352278,0.369111741203,0
3000000,0.58,3.2617644692,0.376327687114,0
3000000,0.58,3.33655173776,0.383543633024,0
3000000,0.58,3.41305376396,0.390759578934,0
3000000,0.58,3.49130986456,0.397975524844,0
3000000,0.58,3.57136025782,0.405191470754,0
3000000,0.58,3.65324608411,0.412407416665,0
3000000,0.58,3.7370094271,0.419623362575,0
3000000,0.58,3.82269333539,0.426839308485,0
3000000,0.58,3.91034184459,0.434055254395,0
3000000,0.58,4,0.441271200305,0
3000000,0.6,1.05,0.0155303916037,1
3000000,0.6,1.07407489343,0.0227463375139,1
3000000,0.6,1.09870178733,0.0299622834241,1
3000000,0.6,1.12389333822,0.0371782293343,1
3000000,0.6,1.14966249284,0.0443941752444,1
3000000,0.6,1.17602249474,0.0516101211546,1
3000000,0.6,1.20298689115,0.0588260670648,1
3000000,0.6,1.23056953991,0.066042012975,1
3000000,0.6,1.2587846166,0.0732579588852,1
3000000,0.6,1.28764662184,0.0804739047954,1
3000000,0.6,1.31717038869,0.0876898507056,1
3000000,0.6,1.34737109034,0.0949057966158,1
3000000,0.6,1.37826424788,0.102121742526,1
3000000,0.6,1.40986573824,0.109337688436,1
3000000,0.6,1.44219180243,0.116553634346,1
3000000,0.6,1.47525905381,0.123769580257,1
3000000,0.6,1.50908448667,0.130985526167,1
3000000,0.6,1.54368548495,0.138201472077,1
3000000,0.6,1.57907983117,0.145417417987,1
3000000,0.6,1.6152857156,0.152633363897,1
3000000,0.6,1.65232174556,0.159849309808,1
3000000,0.6,1.69020695503,0.167065255718,1
3000000,0.6,1.72896081437,0.174281201628,1
3000000,0.6,1.76860324042,0.181497147538,1
3000000,0.6,1.80915460664,0.188713093448,1
3000000,0.6,1.85063575364,0.195929039359,1
3000000,0.6,1.89306799988,0.203144985269,1
3000000,0.6,1.93647315259,0.210360931179,1
3000000,0.6,1.98087351905,0.217576877089,1
3000000,0.6,2.02629191797,0.224792822999,1
3000000,0.6,2.07275169128,0.23200876891,1
3000000,0.6,2.12027671611,0.23922471482,1
3000000,0.6,2.16889141705,0.24644066073,1
3000000,0.6,2.21862077869,0.25365660664,1
3000000,0.6,2.26949035851,0.26087255255,1
3000000,0.6,2.32152629995,0.268088498461,1
3000000,0.6,2.37475534592,0.275304444371,0
3000000,0.6,2.42920485246,0.282520390281,0
3000000,0.6,2.48490280288,0.289736336191,0
3000000,0.6,2.54187782209,0.296952282101,0
3000000,0.6,2.6001591913,0.304168228012,0
3000000,0.6,2.65977686314,0.311384173922,0
3000000,0.6,2.72076147697,0.318600119832,0
3000000,0.6,2.78314437469,0.325816065742,0
3000000,0.6,2.8469576168,0.333032011652,0
3000000,0.6,2.91223399892,0.340247957563,0
3000000,0.6,2.9790070686,0.347463903473,0
3000000,0.6,3.0473111426,0.354679849383,0
3000000,0.6,3.11718132451,0.361895795293,0
3000000,0.6,3.18865352278,0.369111741203,0
3000000,0.6,3.2617644692,0.376327687114,0
3000000,0.6,3.33655173776,0.383543633024,0
3000000,0.6,3.41305376396,0.390759578934,0
3000000,0.6,3.49130986456,0.397975524844,0
3000000,0.6,3.57136025782,0.405191470754,0
3000000,0.6,3.65324608411,0.412407416665,0
3000000,0.6,3.7370094271,0.419623362575,0
3000000,0.6,3.82269333539,0.426839308485,0
3000000,0.6,3.91034184459,0.434055254395,0
3000000,0.6,4,0.441271200305,0
