step,time,kinetic,elastic,total,rel_energy_drift,linear_momentum_err,angular_momentum_err
0,0,0.000196349540849,1.93615595668e-29,0.000196349540849,0,0,0
100,0.1,0.000118533544621,7.72675209709e-05,0.000195801065592,0.00279336154766,2.04766351793e-11,1.22456174637e-07
200,0.2,0.000194586592409,8.70181951054e-07,0.00019545677436,0.00454682239176,2.98820459958e-11,1.79892290721e-07
300,0.3,0.000120229530485,7.53341496021e-05,0.000195563680087,0.00400235599825,6.10313384895e-11,3.12890815237e-07
400,0.4,0.000191818067754,3.41617878376e-06,0.000195234246537,0.00568014728762,5.08572521437e-11,2.77901982429e-07
500,0.5,0.00012354430124,7.17792815731e-05,0.000195323582813,0.00522516137397,4.38001627648e-11,3.99070411498e-07
600,0.6,0.000187523418536,7.49428368189e-06,0.000195017702218,0.00678299845059,6.17778591234e-11,2.99609054164e-07
700,0.7,0.000128306646393,6.67735260348e-05,0.000195080172428,0.00646484028242,7.28376549399e-11,4.83628249165e-07
800,0.8,0.000181884156758,1.29220703284e-05,0.000194806227087,0.00786003244967,6.06816358217e-11,3.10803422865e-07
900,0.9,0.000134289508773,6.05449315396e-05,0.000194834440313,0.00771634367065,7.03141188331e-11,4.75634541443e-07
1000,1,0.000175155818556,1.94435375828e-05,0.000194599356139,0.00891361753452,8.05733303074e-11,2.00966415957e-07
1100,1.1,0.000141207721955,5.33791888375e-05,0.000194586910792,0.00897700116492,1.17268505951e-10,4.12200175172e-07
1200,1.2,0.000167649077575,2.67465153798e-05,0.000194395592955,0.00995137490943,1.19297985187e-10,8.97777864026e-08
1300,1.3,0.000148747737994,4.55907620425e-05,0.000194338500036,0.0102421467569,9.28485358473e-11,2.67039976671e-07
1400,1.4,0.000159693394512,3.45007881986e-05,0.000194194182711,0.0109771488605,9.56029265534e-11,1.40604337477e-07
1500,1.5,0.000156568740434,3.75214008131e-05,0.000194090141247,0.0115070276843,9.60567792593e-11,9.05910696882e-08
1600,1.6,0.000151644500468,4.23490999337e-05,0.000193993600402,0.0119987061703,6.50603274314e-11,3.34669915049e-07
1700,1.7,0.000164316579512,2.95261851516e-05,0.000193842764664,0.0127669062777,7.90892667414e-11,1.70154189962e-07
1800,1.8,0.000143844618276,4.99484759979e-05,0.000193793094274,0.0130198754953,7.70500346108e-11,6.54823500014e-07
1900,1.9,0.000171648651291,2.1948702883e-05,0.000193597354174,0.0140167716372,8.24945168453e-11,4.63020758129e-07
2000,2,0.000136635671078,5.69557061632e-05,0.000193591377241,0.0140472119063,7.61955079284e-11,9.32108028126e-07
2100,2.1,0.000178235062999,1.51199825093e-05,0.000193355045509,0.0152508395375,7.36339821651e-11,8.37479243643e-07
2200,2.2,0.000130316391997,6.30712984149e-05,0.000193387690412,0.0150845804099,6.70271478146e-11,1.32636561321e-06
2300,2.3,0.000183793071449,9.32332477354e-06,0.000193116396223,0.0164662703695,7.31483696265e-11,1.23860576529e-06
2400,2.4,0.00012515882868,6.80224610414e-05,0.000193181289721,0.0161357704953,6.57941882934e-11,1.6770400663e-06
2500,2.5,0.000188076506595,4.80604609375e-06,0.000192882552689,0.0176572257073,4.09834211019e-11,1.71053432302e-06
2600,2.6,0.000121371951992,7.1599490547e-05,0.000192971442539,0.0172045134189,6.66280124459e-11,2.12778116243e-06
2700,2.7,0.000190905684572,1.74798840134e-06,0.000192653672974,0.0188229005257,4.34456554227e-11,2.20339466143e-06
2800,2.8,0.000119110339909,7.36476266845e-05,0.000192757966594,0.0182917374809,3.73367439954e-11,2.53978890078e-06
2900,2.9,0.000192156145893,2.74418395621e-07,0.000192430564289,0.0199591837276,4.9398601354e-11,2.74491838544e-06
3000,3,0.000118456710439,7.40838381649e-05,0.000192540548604,0.0193990382101,3.07986346849e-11,3.03575164245e-06
3100,3.1,0.00019177793615,4.35068718588e-07,0.000192213004868,0.0210672047577,2.97711314125e-11,3.31151086284e-06
3200,3.2,0.000119426413956,7.28926606296e-05,0.000192319074586,0.0205269961206,5.08769846731e-11,3.50001233316e-06
3300,3.3,0.000189790153113,2.21107067945e-06,0.000192001223793,0.0221457969181,2.32590162311e-11,3.89843192875e-06
3400,3.4,0.000121965041975,7.01289487744e-05,0.00019209399075,0.0216733386866,4.59848170387e-11,4.037219368e-06
3500,3.5,0.000186282922908,5.51175052364e-06,0.000191794673432,0.0231977492692,7.13659286058e-11,4.50996956367e-06
3600,3.6,0.000125950590045,6.59145650466e-05,0.000191865155092,0.0228387891229,9.02545424948e-11,4.53851193776e-06
3700,3.7,0.000181415839702,1.01771185223e-05,0.000191592958225,0.0242250763831,6.98359391502e-11,5.11229872016e-06
3800,3.8,0.000131196793346,6.04368819341e-05,0.00019163367528,0.024017706123,7.82903888603e-11,5.11168171241e-06
3900,3.9,0.000175399589064,1.59957133956e-05,0.000191395302459,0.0252317289284,1.17167969783e-10,5.73877459254e-06
4000,4,0.000137464717638,5.39347968894e-05,0.000191399514527,0.0252102770439,1.02331050977e-10,5.63740191549e-06
4100,4.1,0.000168505245436,2.26955981146e-05,0.00019120084355,0.0262221000198,1.02887651973e-10,6.33322762478e-06
4200,4.2,0.000144466596302,4.66976631153e-05,0.000191164259418,0.0264084214784,1.18788365583e-10,6.23620541274e-06
4300,4.3,0.000161030466918,2.99783182915e-05,0.00019100878521,0.0272002451169,1.21144328417e-10,6.94343606185e-06
4400,4.4,0.000151890384958,3.90376398254e-05,0.000190928024783,0.02761155459,1.08209746093e-10,6.77599184155e-06
4500,4.5,0.000153310133397,3.75077301712e-05,0.000190817863568,0.0281726010508,8.42120165418e-11,7.50997053275e-06
4600,4.6,0.000159395849539,3.12967541993e-05,0.000190692603739,0.0288105441255,1.0609662053e-10,7.38326291796e-06
4700,4.7,0.000145678634551,4.49488690323e-05,0.000190627503584,0.0291420964922,1.10994901095e-10,8.08133517217e-06
4800,4.8,0.000166650624013,2.38076769003e-05,0.000190458300914,0.0300038386145,9.13121246058e-11,7.92511360614e-06
4900,4.9,0.000138473234169,5.19630523775e-05,0.000190436286547,0.0301159568637,1.01041631957e-10,8.60408342981e-06
5000,5,0.000173321111421,1.69056618096e-05,0.000190226773231,0.0311829994211,7.04838567666e-11,8.51776112519e-06
5100,5.1,0.000132006068589,5.82377759027e-05,0.000190243844492,0.0310960562007,1.0173225465e-10,9.12268410542e-06
5200,5.2,0.000179112711841,1.08856438527e-05,0.000189998355694,0.0323463203849,9.12193757209e-11,9.04633886574e-06
5300,5.3,0.000126557933168,6.34908936026e-05,0.000190048826771,0.0320892733005,7.3337742667e-11,9.58772044712e-06
5400,5.4,0.00018375968254,6.01466981898e-06,0.000189774352359,0.0334871600005,9.24588134909e-11,9.59796277757e-06
5500,5.5,0.000122363890724,6.74873161393e-05,0.000189851206863,0.033095743224,1.03502119838e-10,1.00477331615e-05
5600,5.6,0.000187058128088,2.49685852258e-06,0.00018955498661,0.0346043805835,1.08763396994e-10,1.00927785474e-05
5700,5.7,0.000119599127804,7.00506593598e-05,0.000189649787164,0.0341215653307,1.21367246131e-10,1.04425030003e-05
5800,5.8,0.000188857872683,4.83010629935e-07,0.000189340883313,0.0356947997238,1.17028759254e-10,1.05767106209e-05
5900,5.9,0.000118378372793,7.10665221586e-05,0.000189444894952,0.0351650727964,1.26098179292e-10,1.08426138674e-05
6000,6,0.000189082100419,5.00776615859e-08,0.000189132178081,0.0367577267439,1.33913878155e-10,1.10128065849e-05
6100,6.1,0.000118741220598,7.04945010508e-05,0.000189235721649,0.0362303836793,1.27066584652e-10,1.11562170287e-05
6200,6.2,0.00018772257677,1.20618168648e-06,0.000188928758456,0.0377937343828,1.33336051895e-10,1.14069597197e-05
6300,6.3,0.000120661494186,6.83614585804e-05,0.000189022952766,0.0373140067016,1.15601749853e-10,1.14949897687e-05
6400,6.4,0.00018484431102,3.88625125465e-06,0.000188730562275,0.0388031392465,1.18519565731e-10,1.17580183419e-05
6500,6.5,0.000124038500462,6.47677091788e-05,0.000188806209641,0.0384178703729,1.37098498547e-10,1.17199572646e-05
6600,6.6,0.000180580535434,7.95632328729e-06,0.000188536858722,0.0397896633421,1.42222384073e-10,1.20473996016e-05
6700,6.7,0.000128710403994,5.98761438915e-05,0.000188586547885,0.0395365985096,1.2242909264e-10,1.19913431724e-05
6800,6.8,0.000175126266748,1.32211945983e-05,0.000188347461346,0.0407542562531,1.44921058002e-10,1.2290993439e-05
6900,6.9,0.000134455519298,5.39085910063e-05,0.000188364110305,0.0406694638052,1.48814860554e-10,1.21245067608e-05
7000,7,0.000168728584135,1.94325584568e-05,0.000188161142592,0.0417031698765,1.68052824003e-10,1.24673338227e-05
7100,7.1,0.000141006336518,4.71337370537e-05,0.000188140073571,0.041810473519,1.68112634272e-10,1.23161769621e-05
7200,7.2,0.000161676707056,2.63009051243e-05,0.000187977612181,0.0426378825865,1.61260107766e-10,1.25897912239e-05
7300,7.3,0.000148060703706,3.98544006604e-05,0.000187915104367,0.0429562322693,1.62368257491e-10,1.23574524166e-05
7400,7.4,0.000154284606655,3.35108257847e-05,0.00018779543244,0.0435657163859,1.55042259374e-10,1.26489797492e-05
7500,7.5,0.00015529518993,3.23951746112e-05,0.000187690364541,0.0441008228011,1.62402626088e-10,1.24523490687e-05
7600,7.6,0.000146883107616,4.07311133568e-05,0.000187614220973,0.0444886188114,1.6260123038e-10,1.26473854391e-05
7700,7.7,0.000162381183992,2.50855246903e-05,0.000187466708682,0.0452398927379,1.69563088444e-10,1.2401815444e-05
7800,7.8,0.000139795566526,4.7636929421e-05,0.000187432495947,0.045414136768,1.48070990936e-10,1.25870447239e-05
7900,7.9,0.000168998131286,1.82470683298e-05,0.000187245199616,0.0463680291468,1.55156205833e-10,1.23823329731e-05
8000,8,0.000133334715745,5.39151594918e-05,0.000187249875236,0.046344216409,1.60493210208e-10,1.24676372728e-05
8100,8.1,0.00017484880166,1.2177853656e-05,0.000187026655316,0.0474810661284,1.38556146645e-10,1.22376790345e-05
8200,8.2,0.000127776154223,5.92889703254e-05,0.000187065124548,0.047285143938,1.27870770776e-10,1.2285848097e-05
8300,8.3,0.000179672667691,7.13917240224e-06,0.000186811840093,0.0485751110733,1.61311757345e-10,1.2090552337e-05
8400,8.4,0.000123359554055,6.35182547671e-05,0.000186877808822,0.0482391350977,2.08860940072e-10,1.20599599009e-05
8500,8.5,0.000183256055024,3.34527464765e-06,0.000186601329671,0.0496472318495,2.10235090914e-10,1.18470072571e-05
8600,8.6,0.000120266007708,6.64211591751e-05,0.000186687166884,0.0492100665174,2.20801394703e-10,1.17565105481e-05
8700,8.7,0.000185443496563,9.52077207127e-07,0.00018639557377,0.0506951380476,1.98045359595e-10,1.15672212901e-05
8800,8.8,0.000118621570561,6.78713770402e-05,0.000186492947601,0.0501992171992,1.80505169282e-10,1.14355595243e-05
8900,8.9,0.000186141913999,5.28650551773e-08,0.000186194779054,0.0517177771404,1.75871959136e-10,1.12193909738e-05
9000,9,0.000118483055055,6.78117508742e-05,0.000186294805929,0.0512083444498,1.9785923155e-10,1.10136950564e-05
9100,9.1,0.000185325675997,6.73320897318e-07,0.000185998996895,0.0527148874912,1.6951471328e-10,1.08115158117e-05
9200,9.2,0.000119843435779,6.62494443695e-05,0.000186092880148,0.052236744006,1.73325477512e-10,1.06055131358e-05
9300,9.3,0.000183037704485,2.77040176425e-06,0.000185808106249,0.0536870855633,1.49695528226e-10,1.0356772028e-05
9400,9.4,0.000122626997046,6.32602534782e-05,0.000185887250524,0.0532840070825,1.48575480869e-10,1.00729743602e-05
9500,9.5,0.00017938371534,6.23808566297e-06,0.000185621801003,0.0546359303929,1.55965798119e-10,9.83274376714e-06
9600,9.6,0.000126698063362,5.89804351436e-05,0.000185678498506,0.0543471723818,1.26647545412e-10,9.58013052309e-06
9700,9.7,0.00017453354073,1.0906030564e-05,0.000185439571294,0.0555640186765,8.86045964329e-11,9.27413973821e-06
9800,9.8,0.000131862485168,5.36044751608e-05,0.000185466960329,0.0554245274708,8.38346768818e-11,8.9488907902e-06
9900,9.9,0.000168703058493,1.6557798701e-05,0.000185260857194,0.0564742021173,6.96128052721e-11,8.64949976276e-06
10000,10,0.000137882369184,4.73713449006e-05,0.000185253714085,0.0565105816727,8.02611768749e-11,8.37013404991e-06
10100,10.1,0.00016215719017,2.29276932669e-05,0.000185084883437,0.057370429101,7.17976713932e-11,7.99683600124e-06
10200,10.2,0.000144479109508,4.05600707114e-05,0.000185039180219,0.0576031936768,9.31179467303e-11,7.65435684551e-06
10300,10.3,0.000155182546432,2.9728269622e-05,0.000184910816054,0.0582569470047,5.92490027063e-11,7.28713941956e-06
10400,10.4,0.000151355949195,3.34687310813e-05,0.000184824680276,0.0586956329172,1.0452988606e-10,6.98852625797e-06
10500,10.5,0.000148090806707,3.66469719479e-05,0.000184737778655,0.0591382192382,1.11812203448e-10,6.55596651986e-06
10600,10.6,0.000158198377004,2.64123241397e-05,0.000184610701143,0.0597854196913,1.04549731303e-10,6.20275373295e-06
10700,10.7,0.000141189080974,4.33757160182e-05,0.000184564796992,0.0600192076131,9.88535008027e-11,5.77498721078e-06
10800,10.8,0.000164703425652,1.96951490048e-05,0.000184398574657,0.0608657710164,1.18857441012e-10,5.45276771376e-06
10900,10.9,0.000134779969719,4.96111158519e-05,0.000184391085571,0.060903912618,1.23365916527e-10,4.98372381075e-06
11000,11,0.000170575681892,1.36129899804e-05,0.000184188671872,0.0619347971201,1.52260835749e-10,4.61112710192e-06
11100,11.1,0.000129138142605,5.50774145008e-05,0.000184215557106,0.0617978717495,1.8359428137e-10,4.14405504342e-06
11200,11.2,0.000175558648022,8.4235429264e-06,0.000183982190949,0.0629863958289,2.01696823973e-10,3.78677791763e-06
11300,11.3,0.000124504234374,5.95336035912e-05,0.000184037837965,0.0627029879015,2.37457097952e-10,3.31090330158e-06
11400,11.4,0.0001794280872,4.35126925346e-06,0.000183779356454,0.0640194234286,2.49094914164e-10,2.90350112027e-06
11500,11.5,0.000121073410648,6.27834522115e-05,0.00018385686286,0.0636246865446,2.55172589943e-10,2.42542727025e-06
11600,11.6,0.000182017871809,1.56311821358e-06,0.000183580990022,0.0650296953686,2.64633736369e-10,2.02143019359e-06
11700,11.7,0.000118983717471,6.4689002877e-05,0.000183672720348,0.0645625166551,2.70699022748e-10,1.56588728352e-06
11800,11.8,0.000183214350348,1.72797146629e-07,0.000183387147495,0.0660169272543,3.10206960825e-10,1.11176614871e-06
11900,11.9,0.000118317435749,6.51671555108e-05,0.00018348459126,0.065520650232,2.89107440098e-10,6.48973136245e-07
12000,12,0.000182969605734,2.28601307522e-07,0.000183198207041,0.0669791930825,3.1242646742e-10,1.93260181974e-07
12100,12.1,0.000119088298844,6.42047813396e-05,0.000183293080183,0.0664960081381,3.16098264736e-10,2.24665859294e-07
12200,12.2,0.000181299642969,1.71435630112e-06,0.00018301399927,0.0679173555591,3.22726050762e-10,7.25808833377e-07
12300,12.3,0.000121251727528,6.18458983959e-05,0.000183097625924,0.067491448507,3.09703759154e-10,1.15691904967e-06
12400,12.4,0.00017828178571,4.55256852464e-06,0.000182834354235,0.0688322802069,2.86869508466e-10,1.65834480234e-06
12500,12.5,0.00012469743953,5.82018523944e-05,0.000182899291924,0.0685015552736,2.84717052327e-10,2.03455798074e-06
12600,12.6,0.000174056841866,8.60212336792e-06,0.000182658965234,0.0697255290531,2.91527699803e-10,2.56845686219e-06
12700,12.7,0.000129262358786,5.34355376508e-05,0.000182697896436,0.0695272540686,3.09058170506e-10,2.96519461895e-06
12800,12.8,0.000168812724959,1.36743820722e-05,0.000182487107031,0.0706007956928,3.1314716659e-10,3.4943822745e-06
12900,12.9,0.000134733659516,4.77610190293e-05,0.000182494678545,0.0705622342905,2.96483157208e-10,3.83646792299e-06
13000,13,0.000162787248909,1.95310783109e-05,0.00018231832722,0.0714603842132,2.95010825888e-10,4.37725347237e-06
13100,13.1,0.0001408593255,4.14305123839e-05,0.000182289837884,0.0716054792113,2.88433485497e-10,4.74860612676e-06
13200,13.2,0.000156245321296,2.59061835361e-05,0.000182151504832,0.0723100036577,2.56753767862e-10,5.27903327856e-06
13300,13.3,0.000147362374366,3.47223001807e-05,0.000182084674547,0.0726503675082,2.75014644879e-10,5.60098152487e-06
13400,13.4,0.000149477063262,3.25091082095e-05,0.000181986171472,0.0731520395491,2.66252645589e-10,6.118638451e-06
13500,13.5,0.000153947424897,2.79322084756e-05,0.000181879633373,0.0736946336307,2.67157355802e-10,6.47838921884e-06
13600,13.6,0.000142777630248,3.90432977955e-05,0.000181820928043,0.073993617419,2.56624772406e-10,6.98133662403e-06
13700,13.7,0.000160321840445,2.13540261318e-05,0.000181675866577,0.074732409403,2.38042874278e-10,7.29657830282e-06
13800,13.8,0.00013643696542,4.5218450655e-05,0.000181655416075,0.0748365629517,2.74470838818e-10,7.76550854333e-06
13900,13.9,0.000166199907377,1.52741234854e-05,0.000181474030862,0.0757603502536,2.62762178789e-10,8.12325060286e-06
14000,14,0.00013072894772,5.07593367704e-05,0.00018148828449,0.075687757123,2.46182879373e-10,8.5757769098e-06
14100,14.1,0.000171323802648,9.95117880273e-06,0.000181274981451,0.0767741005818,2.50961865969e-10,8.89060096332e-06
14200,14.2,0.000125892859427,5.54264405996e-05,0.000181319300026,0.0765483879309,2.46382852579e-10,9.296581155e-06
14300,14.3,0.000175467856948,5.61149698927e-06,0.000181079353937,0.07777042333,2.27983025516e-10,9.65045847414e-06
14400,14.4,0.00012213407288,5.90133016793e-05,0.000181147374559,0.0774239971468,2.44831139121e-10,1.00417934499e-05
14500,14.5,0.00017845292847,2.43476702064e-06,0.00018088769549,0.0787465317821,2.47094182466e-10,1.03511984083e-05
14600,14.6,0.000119601519269,6.13710149155e-05,0.000180972534184,0.0783144518639,2.79281307925e-10,1.06941464437e-05
14700,14.7,0.000180151973787,5.48485135006e-07,0.000180700458922,0.079700119796,2.80678140882e-10,1.10282961261e-05
14800,14.8,0.000118397432337,6.23966425961e-05,0.000180794074933,0.079223337364,2.62730308511e-10,1.13624751965e-05
14900,14.9,0.000180494375329,2.33875579511e-08,0.000180517762887,0.0806305830589,2.74263522932e-10,1.1649915646e-05
15000,15,0.000118557349955,6.20548769297e-05,0.000180612226885,0.0801494818688,2.95804807849e-10,1.1941840836e-05
15100,15.1,0.000179471679225,8.68104068032e-07,0.000180339783293,0.0815370256909,2.72236535813e-10,1.22297835173e-05
15200,15.2,0.000120064375638,6.0362441309e-05,0.000180426816947,0.0810937669308,2.64283637386e-10,1.25228682631e-05
15300,15.3,0.00017713276569,3.0334809518e-06,0.000180166246642,0.0824208405975,2.79162596543e-10,1.27643192034e-05
15400,15.4,0.000122836973218,5.74013019795e-05,0.000180238275197,0.0820540021752,2.86917074946e-10,1.3023116739e-05
15500,15.5,0.000173586293892,6.41065229828e-06,0.00017999694619,0.083283080716,2.86725173272e-10,1.32363081415e-05
15600,15.6,0.00012674418788,5.33026178165e-05,0.000180046805697,0.0830291483356,3.08189657708e-10,1.35086680411e-05
15700,15.7,0.000168990832283,1.08404265129e-05,0.000179831258796,0.0841269196846,3.10298685713e-10,1.36800705848e-05
15800,15.8,0.000131602842405,4.8250283301e-05,0.000179853125706,0.0840155524252,3.64973642487e-10,1.39212604179e-05
15900,15.9,0.000163550709595,1.6117996392e-05,0.000179668705987,0.0849547943418,3.52759970336e-10,1.40395879257e-05
16000,16,0.000137192680438,4.24650338458e-05,0.000179657714283,0.0850107746307,3.51877777747e-10,1.43056116211e-05
16100,16.1,0.000157505494054,2.20029090097e-05,0.000179508403064,0.0857712104285,3.46050157783e-10,1.43917057294e-05
16200,16.2,0.000143260561067,3.62009030845e-05,0.000179461464152,0.0860102683446,3.43577443897e-10,1.46206652689e-05
16300,16.3,0.0001511181982,2.82314615316e-05,0.000179349659731,0.0865796835819,3.70948524456e-10,1.46410306802e-05
16400,16.4,0.000149536490843,2.97285122176e-05,0.00017926500306,0.0870108364656,3.87609279628e-10,1.48999118688e-05
16500,16.5,0.000144667168824,3.45243797683e-05,0.000179191548592,0.0873849369998,3.59022085013e-10,1.49015962662e-05
16600,16.6,0.0001557403465,2.3329052329e-05,0.000179069398829,0.0880070406368,3.47976484146e-10,1.51087732868e-05
16700,16.7,0.000138428439051,4.06048911178e-05,0.000179033330169,0.0881907368135,3.3864774997e-10,1.50486287253e-05
16800,16.8,0.000161599667316,1.72755150991e-05,0.000178875182415,0.0889961767095,3.23122308929e-10,1.52801316515e-05
16900,16.9,0.000132670665019,4.62034322747e-05,0.000178874097294,0.0890017031861,3.17526150377e-10,1.52175937786e-05
17000,17,0.000166854814549,1.18286426208e-05,0.00017868345717,0.0899726253661,3.06090055938e-10,1.53784629478e-05
17100,17.1,0.000127636320332,5.10769425412e-05,0.000178713262874,0.0898208261629,3.03876695449e-10,1.52728197354e-05
17200,17.2,0.000171277758481,7.21684968809e-06,0.000178494608169,0.0909344254267,2.90105744475e-10,1.54403044129e-05
17300,17.3,0.000123538152,5.50119394647e-05,0.000178550091464,0.0906518513266,2.69137194484e-10,1.53500718265e-05
17400,17.4,0.000174673616591,3.63591472201e-06,0.000178309531313,0.0918770141152,2.4803619125e-10,1.54303353929e-05
17500,17.5,0.00012054480001,5.78394061873e-05,0.000178384206198,0.0914966980517,2.64391547323e-10,1.53231184346e-05
17600,17.6,0.000176897423597,1.23093705881e-06,0.000178128360656,0.0927997086947,2.72591467022e-10,1.53835544985e-05
17700,17.7,0.000118777125745,5.94379727114e-05,0.000178215098456,0.0923579567053,2.72113470072e-10,1.53095475062e-05
17800,17.8,0.000177852425972,9.92455626471e-08,0.000177951671534,0.0936995790025,2.84729516331e-10,1.52745900811e-05
17900,17.9,0.000118302233754,5.97405758065e-05,0.00017804280956,0.0932354168489,2.94015111395e-10,1.52067742353e-05
18000,18,0.000177500886272,2.78439854689e-07,0.000177779326126,0.0945773269587,2.84214486903e-10,1.51246656565e-05
18100,18.1,0.000119129371511,5.87376147671e-05,0.000177866986278,0.0941308774701,2.92770613638e-10,1.51053243608e-05
18200,18.2,0.000175860377964,1.75102934458e-06,0.000177611407309,0.0954325304744,2.88396874468e-10,1.49314677186e-05
18300,18.3,0.000121213321386,5.64748030688e-05,0.000177688124455,0.0950418132582,3.08690181197e-10,1.49294367221e-05
18400,18.4,0.000173006044548,4.44154918505e-06,0.000177447593733,0.0962668261652,3.05755047657e-10,1.46899762716e-05
18500,18.5,0.000124451475995,5.30546487025e-05,0.000177506124698,0.0959687304076,3.07474334928e-10,1.47454256345e-05
18600,18.6,0.000169065827531,8.22166769431e-06,0.000177287495225,0.0970822011708,3.09220643035e-10,1.44298567505e-05
18700,18.7,0.000128694302352,4.86275625995e-05,0.000177321864952,0.0969071575887,2.80930901984e-10,1.44972308586e-05
18800,18.8,0.000164213922498,1.29167016639e-05,0.000177130624161,0.0978811389361,2.67911068099e-10,1.41141746848e-05
18900,18.9,0.000133746359379,4.33890696818e-05,0.000177135429061,0.0978566677825,2.41942810697e-10,1.4237725186e-05
19000,19,0.000158665051026,1.83111455054e-05,0.000176976196532,0.0986676323963,2.24902687316e-10,1.38038581145e-05
19100,19.1,0.000139379555507,3.75684845823e-05,0.00017694804009,0.0988110319779,2.40166863324e-10,1.39192049699e-05
19200,19.2,0.000152661848118,2.41618776589e-05,0.000176823725776,0.0994441595761,2.53664836179e-10,1.34347137976e-05
19300,19.3,0.000145340429317,3.14195068328e-05,0.00017675993615,0.0997690374783,2.64000110668e-10,1.35923343123e-05
19400,19.4,0.000146466940614,3.0205172651e-05,0.000176672113265,0.100216315755,2.58532542599e-10,1.30886479048e-05
19500,19.5,0.000151361784186,2.52106126427e-05,0.000176572396828,0.100724167398,2.6936772455e-10,1.32099277368e-05
19600,19.6,0.000140349302005,3.61716384543e-05,0.000176520940459,0.100986232534,2.68252844229e-10,1.2686491168e-05
19700,19.7,0.000157176502126,1.92093188131e-05,0.000176385820939,0.1016743906,2.63578944678e-10,1.28248710384e-05
19800,19.8,0.000134572702828,4.17963304294e-05,0.000176369033257,0.101759889561,2.41633077573e-10,1.23165632102e-05
19900,19.9,0.000162524903129,1.36764473523e-05,0.000176201350481,0.102613890928,2.630516878e-10,1.23913395465e-05
20000,20,0.000129386209826,4.68298936786e-05,0.000176216103505,0.102538754393,2.78775202315e-10,1.18982609754e-05
20100,20.1,0.000167172447332,8.84692377497e-06,0.000176019371107,0.103540704268,2.69795049203e-10,1.1959585867e-05
20200,20.2,0.000125008443049,5.10525726089e-05,0.000176061015657,0.103328610315,2.64367299113e-10,1.15149477168e-05
20300,20.3,0.000170912422277,4.92830401797e-06,0.000175840726295,0.104450534826,2.45808849622e-10,1.14938833306e-05
20400,20.4,0.000121626243509,5.42774854982e-05,0.000175903729007,0.104129664647,2.74308163026e-10,1.10920840208e-05
20500,20.5,0.000173583178511,2.08257334544e-06,0.000175665751856,0.105341672323,2.68038063858e-10,1.10309033755e-05
20600,20.6,0.000119375422017,5.63679351792e-05,0.000175743357196,0.104946431573,2.95015497954e-10,1.07055741987e-05
20700,20.7,0.000175067024189,4.27781761056e-07,0.00017549480595,0.106212292673,3.1162801383e-10,1.05558127552e-05
20800,20.8,0.000118349199577,5.72308305127e-05,0.000175580030089,0.105778249698,3.29548393409e-10,1.02851452504e-05
20900,20.9,0.000175302571804,2.55250522723e-08,0.000175328096856,0.10706133512,3.15383554628e-10,1.00816483428e-05
21000,21,0.000118577996426,5.68353026429e-05,0.000175413299069,0.106627403811,3.32384894672e-10,9.9055241827e-06
21100,21.1,0.000174281233455,8.8428636049e-07,0.000175165519815,0.107889333188,3.22696509237e-10,9.62019770768e-06
21200,21.2,0.00012004618085,5.51973498404e-05,0.00017524353069,0.107492027064,3.42235878932e-10,9.4923149809e-06
21300,21.3,0.000172051758154,2.95533954016e-06,0.000175007097694,0.108696170427,3.35753235795e-10,9.15832743643e-06
21400,21.4,0.000122674732123,5.23959351335e-05,0.000175070667256,0.108372413304,3.61324235236e-10,9.12891378148e-06
21500,21.5,0.0001687149551,6.13730080601e-06,0.000174852255906,0.109484773175,3.48607792287e-10,8.73053083604e-06
21600,21.6,0.000126342663803,4.85526492876e-05,0.00017489531309,0.109265484739,3.39360403133e-10,8.72872194859e-06
21700,21.7,0.000164420515964,1.02803607652e-05,0.000174700876729,0.110255740994,3.22237532824e-10,8.30480386724e-06
21800,21.8,0.000130876272369,4.38415534905e-05,0.000174717825859,0.110169419783,3.06231437545e-10,8.38964649007e-06
21900,21.9,0.000159359436781,1.51926128933e-05,0.000174552049674,0.111013710963,3.29876308449e-10,7.92631779019e-06
22000,22,0.000136070918645,3.84680217114e-05,0.000174538940357,0.111080476167,2.96418163043e-10,8.01216983575e-06
22100,22.1,0.000153755649409,2.06498055615e-05,0.00017440545497,0.111760311658,2.82119512907e-10,7.55707571243e-06
22200,22.2,0.000141688913091,3.26703444431e-05,0.000174359257534,0.111995593268,3.11459336843e-10,7.70444527429e-06
22300,22.3,0.000147855451959,2.6404593684e-05,0.000174260045643,0.112500875279,2.78825362341e-10,7.23937373391e-06
22400,22.4,0.000147478263554,2.67013991807e-05,0.000174179662734,0.112910262072,2.92823154679e-10,7.36406563747e-06
22500,22.5,0.000141917716101,3.21976676727e-05,0.000174115383774,0.113237632131,3.09734685798e-10,6.94048912327e-06
22600,22.6,0.000153178630949,2.08221553196e-05,0.000174000786269,0.113821272431,3.16627296064e-10,7.09494579879e-06
22700,22.7,0.000136199952222,3.77704581599e-05,0.000173970410382,0.11397597555,3.34579990573e-10,6.69243491867e-06
22800,22.8,0.000158535314113,1.52881846771e-05,0.00017382349879,0.114724190145,3.29887280164e-10,6.80947473007e-06
22900,22.9,0.000130950937066,4.28736946206e-05,0.000173824631687,0.11471842035,3.20350732551e-10,6.47011365792e-06
23000,23,0.000163310236472,1.03381489283e-05,0.000173648385401,0.115616035313,2.7841290399e-10,6.58821317972e-06
23100,23.1,0.000126394211867,4.72830064981e-05,0.000173677218365,0.115469190231,2.65902091932e-10,6.29911098865e-06
23200,23.2,0.000167291181899,6.18499180565e-06,0.000173476173705,0.116493102279,2.47131119637e-10,6.37567883669e-06
23300,23.3,0.000122725452761,5.08022487642e-05,0.000173527701526,0.116230673243,2.4172218989e-10,6.15352478054e-06
23400,23.4,0.00017030322408,3.00400288978e-06,0.00017330722697,0.117353540936,2.45838020105e-10,6.21444909783e-06
23500,23.5,0.000120095729203,5.3279793518e-05,0.000173375522721,0.117005713532,2.42116524525e-10,6.06586108443e-06
23600,23.6,0.000172214019942,9.28040628272e-07,0.00017314206057,0.118194726502,2.40731350134e-10,6.08969564586e-06
23700,23.7,0.000118614193547,5.46062865905e-05,0.000173220480138,0.117795338922,2.31381932213e-10,5.99423458439e-06
23800,23.8,0.000172941808023,3.89835418875e-08,0.000172980791565,0.119016062798,2.43732478274e-10,6.00259334637e-06
23900,23.9,0.000118334022349,5.47282685891e-05,0.000173062290939,0.118600989898,2.2240103049e-10,5.994049031e-06
24000,24,0.000172456823387,3.66758185512e-07,0.000172823581573,0.119816726715,2.26370035665e-10,5.97451635972e-06
24100,24.1,0.000119259709825,5.36413558949e-05,0.00017290106572,0.119422103192,2.27830385467e-10,5.9942955078e-06
24200,24.2,0.000170784117027,1.88617142357e-06,0.000172670288451,0.120597442174,2.06966555781e-10,5.975147773e-06
24300,24.3,0.000121338313451,5.13985154621e-05,0.000172736828913,0.120258554383,2.33627963101e-10,6.08284541928e-06
24400,24.4,0.000168000653227,4.52009873185e-06,0.000172520751959,0.121359025273,2.65337919784e-10,6.0464729612e-06
24500,24.5,0.000124469980798,4.81000999949e-05,0.000172570080793,0.121107795586,2.82767845766e-10,6.15621627434e-06
24600,24.6,0.000164233022779,8.14153401955e-06,0.000172374556798,0.122103591114,2.83967431726e-10,6.1446637731e-06
24700,24.7,0.000128505702224,4.38952842126e-05,0.000172400986436,0.121968986072,2.94024790211e-10,6.33155916871e-06
24800,24.8,0.000159649913835,1.25812978264e-05,0.000172231211662,0.1228336419,3.01156949893e-10,6.31321053595e-06
24900,24.9,0.000133259943929,3.89704890883e-05,0.000172230433017,0.122837607504,3.18166680347e-10,6.48309603556e-06
25000,25,0.000154456233974,1.7633931357e-05,0.000172090165331,0.123551984962,3.0897367528e-10,6.51233991154e-06
25100,25.1,0.000138514137208,3.35445727018e-05,0.00017205870991,0.123712186106,3.10749715806e-10,6.74116215171e-06
25200,25.2,0.000148881470327,2.30691903417e-05,0.000171950660669,0.124262476372,2.93608439432e-10,6.77359807989e-06
25300,25.3,0.000144030695972,2.78561719412e-05,0.000171886867913,0.124587370208,3.02724934942e-10,6.97810430131e-06
25400,25.4,0.000143171713662,2.86403568916e-05,0.000171812070553,0.124968310035,2.89174861728e-10,7.06989541575e-06
25500,25.5,0.000149559878233,2.21553885371e-05,0.00017171526677,0.125461327653,2.72872398236e-10,7.31422160711e-06
25600,25.6,0.000137576424968,3.40970919687e-05,0.000171673516937,0.125673957808,2.61295213466e-10,7.41890494174e-06
25700,25.7,0.000154854551605,1.66904600274e-05,0.000171545011632,0.12632842995,2.77189285303e-10,7.6426650261e-06
25800,25.8,0.000132338795811,3.91956904171e-05,0.000171534486228,0.126382035397,2.60171530417e-10,7.80273617024e-06
25900,25.9,0.000159677556319,1.16988586029e-05,0.000171376414922,0.127187085944,2.67772930417e-10,8.05276115862e-06
26000,26,0.00012768474212,4.37092764954e-05,0.000171394018616,0.12709743107,2.62338971723e-10,8.23473425617e-06
26100,26.1,0.000163815810654,7.39461046305e-06,0.000171210421117,0.128032485453,2.72055757044e-10,8.47450618639e-06
26200,26.2,0.000123811712974,4.74401545307e-05,0.000171251867505,0.127821400732,2.82213373239e-10,8.6934435306e-06
26300,26.3,0.000167086212661,3.96110184705e-06,0.000171047314508,0.128863180593,2.55016093799e-10,8.95508333622e-06
26400,26.4,0.000120883431361,5.02237558543e-05,0.000171107187216,0.128558251395,2.41420866558e-10,9.20308239805e-06
26500,26.5,0.000169346702277,1.54099956468e-06,0.000170887701842,0.129676081223,2.47971863567e-10,9.46569401811e-06
26600,26.6,0.000119017625552,5.19423844955e-05,0.000170960010047,0.129307818559,2.39097847516e-10,9.72434939678e-06
26700,26.7,0.000170499912124,2.31818544399e-07,0.000170731730668,0.130470435888,2.57745852905e-10,1.00129220257e-05
26800,26.8,0.000118288484784,5.25212125231e-05,0.000170809697307,0.130073355057,2.45748832601e-10,1.0304822097e-05
26900,26.9,0.000170498614184,8.10172243704e-08,0.000170579631409,0.131245071056,2.35469552644e-10,1.06017650143e-05
27000,27,0.000118714801625,5.1941856887e-05,0.000170656658512,0.13085277524,2.05273808728e-10,1.08788012287e-05
27100,27.1,0.00016934740502,1.08398280451e-06,0.000170431387825,0.13200006943,2.2962275848e-10,1.12096100046e-05
27200,27.2,0.000120269619706,5.02308826848e-05,0.00017050050239,0.131648071837,2.06934285444e-10,1.15207288395e-05
27300,27.3,0.000167100567012,3.18620323423e-06,0.000170286770246,0.13273660071,2.23004392626e-10,1.18618381026e-05
27400,27.4,0.00012287126511,4.74706324046e-05,0.000170341897515,0.132455839836,2.29813441584e-10,1.21406325267e-05
27500,27.5,0.000163862364626,6.28324214311e-06,0.000170145606769,0.133455540393,2.01388450161e-10,1.25208316937e-05
27600,27.6,0.000126397600139,4.3783231439e-05,0.000170180831578,0.133276141915,2.16413927611e-10,1.28325015094e-05
27700,27.7,0.000159777612431,1.02296923098e-05,0.000170007304741,0.134159906839,2.20788908263e-10,1.32201934658e-05
27800,27.8,0.000130682379176,3.93357356345e-05,0.000170018114811,0.134104851606,2.03772682393e-10,1.34932106019e-05
27900,27.9,0.0001550299913,1.48415239317e-05,0.000169871515232,0.13485147713,2.16753514314e-10,1.39174752482e-05
28000,28,0.000135530663034,3.43233527712e-05,0.000169854015805,0.13494060098,2.28802117105e-10,1.42221856116e-05
28100,28.1,0.000149828464083,1.99089095551e-05,0.000169737373638,0.135534654657,2.11707885312e-10,1.46484447259e-05
28200,28.2,0.000140721681834,2.89677597828e-05,0.000169689441617,0.135778770435,2.23005205793e-10,1.49180536227e-05
28300,28.3,0.00014440219132,2.52022945691e-05,0.000169604485889,0.136211446406,2.17156772378e-10,1.53690589709e-05
28400,28.4,0.000146022595928,2.35022851411e-05,0.000169524881069,0.136616870426,2.19035618454e-10,1.56709277298e-05
28500,28.5,0.000138987405397,3.04844386343e-05,0.000169471844031,0.13688698584,2.12591714368e-10,1.61181089559e-05
28600,28.6,0.000151196824479,1.81643229124e-05,0.000169361147391,0.1374507592,2.19576090136e-10,1.63937068296e-05
28700,28.7,0.000133817556396,3.55214810852e-05,0.000169339037481,0.137563364048,2.08436016309e-10,1.68471029503e-05
28800,28.8,0.000156014797579,1.31840556945e-05,0.000169198853273,0.138277316355,1.8359450002e-10,1.71572443782e-05
28900,28.9,0.000129115412759,4.00897315902e-05,0.000169205144349,0.13824527617,1.79779260294e-10,1.76022310245e-05
29000,29,0.000160264845002,8.77383471991e-06,0.000169038679722,0.139093073552,1.88219433668e-10,1.78951212948e-05
29100,29.1,0.000125077918705,4.3991916879e-05,0.000169069835584,0.138934398052,1.94498206114e-10,1.83265551656e-05
29200,29.2,0.000163760825395,5.12031449655e-06,0.000168881139892,0.13989541732,1.99176936936e-10,1.86557679347e-05
29300,29.3,0.000121876578323,4.7055760584e-05,0.000168932338907,0.139634662877,1.97066451476e-10,1.90764481833e-05
29400,29.4,0.000166351679536,2.37502929969e-06,0.000168726708836,0.14068192823,2.00210895564e-10,1.93939682948e-05
29500,29.5,0.000119638634495,4.91538904421e-05,0.000168792524937,0.140346729577,2.01048156245e-10,1.9785581502e-05
29600,29.6,0.000167926765837,6.48965476406e-07,0.000168575731314,0.141450850435,1.9929276065e-10,2.01373157972e-05
29700,29.7,0.000118455801145,5.01941148992e-05,0.000168649916044,0.141073030705,1.89376631451e-10,2.05188231231e-05
29800,29.8,0.000168420441382,7.94347339139e-09,0.000168428384855,0.142201279785,1.98901268701e-10,2.08599904405e-05
29900,29.9,0.000118365252028,5.01393005967e-05,0.000168504552624,0.141813360523,2.24046850913e-10,2.12043924002e-05
30000,30,0.000167815770353,4.68960696887e-07,0.00016828473105,0.142932902609,2.12856830194e-10,2.15709105225e-05
30100,30.1,0.000119364415197,4.89918811256e-05,0.000168356296323,0.142568423667,2.06962795021e-10,2.19093393101e-05
30200,30.2,0.000166142432798,2.00225511383e-06,0.000168144687912,0.143646136452,2.00031911955e-10,2.22631534056e-05
30300,30.3,0.000121395750376,4.68097207927e-05,0.000168205471168,0.143336569871,2.0502343089e-10,2.25635336752e-05
30400,30.4,0.000163478628523,4.52939156203e-06,0.000168008020085,0.144342179979,2.05882644908e-10,2.29270362923e-05
30500,30.5,0.000124364225109,4.36879455689e-05,0.000168052170678,0.144117322855,1.97845181143e-10,2.32290042991e-05
30600,30.6,0.000159942791254,7.93155995892e-06,0.000167874351213,0.145022949958,1.80600209713e-10,2.35765090401e-05
30700,30.7,0.000128128874447,3.97681119127e-05,0.000167896986359,0.144907670102,1.84687664366e-10,2.38431644446e-05
30800,30.8,0.000155693007811,1.20502273953e-05,0.000167743235207,0.145690718293,1.66034964674e-10,2.41809262719e-05
30900,30.9,0.000132519898835,3.52203532736e-05,0.000167740252109,0.145705911084,1.61622428037e-10,2.44588289099e-05
31000,31,0.000150914951273,1.66991470025e-05,0.000167614098275,0.146348407282,1.52244866668e-10,2.47781819667e-05
31100,31.1,0.000137337878274,3.02448596436e-05,0.000167582737917,0.146508124275,1.4637483464e-10,2.50227644378e-05
31200,31.2,0.000145817722512,2.16686018257e-05,0.000167486324337,0.146999154605,1.33378247351e-10,2.53146594375e-05
31300,31.3,0.000142368606418,2.50562567904e-05,0.000167424863209,0.147312173562,1.37526272071e-10,2.55792495764e-05
31400,31.4,0.000140621598621,2.67376273184e-05,0.000167359225939,0.147646461431,1.36019009541e-10,2.58523890014e-05
31500,31.5,0.000147388488822,1.98790712188e-05,0.000167267560041,0.148113312018,1.2975191596e-10,2.6081747471e-05
31600,31.6,0.000135549847388,3.16823648727e-05,0.00016723221226,0.148293336786,1.20319993654e-10,2.63169197392e-05
31700,31.7,0.00015217665855,1.49345617774e-05,0.000167111220327,0.148909543641,1.15909369482e-10,2.65702363045e-05
31800,31.8,0.000130819207434,3.62853192989e-05,0.000167104526733,0.148943633837,1.16182673575e-10,2.67889695332e-05
31900,31.9,0.000156523205948,1.04335239114e-05,0.000166956729859,0.149696357133,1.16407238402e-10,2.7000758004e-05
32000,32,0.000126628833026,4.0346867954e-05,0.00016697570098,0.149599738012,1.17169002759e-10,2.71812174626e-05
32100,32.1,0.000160239013587,6.56540898248e-06,0.000166804422569,0.150472051792,1.17686690235e-10,2.7412732304e-05
32200,32.2,0.000123154932003,4.36901391413e-05,0.000166845071144,0.150265030301,1.25521729099e-10,2.75819577724e-05
32300,32.3,0.00016316314534,3.49186793644e-06,0.000166655013277,0.151232987071,1.26667115489e-10,2.77635067839e-05
32400,32.4,0.000120539310603,4.61730791524e-05,0.000166712389755,0.150940771066,1.23610864435e-10,2.79033030025e-05
32500,32.5,0.0001651705996,1.33805115489e-06,0.000166508650755,0.151978405275,1.17557140074e-10,2.80912351998e-05
32600,32.6,0.000118887967861,4.76891237182e-05,0.000166577091579,0.15162983902,1.18927065189e-10,2.82278007889e-05
32700,32.7,0.000166176094464,1.89681520697e-07,0.000166365775984,0.152706060505,1.18188061965e-10,2.83588484284e-05
32800,32.8,0.000118262569711,4.81767216223e-05,0.000166439291334,0.152331649905,1.16060836131e-10,2.84791183565e-05
32900,32.9,0.000166139619497,8.67579138082e-08,0.000166226377411,0.153416011608,1.16343109917e-10,2.85967791446e-05
33000,33,0.000118681542474,4.7617062345e-05,0.000166298604819,0.153048160439,1.24211322084e-10,2.87237893368e-05
33100,33.1,0.000165065139261,1.0253616919e-06,0.000166090500953,0.154108024726,1.26782072403e-10,2.87825545429e-05
33200,33.2,0.000120117337183,4.60380929768e-05,0.00016615543016,0.153777342993,1.18213461232e-10,2.89040122497e-05
33300,33.3,0.000163003390397,2.95458021948e-06,0.000165957970616,0.154782996189,1.16013564482e-10,2.89290688022e-05
33400,33.4,0.000122498679778,4.35109760188e-05,0.000166009655797,0.154519765725,1.22853252916e-10,2.90671625928e-05
33500,33.5,0.000160045912665,5.78257103877e-06,0.000165828483704,0.155442467619,1.21663302818e-10,2.903804876e-05
33600,33.6,0.000125714574285,4.01473857712e-05,0.000165861960056,0.155271973956,1.14266187682e-10,2.9173215443e-05
33700,33.7,0.0001563242031,9.37752604616e-06,0.000165701729147,0.156088023278,1.15349657727e-10,2.90966087665e-05
33800,33.8,0.000129617341836,3.60950819648e-05,0.000165712423801,0.15603355585,1.20323630399e-10,2.92550166174e-05
33900,33.9,0.000152000614654,1.35764411073e-05,0.000165577055762,0.156722979614,1.21646415876e-10,2.91356962534e-05
34000,34,0.000134031992483,3.15299265691e-05,0.000165561919052,0.156800070244,1.2819939549e-10,2.92832683193e-05
34100,34.1,0.000147263897465,1.819023205e-05,0.000165454129515,0.157349037845,1.22079723099e-10,2.91146388322e-05
34200,34.2,0.00013876070752,2.66500430422e-05,0.000165410750563,0.157569965038,1.18975519472e-10,2.92852881021e-05
34300,34.3,0.000142318422561,2.30136533606e-05,0.000165332075921,0.157970651696,1.20603612766e-10,2.90907667046e-05
34400,34.4,0.000143594461153,2.16653284932e-05,0.000165259789646,0.158338802673,1.22663094583e-10,2.92339096801e-05
34500,34.5,0.000137377425412,2.78331118294e-05,0.000165210537242,0.158589643107,1.2739167707e-10,2.90016364824e-05
34600,34.6,0.000148319798882,1.67896646159e-05,0.000165109463498,0.159104407456,1.19262948342e-10,2.9158833092e-05
34700,34.7,0.000132651557838,3.2437026682e-05,0.00016508858452,0.159210743217,1.19394833196e-10,2.89208993332e-05
34800,34.8,0.000152729264991,1.22313253062e-05,0.000164960590297,0.159862612444,1.14475957387e-10,2.9030233881e-05
34900,34.9,0.00012834238012,3.66235668324e-05,0.000164965946952,0.159835331222,1.08985545244e-10,2.87759011197e-05
35000,35,0.00015663055129,8.18303141953e-06,0.00016481358271,0.160611315939,1.12089189391e-10,2.88821585561e-05
35100,35.1,0.000124630273677,4.02114670744e-05,0.000164841740751,0.160467908211,1.06521619606e-10,2.86436006682e-05
35200,35.2,0.000159853113728,4.81593070312e-06,0.000164669044431,0.161347443346,1.08262877961e-10,2.86842095197e-05
35300,35.3,0.000121671596425,4.30442166017e-05,0.000164715813026,0.161109252847,1.17132744731e-10,2.8453199934e-05
35400,35.4,0.000162258466217,2.26887803264e-06,0.00016452734425,0.162069116445,9.94299846748e-11,2.84697406832e-05
35500,35.5,0.000119585531004,4.50020193511e-05,0.000164587550355,0.161762489269,1.10641983247e-10,2.8274625935e-05
35600,35.6,0.000163742166487,6.46619015159e-07,0.000164388785502,0.16277479035,1.17423120241e-10,2.82155163953e-05
35700,35.7,0.000118457629814,4.5999276781e-05,0.000164456906595,0.162427852475,1.04526506936e-10,2.80462253562e-05
35800,35.8,0.000164242566495,1.10016583808e-08,0.000164253568154,0.163463446651,1.14972525305e-10,2.79448748383e-05
35900,35.9,0.000118325847113,4.59977348774e-05,0.00016432358199,0.163106869111,1.076714002e-10,2.78272308722e-05
36000,36,0.000163739078565,3.82607371959e-07,0.000164121685937,0.164135117264,1.00850475232e-10,2.76507136938e-05
36100,36.1,0.000119191292019,4.49964623597e-05,0.000164187754379,0.163798633454,1.0842767296e-10,2.75655861285e-05
36200,36.2,0.000162256653088,1.73651582669e-06,0.000163993168915,0.164789649083,1.13215945407e-10,2.73382294326e-05
36300,36.3,0.000121004886786,4.30445427709e-05,0.000164049429556,0.16450311599,1.25773126696e-10,2.73127249964e-05
36400,36.4,0.000159861559679,4.00609802584e-06,0.000163867657705,0.165428872426,1.25982733937e-10,2.70212723213e-05
36500,36.5,0.000123683725898,4.02252332292e-05,0.000163908959127,0.165218526013,1.45873930523e-10,2.70216090329e-05
36600,36.6,0.000156660256262,7.08474792968e-06,0.000163745004191,0.166053541643,1.410570622e-10,2.66843602554e-05
36700,36.7,0.000127100926976,3.66657333513e-05,0.000163766660327,0.165943247851,1.53112556924e-10,2.67418044233e-05
36800,36.8,0.00015279366373,1.08309540597e-05,0.000163624617789,0.166666664555,1.33776860793e-10,2.63602034442e-05
36900,36.9,0.000131104127745,3.25189424594e-05,0.000163623070204,0.166674546341,1.2871168316e-10,2.64263728901e-05
37000,37,0.000148430870492,1.50752904474e-05,0.000163506160939,0.167269960337,1.23680570519e-10,2.60171977845e-05
37100,37.1,0.00013551104528,2.79675765045e-05,0.000163478621784,0.167410216103,1.00004465421e-10,2.61267940939e-05
37200,37.2,0.000143762080976,1.96268047401e-05,0.000163388885716,0.167867238142,9.27072696806e-11,2.56989186738e-05
37300,37.3,0.000140126308869,2.32077275161e-05,0.000163334036385,0.168146583492,1.00951209573e-10,2.5795703986e-05
37400,37.4,0.000138989834994,2.42825399745e-05,0.000163272374968,0.16846062251,9.08024808638e-11,2.53663318467e-05
37500,37.5,0.000144743846339,1.84459399204e-05,0.000163189786259,0.168881243352,8.74201389968e-11,2.54841869489e-05
37600,37.6,0.00013431977298,2.88360809491e-05,0.00016315585393,0.169054059288,7.75346697117e-11,2.50645610377e-05
37700,37.7,0.000149159333078,1.38872776266e-05,0.000163046610705,0.169610430463,7.8266342794e-11,2.51501380496e-05
37800,37.8,0.000129953227271,3.30856173928e-05,0.000163038844664,0.169649982585,6.72491315721e-11,2.47548358007e-05
37900,37.9,0.000153178198182,9.72673214038e-06,0.000162904930323,0.170332002723,9.28141119349e-11,2.48361546747e-05
38000,38,0.000126075207029,3.6845499347e-05,0.000162920706376,0.170251655945,1.02267531018e-10,2.44784185621e-05
38100,38.1,0.000156623020486,6.14242283792e-06,0.000162765443324,0.171042404175,1.11032819638e-10,2.45150599964e-05
38200,38.2,0.000122851572001,3.99494746234e-05,0.000162801046625,0.170861078053,1.03019242219e-10,2.41992955808e-05
38300,38.3,0.000159343802322,3.28459622015e-06,0.000162628398542,0.171740367518,1.34858382637e-10,2.42106702594e-05
38400,38.4,0.000120414699099,4.22646586514e-05,0.00016267935775,0.171480834402,1.40360134478e-10,2.39559234398e-05
38500,38.5,0.000161221155487,1.27315187638e-06,0.000162494307364,0.17242328828,1.51214232076e-10,2.39192965604e-05
38600,38.6,0.0001188669256,4.36885399339e-05,0.000162555465534,0.172111812279,1.64379474617e-10,2.37112710984e-05
38700,38.7,0.000162174976702,1.88295968872e-07,0.000162363272671,0.17309064249,1.63785832428e-10,2.36394411015e-05
38800,38.8,0.000118265602968,4.41634880782e-05,0.000162429091046,0.172755432258,1.89820688936e-10,2.35077316385e-05
38900,38.9,0.000162164684205,7.08234604613e-08,0.000162235507665,0.173741344322,1.93974865258e-10,2.33929812731e-05
39000,39,0.000118632410744,4.36678830801e-05,0.000162300293824,0.173411391122,2.19613837785e-10,2.32998325761e-05
39100,39.1,0.000161193250782,9.17664755404e-07,0.000162110915537,0.174375886819,2.17062104236e-10,2.31541744969e-05
39200,39.2,0.000119940558985,4.22284424373e-05,0.000162169001422,0.174080057838,2.26133937667e-10,2.31414313961e-05
39300,39.3,0.000159305462167,2.68395086258e-06,0.00016198941303,0.174994694007,2.24889093955e-10,2.296433854e-05
39400,39.4,0.000122127873163,3.99077458691e-05,0.000162035619032,0.174759368773,1.91839642781e-10,2.29735407094e-05
39500,39.5,0.000156586263457,5.28447944912e-06,0.000161870742906,0.175599075984,1.83042159203e-10,2.27823444729e-05
39600,39.6,0.000125088855515,3.68113472973e-05,0.000161900202812,0.175449037915,1.80604237401e-10,2.28640418297e-05
39700,39.7,0.000153156986838,8.5975003972e-06,0.000161754487235,0.176191161255,1.71173384475e-10,2.26568252149e-05
39800,39.8,0.000128688863619,3.30745541551e-05,0.000161763417774,0.176145678394,1.69974377245e-10,2.27421245586e-05
39900,39.9,0.000149169229755,1.24710604211e-05,0.000161640290176,0.176772762104,1.73053779764e-10,2.25440215282e-05
40000,40,0.0001327625003,2.88629920356e-05,0.000161625492335,0.176848126885,1.7335020106e-10,2.26840179602e-05
40100,40.1,0.000144798689712,1.67288268604e-05,0.000161527516573,0.177347113346,1.89598033917e-10,2.2487244707e-05
40200,40.2,0.000137126761196,2.4360469247e-05,0.000161487230443,0.17755228892,2.11025877915e-10,2.2616861051e-05
40300,40.3,0.000140236674013,2.11790651665e-05,0.000161415739179,0.177916390937,2.28825563673e-10,2.24504381773e-05
40400,40.4,0.000141585192775,1.97637315267e-05,0.000161348924301,0.178256676317,2.31375408865e-10,2.26122534646e-05
40500,40.5,0.000135681878401,2.56223081408e-05,0.000161304186542,0.178484523856,2.03975256998e-10,2.24647177812e-05
40600,40.6,0.000145938958676,1.52724806455e-05,0.000161211439321,0.17895688157,2.1789956745e-10,2.26100323179e-05
40700,40.7,0.000131331671535,2.98608411774e-05,0.000161192512712,0.179053273998,2.15191958115e-10,2.25047977783e-05
40800,40.8,0.000149994587963,1.1080508052e-05,0.000161075096015,0.179651272329,2.23406549647e-10,2.26618590671e-05
40900,40.9,0.000127372922264,3.37069838663e-05,0.00016107990613,0.179626774612,2.32739677127e-10,2.25914623016e-05
41000,41,0.000153572522223,7.36808441851e-06,0.000160940606642,0.180336221079,2.28119418221e-10,2.27336719796e-05
41100,41.1,0.00012397457731,3.69915519616e-05,0.000160966129271,0.180206235395,2.37184938588e-10,2.2704608331e-05
41200,41.2,0.000156515609539,4.29268258935e-06,0.000160808292128,0.181010093366,2.32976055318e-10,2.28461400955e-05
41300,41.3,0.000121279629845,3.95708817331e-05,0.000160850511578,0.180795071472,2.14684997141e-10,2.28641417641e-05
41400,41.4,0.000158695014864,1.98362127023e-06,0.000160678636134,0.181670425918,2.20883001237e-10,2.29976300991e-05
41500,41.5,0.000119399405992,4.13335863994e-05,0.000160732992392,0.181393591773,2.36643237353e-10,2.30444321407e-05
41600,41.6,0.000160016810535,5.35028827322e-07,0.000160551839362,0.182316196578,2.47090048097e-10,2.31756043566e-05
41700,41.7,0.00011840904567,4.22040169015e-05,0.000160613062571,0.182004389332,2.2861011773e-10,2.32760637381e-05
41800,41.8,0.000160424893097,3.191600509e-09,0.000160428084698,0.182946473907,2.09499542126e-10,2.34075101495e-05
41900,41.9,0.00011834352919,4.21473811566e-05,0.000160490910346,0.182626505506,2.2587189472e-10,2.35180030891e-05
42000,42,0.000159904380738,4.03074602838e-07,0.000160307455341,0.183560834178,2.22417742688e-10,2.36549663294e-05
42100,42.1,0.000119198140525,4.11681520074e-05,0.000160366292533,0.18326117882,2.23529123295e-10,2.38190409146e-05
42200,42.2,0.000158480730643,1.70905931401e-06,0.000160189789957,0.184160099057,2.16648426094e-10,2.39631834437e-05
42300,42.3,0.000120926359872,3.93131933294e-05,0.000160239553201,0.183906656934,1.91396826804e-10,2.41192727814e-05
42400,42.4,0.000156219839795,3.85515514267e-06,0.000160074994937,0.184744745289,1.98992996758e-10,2.42812126062e-05
42500,42.5,0.000123445447277,3.66653027789e-05,0.000160110750056,0.184562645968,2.06770298797e-10,2.44849938648e-05
42600,42.6,0.000153223155801,6.73949966965e-06,0.00015996265547,0.185316885497,2.0839952451e-10,2.46582292927e-05
42700,42.7,0.000126636519005,3.3343890434e-05,0.000159980409439,0.185226465279,2.19514537136e-10,2.48425341161e-05
42800,42.8,0.000149624782678,1.02277327807e-05,0.000159852515459,0.185877823971,2.3316776825e-10,2.50438222399e-05
42900,42.9,0.000130353991259,2.94947925827e-05,0.000159848783842,0.185896828937,2.47118070759e-10,2.52666477099e-05
43000,43,0.000145583409179,1.41605278438e-05,0.000159743937023,0.186430809404,2.34542738359e-10,2.54806351158e-05
43100,43.1,0.000134428210323,2.52882983456e-05,0.000159716508669,0.186570500863,2.17223072826e-10,2.56814779057e-05
43200,43.2,0.000141276855023,1.83597191238e-05,0.000159636574147,0.186977604039,1.97341641276e-10,2.59263954287e-05
43300,43.3,0.000138676590522,2.09074352257e-05,0.000159584025747,0.187245230841,2.01324851983e-10,2.6156888652e-05
43400,43.4,0.000136892863699,2.26368515984e-05,0.000159529715298,0.187521831691,2.00234098752e-10,2.64141513281e-05
43500,43.5,0.000142908822506,1.65431390557e-05,0.000159451961562,0.187917828215,1.74462216801e-10,2.66279756149e-05
43600,43.6,0.00013262103101,2.68019047305e-05,0.00015942293574,0.18806565551,1.98347703937e-10,2.69096591955e-05
43700,43.7,0.000146937326762,1.23834712813e-05,0.000159320798044,0.188585838528,1.91113969904e-10,2.71475078334e-05
43800,43.8,0.000128645608982,3.06699529391e-05,0.000159315561921,0.188612505883,1.78692354041e-10,2.74401949876e-05
43900,43.9,0.000150584316839,8.60682349748e-06,0.000159191140337,0.189246179807,1.68352707493e-10,2.76707993076e-05
44000,44,0.000125134578584,3.40726622316e-05,0.000159207240816,0.18916418074,1.39315973504e-10,2.79738520027e-05
44100,44.1,0.000153689939031,5.37344950036e-06,0.000159063388531,0.18989681441,1.49744199986e-10,2.82270893999e-05
44200,44.2,0.000122237342738,3.68600426461e-05,0.000159097385384,0.189723669861,1.37825239558e-10,2.85395202837e-05
44300,44.3,0.000156119299416,2.81869222109e-06,0.000158937991637,0.190535455546,1.39234875076e-10,2.87946027338e-05
44400,44.4,0.000120071360576,3.89144068572e-05,0.000158985767433,0.190292135418,1.45562088827e-10,2.91004821941e-05
44500,44.5,0.000157767865789,1.04735678616e-06,0.000158815222576,0.191160713244,1.43709252307e-10,2.93795693747e-05
44600,44.6,0.000118726339186,4.01456840024e-05,0.000158872023189,0.190871430095,1.40982596127e-10,2.96933338743e-05
44700,44.7,0.000158566117105,1.29216637569e-07,0.000158695333742,0.191771302058,1.69141301887e-10,2.99798030552e-05
44800,44.8,0.000118249727264,4.05063761281e-05,0.000158756103392,0.191461804774,1.57866256921e-10,3.02724520485e-05
44900,44.9,0.00015848240391,9.59562053605e-08,0.000158578360115,0.192367043848,1.44517110747e-10,3.05839692102e-05
45000,45,0.000118657182031,3.99806457009e-05,0.000158637827732,0.192064177764,1.74179185911e-10,3.08838258617e-05
45100,45.1,0.000157523340223,9.40997093102e-07,0.000158464337316,0.192947757195,1.97930674232e-10,3.12034281929e-05
45200,45.2,0.000119919216879,3.85982213536e-05,0.000158517438232,0.192677316449,1.97473266013e-10,3.14736642796e-05
45300,45.3,0.000155734737953,2.61835950963e-06,0.000158353097463,0.193514297115,1.98465545159e-10,3.18157980851e-05
45400,45.4,0.000121975862776,3.64190757086e-05,0.000158394938485,0.19330120254,1.76032729944e-10,3.20940822538e-05
45500,45.5,0.000153196848405,5.04757229649e-06,0.000158244420702,0.194067783315,1.6148669876e-10,3.24407914853e-05
45600,45.6,0.00012472707065,3.35437087781e-05,0.000158270779428,0.193933539427,1.42925552715e-10,3.26877568914e-05
45700,45.7,0.000150023700856,8.11425049668e-06,0.000158137951353,0.194610027258,1.35244133013e-10,3.30493577123e-05
45800,45.8,0.000128048611605,3.00965498708e-05,0.000158145161476,0.194573306401,1.30246771828e-10,3.33074516702e-05
45900,45.9,0.000146354334841,1.16789640509e-05,0.000158033298892,0.195143017865,1.37342798945e-10,3.36677723575e-05
46000,46,0.000131788073921,2.62306545331e-05,0.000158018728455,0.195217224491,1.16881089269e-10,3.38976118084e-05
46100,46.1,0.000142349876024,1.55801100635e-05,0.000157929986088,0.195669185654,8.80103556035e-11,3.42609638569e-05
46200,46.2,0.000135779249764,2.21124985879e-05,0.000157891748352,0.195863928845,7.34425861786e-11,3.45067093964e-05
46300,46.3,0.000138183608358,1.96438482111e-05,0.000157827456569,0.196191364207,5.34192503916e-11,3.48624232935e-05
46400,46.4,0.000139843962424,1.79210157684e-05,0.000157764978192,0.196509563965,5.53785025263e-11,3.5084416239e-05
46500,46.5,0.000134034946284,2.36903124126e-05,0.000157725258697,0.196711853695,6.05401806326e-11,3.54303229155e-05
46600,46.6,0.000143803359419,1.38353893996e-05,0.000157638748819,0.197152444886,7.34385249063e-11,3.56730793596e-05
46700,46.7,0.000130081542436,2.75412213449e-05,0.000157622763781,0.197233856016,7.83836954914e-11,3.60062199768e-05
46800,46.8,0.000147483886528,1.00298672186e-05,0.000157513753747,0.19778903956,7.29031959726e-11,3.62280116028e-05
46900,46.9,0.000126489822832,3.1029762833e-05,0.000157519585665,0.197759337843,6.85164982315e-11,3.65412647859e-05
47000,47,0.000150725234409,6.66507034165e-06,0.000157390304751,0.198417760134,6.87706818926e-11,3.67860980371e-05
47100,47.1,0.00012341171687,3.40034101667e-05,0.000157415127036,0.198291341271,6.65870526654e-11,3.70838385067e-05
47200,47.2,0.000153387538825,3.8814442729e-06,0.000157268983098,0.199035646237,7.11135625169e-11,3.73073979743e-05
47300,47.3,0.000120972502674,3.63367027368e-05,0.000157309205411,0.198830795678,6.93792963453e-11,3.75807382091e-05
47400,47.4,0.000155356668247,1.79332132323e-06,0.00015714998957,0.199641675297,7.22787106254e-11,3.78245550519e-05
47500,47.5,0.000119272986947,3.79282878067e-05,0.000157201274753,0.199380482004,8.78534489664e-11,3.80828407212e-05
47600,47.6,0.000156549347252,4.84320160323e-07,0.000157033667412,0.200234099184,7.50685405122e-11,3.83023935558e-05
47700,47.7,0.000118376935451,3.87144582065e-05,0.000157091393657,0.199940101831,8.24050821885e-11,3.85375221309e-05
47800,47.8,0.000156916817412,3.29724015554e-09,0.000156920114652,0.200812418644,6.47363952327e-11,3.87684946838e-05
47900,47.9,0.00011831757971,3.86616383555e-05,0.000156979218066,0.20051140743,5.87964884235e-11,3.89925113794e-05
48000,48,0.000156445561029,3.63829405508e-07,0.000156809390435,0.20137633245,6.89938848287e-11,3.91953707849e-05
48100,48.1,0.000119087623927,3.77773738331e-05,0.00015686499776,0.201093126668,5.14292583692e-11,3.94008566545e-05
48200,48.2,0.000155159608574,1.54181611542e-06,0.00015670142469,0.201926197474,4.38919722127e-11,3.96016769435e-05
48300,48.3,0.000120647933043,3.6100671e-05,0.000156748604043,0.201685915002,4.71621937543e-11,3.98029332444e-05
48400,48.4,0.000153116499298,3.47951124876e-06,0.000156596010547,0.202463067297,4.00864635049e-11,3.99730381134e-05
48500,48.5,0.000122922578505,3.37079377287e-05,0.000156630516234,0.202287331275,4.61358072056e-11,4.01598899688e-05
48600,48.6,0.000150407786983,6.08517312641e-06,0.00015649296011,0.202987898863,5.94358498158e-11,4.03135978333e-05
48700,48.7,0.000125807694368,3.07031136264e-05,0.000156510807995,0.202897000331,7.20183857384e-11,4.05042808609e-05
48800,48.8,0.000147151344605,9.24044520264e-06,0.000156391789807,0.203503154982,6.6962654329e-11,4.06274467127e-05
48900,48.9,0.000129172343589,2.72177187638e-05,0.000156390062353,0.203511952837,7.10356291902e-11,4.08037242942e-05
49000,49,0.000143489471583,1.2802754778e-05,0.000156292226361,0.204010227448,5.69936151596e-11,4.0899972769e-05
49100,49.1,0.000132866572549,2.34020095623e-05,0.000156268582111,0.204130646626,5.41856050651e-11,4.10866144533e-05
49200,49.2,0.000139579663984,1.66139769808e-05,0.000156193640965,0.204512318748,4.2713256198e-11,4.11559760835e-05
49300,49.3,0.000136726901288,1.94200849835e-05,0.000156146986271,0.204749929153,4.97575512843e-11,4.13223743378e-05
49400,49.4,0.000135589932749,2.05057661872e-05,0.000156095698937,0.205011133403,4.62966418174e-11,4.13619247851e-05
49500,49.5,0.000140583597778,1.54420599748e-05,0.000156025657753,0.205367850222,5.27405837548e-11,4.15406659559e-05
49600,49.6,0.000131690111752,2.43075840555e-05,0.000155997695808,0.20551025924,4.00568056919e-11,4.15603419106e-05
49700,49.7,0.000144268205909,1.16370075807e-05,0.00015590521349,0.205981267817,3.91720350993e-11,4.17080684469e-05
49800,49.8,0.00012804529816,2.78540501817e-05,0.000155899348341,0.206011138773,3.91701224294e-11,4.17038400036e-05
49900,49.9,0.000147620612979,8.16544272828e-06,0.000155786055708,0.206588133419,4.00559921081e-11,4.18593374291e-05
50000,50,0.00012480846869,3.09915289624e-05,0.000155799997652,0.206517127679,4.17102726971e-11,4.18450357542e-05
50100,50.1,0.000150495615825,5.17304309772e-06,0.000155668658923,0.207186030333,5.40398847744e-11,4.19569007309e-05
50200,50.2,0.00012211432537,3.35850755278e-05,0.000155699400898,0.207029462742,4.6817080337e-11,4.1931188095e-05
50300,50.3,0.000152769987167,2.78337803276e-06,0.0001555533652,0.207773216442,4.8128939437e-11,4.20398768088e-05
50400,50.4,0.000120072984361,3.55241119792e-05,0.00015559709634,0.207550495574,4.72995310536e-11,4.20156693123e-05
50500,50.5,0.000154346102943,1.09438747277e-06,0.000155440490416,0.208348082997,5.77408838618e-11,4.20702299872e-05
50600,50.6,0.000118766834736,3.67261282198e-05,0.000155492962956,0.208080842548,6.2406055973e-11,4.20488705101e-05
50700,50.7,0.000155158164638,1.72045800484e-07,0.000155330210438,0.208909734313,5.91468827104e-11,4.20857803833e-05
50800,50.8,0.000118244679077,3.71420469105e-05,0.000155386725987,0.208621902986,6.66122459513e-11,4.20776913173e-05
50900,50.9,0.000155172311343,5.03034972932e-08,0.00015522261484,0.209457714192,6.33773392468e-11,4.20555266097e-05
51000,51,0.0001185236351,3.67548167016e-05,0.000155278451802,0.209173338884,5.80897144321e-11,4.20606668436e-05
51100,51.1,0.000154390678249,7.270552413e-07,0.00015511773349,0.209991870523,7.04872657287e-11,4.20076383025e-05
51200,51.2,0.000119583429751,3.55846910386e-05,0.00015516812079,0.209735250112,8.24489956268e-11,4.20357671078e-05
51300,51.3,0.000152848449772,2.1669547554e-06,0.000155015404527,0.210513027653,7.92122128971e-11,4.19261603057e-05
51400,51.4,0.000121373765796,3.36821798411e-05,0.000155055945637,0.210306553473,1.03533418343e-10,4.19697926589e-05
51500,51.5,0.000150614489683,4.30098023107e-06,0.000154915469914,0.211021990458,9.63894369134e-11,4.18224790993e-05
51600,51.6,0.000123809453469,3.11326615799e-05,0.000154942115049,0.210886287899,8.56257441038e-11,4.18940461938e-05
51700,51.7,0.000147786421142,7.03115715754e-06,0.0001548175783,0.211520548353,7.08660651262e-11,4.17001920682e-05
51800,51.8,0.000126781740054,2.80453202173e-05,0.000154827060271,0.211472257072,8.46829925284e-11,4.17801232064e-05
51900,51.9,0.000144487496413,1.02339398487e-05,0.000154721436261,0.212010195736,9.23878860317e-11,4.15514091198e-05
52000,52,0.00013015571813,2.45553397645e-05,0.000154711057895,0.212063052322,8.61302448038e-11,4.1657251073e-05
52100,52.1,0.000140860305624,1.37662074005e-05,0.000154626513025,0.21249363581,7.3495614818e-11,4.13983052772e-05
52200,52.2,0.000133782840002,2.08118446151e-05,0.000154594684617,0.212655736559,8.31170341559e-11,4.14979353334e-05
52300,52.3,0.000137061261806,1.74711826725e-05,0.000154532444479,0.212972722981,8.1786014368e-11,4.12166720867e-05
52400,52.4,0.000137501917486,1.69763779388e-05,0.000154478295425,0.213248501847,9.04622059979e-11,4.13324335987e-05
52500,52.5,0.000133252810476,2.11858440548e-05,0.00015443865453,0.213450391264,1.11503405103e-10,4.10414493701e-05
52600,52.6,0.00014115007115,1.32124442248e-05,0.000154362515375,0.213838164798,1.08754500104e-10,4.1133361586e-05
52700,52.7,0.000129597993378,2.47467441202e-05,0.000154344737498,0.213928706783,1.04181413533e-10,4.08387945935e-05
52800,52.8,0.000144567389725,9.68026349358e-06,0.000154247653219,0.214423152957,8.66610324148e-11,4.09309493131e-05
52900,52.9,0.000126250767779,2.79993702705e-05,0.000154250138049,0.21441049782,9.79914284132e-11,4.06487301406e-05
53000,53,0.000147604655438,6.52967758127e-06,0.000154134333019,0.215000287994,1.11076350331e-10,4.07014126879e-05
53100,53.1,0.000123353501418,3.08010556614e-05,0.00015415455708,0.214897287701,1.11006344953e-10,4.04347887707e-05
53200,53.2,0.000150130332376,3.8924436154e-06,0.000154022775991,0.215568443271,1.42585888129e-10,4.0469831586e-05
53300,53.3,0.000121025054697,3.30324548736e-05,0.000154057509571,0.215391546605,1.32347031978e-10,4.02362815481e-05
53400,53.4,0.000152034563012,1.87887577236e-06,0.000153913438784,0.216125293094,1.24785508709e-10,4.02222437239e-05
53500,53.5,0.000119363441684,3.45953885302e-05,0.000153958830214,0.215894116443,1.16433318293e-10,4.00179536225e-05
53600,53.6,0.000153236198617,5.70252349227e-07,0.000153806450966,0.216670177579,1.4802872988e-10,3.9971805001e-05
53700,53.7,0.000118432244057,3.54259747653e-05,0.000153858218822,0.216406526052,1.38023808017e-10,3.98168138271e-05
53800,53.8,0.000153683692964,1.83577591823e-08,0.000153702050723,0.217201883651,1.66761342977e-10,3.97202659869e-05
53900,53.9,0.000118268944601,3.5486758399e-05,0.000153755703,0.216928634845,1.5707472595e-10,3.95988488855e-05
54000,54,0.000153359587467,2.40629524752e-07,0.000153600216992,0.217720518584,1.99728815731e-10,3.9463975747e-05
54100,54.1,0.000118871392772,3.4779728329e-05,0.000153651121101,0.217461266086,2.24153764863e-10,3.94005044666e-05
54200,54.2,0.000152279265479,1.22165465486e-06,0.000153500920134,0.218226233327,2.21333623507e-10,3.92221426217e-05
54300,54.3,0.000120210623056,3.33341375963e-05,0.000153544760653,0.2180029554,2.09488982226e-10,3.91866758819e-05
54400,54.4,0.000150491486814,2.91255608927e-06,0.000153404042903,0.218719625015,2.12171316719e-10,3.89746173716e-05
54500,54.5,0.000122219661358,3.12169693856e-05,0.000153436630744,0.218553656504,2.24479307948e-10,3.89961868524e-05
54600,54.6,0.00014807532189,5.23394924427e-06,0.000153309271134,0.219202293669,2.4419920351e-10,3.87543886738e-05
54700,54.7,0.000124808469027,2.85187084038e-05,0.000153327177431,0.21911109765,2.36339105481e-10,3.87913529978e-05
54800,54.8,0.000145136963415,8.07941832293e-06,0.000153216381738,0.21967537548,2.1377320603e-10,3.85300094198e-05
54900,54.9,0.000127857187846,2.53593947158e-05,0.000153216582562,0.219674352693,2.20337180928e-10,3.86133081853e-05
55000,55,0.000141804805417,1.1320069883e-05,0.0001531248753,0.220141413942,2.14093173126e-10,3.83406700741e-05
55100,55.1,0.000131230592667,2.18748460483e-05,0.000153105438715,0.220240403655,2.11028457418e-10,3.84244265615e-05
55200,55.2,0.000138223947728,1.48105228594e-05,0.000153034470587,0.220601841363,2.00192812512e-10,3.81515447719e-05
55300,55.3,0.000134776745118,1.82172510647e-05,0.000152993996183,0.220807975812,2.34258175448e-10,3.82637025518e-05
55400,55.4,0.000134549186149,1.83953332402e-05,0.000152944519389,0.221059959051,2.23718410985e-10,3.7999993603e-05
55500,55.5,0.000138338968871,1.45439266045e-05,0.000152882895476,0.221373807068,1.97419429169e-10,3.81001025275e-05
55600,55.6,0.000130939489896,2.19152701682e-05,0.000152854760065,0.221517099539,1.83467993026e-10,3.78542853203e-05
55700,55.7,0.000141759323054,1.10131408541e-05,0.000152772463908,0.221936230424,2.00968876705e-10,3.79622180845e-05
55800,55.8,0.000127548847988,2.52156930392e-05,0.000152764541027,0.221976581322,2.07018080043e-10,3.77456415715e-05
55900,55.9,0.00014488721065,7.77603839734e-06,0.000152663249047,0.222492457142,1.97716628355e-10,3.78347151376e-05
56000,56,0.000124522746594,2.81508684513e-05,0.000152673615045,0.222439663547,2.05443860629e-10,3.76473928002e-05
56100,56.1,0.000147585579026,4.96998177628e-06,0.000152555560803,0.223040908867,2.30717284758e-10,3.77268056532e-05
56200,56.2,0.000121987732994,3.0593698929e-05,0.000152581431923,0.222909148333,2.41026663762e-10,3.75855327746e-05
56300,56.3,0.000149736307761,2.71351471576e-06,0.000152449822477,0.223579429737,2.13998817157e-10,3.76457886535e-05
56400,56.4,0.00012005093014,3.24369387854e-05,0.000152487868926,0.223385660766,2.11376751741e-10,3.75354859641e-05
56500,56.5,0.000151246491966,1.09976436179e-06,0.000152346256328,0.224106887804,2.09917457146e-10,3.75765374341e-05
56600,56.6,0.000118789919058,3.36025919915e-05,0.00015239251105,0.223871314439,1.95205813395e-10,3.75233027593e-05
56700,56.7,0.000152050947896,1.94104974309e-07,0.00015224505287,0.224622312782,2.02430641705e-10,3.7550240677e-05
56800,56.8,0.00011825533517,3.40400341195e-05,0.000152295369289,0.224366053365,2.07019664421e-10,3.75207038391e-05
56900,56.9,0.000152116498499,2.98386914907e-08,0.00015214633719,0.225125067612,2.33827682216e-10,3.75289502452e-05
57000,57,0.000118463013758,3.37332662166e-05,0.000152196279974,0.2248707111,1.9729425795e-10,3.75598788337e-05
57100,57.1,0.000151441883209,6.08180242693e-07,0.000152050063452,0.225615385733,1.98394031541e-10,3.75623160944e-05
57200,57.2,0.000119398860126,3.26965242025e-05,0.000152095384328,0.225384568407,2.09354289851e-10,3.7604489507e-05
57300,57.3,0.000150058806412,1.89737999669e-06,0.000151956186408,0.226093497591,2.00847227481e-10,3.75973827723e-05
57400,57.4,0.000121014904303,3.09778134284e-05,0.000151992717731,0.22590744509,1.8640842713e-10,3.76953690532e-05
57500,57.5,0.000148029460073,3.83499011403e-06,0.000151864450187,0.226560706331,1.72117573705e-10,3.7691768317e-05
57600,57.6,0.000123235402302,2.86532154914e-05,0.000151888617793,0.226437621722,1.73163331702e-10,3.77885201841e-05
57700,57.7,0.000145444374308,6.33030798205e-06,0.00015177468229,0.227017890475,1.60196159355e-10,3.77887697657e-05
57800,57.8,0.000125957442977,2.58258409657e-05,0.000151783283943,0.226974082616,1.60262646522e-10,3.79302706693e-05
57900,57.9,0.000142417540289,9.26889691417e-06,0.000151686437203,0.227467319011,1.57452165552e-10,3.79428467961e-05
58000,58,0.000129057434118,2.26197216104e-05,0.000151677155728,0.227514589176,1.30838311773e-10,3.80750463947e-05
58100,58.1,0.000139081971897,1.25174489494e-05,0.000151599420847,0.227910489677,1.32590501623e-10,3.8103438626e-05
58200,58.2,0.000132395668839,1.91749093883e-05,0.000151570578228,0.228057383928,1.41464630892e-10,3.82662706728e-05
58300,58.3,0.000135583078482,1.59300477829e-05,0.000151513126265,0.22834998437,1.58020580179e-10,3.83143897395e-05
58400,58.4,0.000135822781597,1.5641286689e-05,0.000151464068286,0.228599834605,1.72880146941e-10,3.84663354242e-05
58500,58.5,0.000132072660647,1.9354523348e-05,0.000151427183995,0.228787684761,2.04794855853e-10,3.85360012409e-05
58600,58.6,0.000139186558215,1.21714145817e-05,0.000151357972797,0.229140174497,2.14490919327e-10,3.87055122218e-05
58700,58.7,0.000128702089045,2.26389696301e-05,0.000151341058675,0.229226317411,1.99387320534e-10,3.88003727711e-05
58800,58.8,0.000142338171159,8.91465900229e-06,0.000151252830161,0.229675661544,1.81576653659e-10,3.89634091902e-05
58900,58.9,0.000125615267022,2.56391580894e-05,0.000151254425112,0.229667538526,1.89714646837e-10,3.9077316553e-05
59000,59,0.000145139223089,6.0097387711e-06,0.00015114896186,0.230204658456,2.15788273087e-10,3.92494120611e-05
59100,59.1,0.000122943531853,2.82232799469e-05,0.0001511668118,0.230113749458,2.08878814507e-10,3.93916416485e-05
59200,59.2,0.00014746728579,3.5795102702e-06,0.00015104679606,0.230724984604,2.36198866909e-10,3.95649315533e-05
59300,59.3,0.000120797884245,3.0280071805e-05,0.00015107795605,0.230566288079,2.47512980988e-10,3.97166883461e-05
59400,59.4,0.000149221524619,1.72503205381e-06,0.000150946556672,0.231235499612,2.62528344862e-10,3.98965195462e-05
59500,59.5,0.000119267584938,3.171994139e-05,0.000150987526328,0.231026842869,2.55785892833e-10,4.0077169141e-05
59600,59.6,0.000150326777317,5.21767220795e-07,0.000150848544538,0.231734671314,2.5392162476e-10,4.0265939639e-05
59700,59.7,0.000118411848361,3.24835935981e-05,0.000150895441959,0.231495824708,2.47230125427e-10,4.0443361186e-05
59800,59.8,0.00015073686744,1.59533806759e-08,0.000150752820821,0.232222188202,2.41707148284e-10,4.0640980673e-05
59900,59.9,0.000118263309965,3.25381656901e-05,0.000150801475655,0.231974391168,2.19275349885e-10,4.08454088408e-05
60000,60,0.000150436111798,2.23369569546e-07,0.000150659481367,0.232697562135,2.06984096492e-10,4.10571534634e-05
60100,60.1,0.000118819881962,3.18858861536e-05,0.000150705768115,0.232461825664,1.9928081667e-10,4.12469941845e-05
60200,60.2,0.000149440401024,1.12805168708e-06,0.000150568452711,0.233161167273,1.57096141824e-10,4.1471823586e-05
60300,60.3,0.000120052844978,3.05554259597e-05,0.000150608270938,0.23295837471,1.76092908346e-10,4.16851233571e-05
60400,60.4,0.000147795287797,2.68433324491e-06,0.000150479621042,0.23361358325,1.8012802957e-10,4.19254850946e-05
60500,60.5,0.000121900096504,2.86091976452e-05,0.000150509294149,0.233462459358,2.42315518169e-10,4.21177109578e-05
60600,60.6,0.000145575065373,4.81768348588e-06,0.000150392748859,0.234056019645,2.37170430731e-10,4.23735796885e-05
60700,60.7,0.000124277323258,2.61316076159e-05,0.000150408930874,0.23397360532,2.35728938613e-10,4.25855427196e-05
60800,60.8,0.000142877771118,7.42978081466e-06,0.000150307551933,0.234489924027,2.25869051758e-10,4.285479505e-05
60900,60.9,0.000127074000383,2.32336838843e-05,0.000150307684267,0.234489250055,2.35595714833e-10,4.30452071895e-05
61000,61,0.000139822237251,1.04014726524e-05,0.000150223709903,0.234916927979,2.37755944872e-10,4.33281552315e-05
61100,61.1,0.000130165446891,2.00402916314e-05,0.000150205738522,0.235008455471,2.27525979357e-10,4.35358070249e-05
61200,61.2,0.000136541455092,1.35993138895e-05,0.000150140768982,0.235339342622,2.16863154248e-10,4.38275124281e-05
61300,61.3,0.000133412330109,1.66913317259e-05,0.000150103661835,0.235528327769,1.98967915539e-10,4.40179641264e-05
61400,61.4,0.000133177305721,1.68810792222e-05,0.000150058384944,0.235758921083,2.15416337769e-10,4.43168364912e-05
61500,61.5,0.000136671611776,1.33301347559e-05,0.000150001746532,0.236047378146,1.90112747307e-10,4.45240361655e-05
61600,61.6,0.00012987473369,2.01013164751e-05,0.000149976050165,0.236178248665,1.79146673954e-10,4.48260155277e-05
61700,61.7,0.000139799296274,1.01012414117e-05,0.000149900537686,0.236562830566,1.63932871976e-10,4.5022356944e-05
61800,61.8,0.000126773537833,2.31199064257e-05,0.000149893444259,0.236598957093,1.78743484813e-10,4.53220746289e-05
61900,61.9,0.0001426589509,7.14136996081e-06,0.000149800320861,0.237073230664,1.62326882972e-10,4.55362766944e-05
62000,62,0.00012400600696,2.58040351558e-05,0.000149810042116,0.237023720718,1.17450760482e-10,4.58337760935e-05
62100,62.1,0.000145126313111,4.57525645599e-06,0.000149701569567,0.237576166873,1.15255126324e-10,4.60425338573e-05
62200,62.2,0.000121685752822,2.80399167519e-05,0.000149725669574,0.237453426546,1.13024755909e-10,4.63283576636e-05
62300,62.3,0.000147095188651,2.50934061038e-06,0.000149604529261,0.238070389092,1.36832030054e-10,4.65560695494e-05
62400,62.4,0.000119910293101,2.97295664934e-05,0.000149639859595,0.237890453182,1.39311147989e-10,4.68358526335e-05
62500,62.5,0.000148481605573,1.02787813877e-06,0.000149509483712,0.238554452101,1.66108347809e-10,4.70605678358e-05
62600,62.6,0.000118748051141,3.08045138691e-05,0.00014955256501,0.238335040851,1.58999130973e-10,4.73220827656e-05
62700,62.7,0.00014922763564,1.88957126901e-07,0.000149416592767,0.2390275418,1.64520745154e-10,4.75647990736e-05
62800,62.8,0.000118245871191,3.12176222888e-05,0.00014946349348,0.238788678429,1.63700688855e-10,4.78188185464e-05
62900,62.9,0.000149303072301,2.28828922791e-08,0.000149325955193,0.23948915517,1.68311977508e-10,4.80575961286e-05
63000,63,0.00011841615957,3.09566022833e-05,0.000149372761853,0.239250770811,1.82244580749e-10,4.82908769911e-05
63100,63.1,0.000148707568279,5.30011005322e-07,0.000149237579284,0.239939249978,1.98915176994e-10,4.85431509965e-05
63200,63.2,0.000119247931383,3.00322966313e-05,0.000149280228014,0.23972204178,2.072862427e-10,4.87703376183e-05
63300,63.3,0.000147468860527,1.68248954008e-06,0.000149151350067,0.240378411775,2.10475504514e-10,4.90151490766e-05
63400,63.4,0.000120696465666,2.84897189222e-05,0.000149186184588,0.240201001019,1.67415747601e-10,4.92225695212e-05
63500,63.5,0.000145643347222,3.42381692699e-06,0.000149067164149,0.240807167134,1.61086177682e-10,4.94730287277e-05
63600,63.6,0.00012269569765,2.63949996993e-05,0.000149090697349,0.240687313533,1.56763126762e-10,4.9678469407e-05
63700,63.7,0.000143311131152,5.67357871283e-06,0.000148984709864,0.241227103359,1.34100231305e-10,4.99168697937e-05
63800,63.8,0.000125152197149,2.38419390783e-05,0.000148994136228,0.241179095285,1.24090249303e-10,5.01047951201e-05
63900,63.9,0.000140574631934,8.32912098353e-06,0.000148903752918,0.241639413701,1.27617668547e-10,5.03393967345e-05
64000,64,0.000127956940845,2.09398028168e-05,0.000148896743662,0.241675111551,1.13288677769e-10,5.05310607698e-05
64100,64.1,0.000137552102341,1.12717658001e-05,0.000148823868141,0.24204626353,9.91068462313e-11,5.07495280519e-05
64200,64.2,0.00013098407398,1.78149078584e-05,0.000148798981839,0.242173008427,8.69058332634e-11,5.09246767668e-05
64300,64.3,0.000134373623663,1.43711341797e-05,0.000148744757842,0.242449168972,9.22453909207e-11,5.11311910954e-05
64400,64.4,0.000134100970241,1.46001905108e-05,0.000148701160752,0.242671207131,8.17617361286e-11,5.13154299114e-05
64500,64.5,0.000131175115446,1.74907897758e-05,0.000148665905222,0.242850762069,7.56354187172e-11,5.15035074169e-05
64600,64.6,0.000137170665504,1.14330884543e-05,0.000148603753958,0.243167295857,8.32122081482e-11,5.16692546301e-05
64700,64.7,0.000128091757677,2.04952557832e-05,0.00014858701346,0.243252554514,6.77973284423e-11,5.18412845847e-05
64800,64.8,0.000140060069619,8.44705122789e-06,0.000148507120847,0.243659444253,7.47349612899e-11,5.20187248841e-05
64900,64.9,0.000125253960167,2.32536436043e-05,0.000148507603772,0.243656984736,8.17410126932e-11,5.21725182692e-05
65000,65,0.000142644004007,5.76766353894e-06,0.000148411667546,0.244145583921,7.91989482572e-11,5.2326394273e-05
65100,65.1,0.000122779137661,2.56482567309e-05,0.000148427394392,0.244065487753,6.83620008978e-11,5.24653063397e-05
65200,65.2,0.000144811752525,3.50593090675e-06,0.000148317683432,0.244624241086,6.47839040557e-11,5.26290054605e-05
65300,65.3,0.000120770204876,2.75757937423e-05,0.000148345998618,0.244480033026,6.47463764028e-11,5.27527131693e-05
65400,65.4,0.00014647059662,1.75489894204e-06,0.000148225495562,0.245093750048,6.63234936108e-11,5.28860479854e-05
65500,65.5,0.000119307520605,2.89557472617e-05,0.000148263267867,0.244901377279,7.75080183943e-11,5.30003876555e-05
65600,65.6,0.00014755089929,5.84375491046e-07,0.000148135274781,0.245553240714,6.55822747337e-11,5.3136862794e-05
65700,65.7,0.000118449381875,2.97295494253e-05,0.0001481789313,0.245330899887,6.2270161071e-11,5.32416148009e-05
65800,65.8,0.000148007450805,3.97223614729e-08,0.000148047173166,0.246001938555,6.70114894259e-11,5.33415052424e-05
65900,65.9,0.000118226338064,2.98666343156e-05,0.000148092972379,0.245768685078,6.27663991417e-11,5.34439393599e-05
66000,66,0.000147823029915,1.38204505142e-07,0.00014796123442,0.246439620994,5.79925489964e-11,5.35371341449e-05
66100,66.1,0.000118642728933,2.93625901077e-05,0.000148005319041,0.246215099864,5.60125177996e-11,5.36371992239e-05
66200,66.2,0.000147006998763,8.70441549621e-07,0.000147877440312,0.24686638088,5.97418120255e-11,5.36904058967e-05
66300,66.3,0.000119674935168,2.82411735558e-05,0.000147916108724,0.246669444278,5.57534671556e-11,5.37931078762e-05
66400,66.4,0.00014559674322,2.19892455682e-06,0.000147795667777,0.247282844986,6.95854983249e-11,5.38298915775e-05
66500,66.5,0.000121273253995,2.65521412249e-05,0.00014782539522,0.247131444357,7.13473963573e-11,5.39373497933e-05
66600,66.6,0.000143653967315,4.06175362775e-06,0.000147715720942,0.247690010869,6.47063548534e-11,5.39350462043e-05
66700,66.7,0.000123364469407,2.4369046219e-05,0.000147733515626,0.247599383291,6.65368023188e-11,5.4045039117e-05
66800,66.8,0.000141263689967,6.37369047489e-06,0.000147637380442,0.248088995759,7.82253035743e-11,5.40203974083e-05
66900,66.9,0.000125853938234,2.17867003373e-05,0.000147640638572,0.248072402243,6.27752213843e-11,5.41399457372e-05
67000,67,0.000138528839321,9.03144477003e-06,0.000147560284091,0.248481644254,7.41106136668e-11,5.40818754705e-05
67100,67.1,0.00012863149199,1.89157076496e-05,0.000147547199639,0.248548282817,6.77956102171e-11,5.41977044128e-05
67200,67.2,0.00013556720087,1.19169279735e-05,0.000147484128843,0.248869499743,8.20673277486e-11,5.41178658704e-05
67300,67.3,0.000131574147913,1.58793115258e-05,0.000147453459439,0.249025697739,5.49331651114e-11,5.42436351346e-05
67400,67.4,0.000132504945368,1.49035373578e-05,0.000147408482725,0.249254762259,5.73000330864e-11,5.41403020401e-05
67500,67.5,0.000134553470977,1.28064617033e-05,0.000147359932681,0.249502025606,6.68297953685e-11,5.42511107625e-05
67600,67.6,0.000129472565956,1.78604618081e-05,0.000147333027764,0.249639051221,7.00852473926e-11,5.41335017443e-05
67700,67.7,0.000137439323723,9.82753949667e-06,0.00014726686322,0.249976024477,6.86280797587e-11,5.42491948624e-05
67800,67.8,0.000126597619253,2.0659658499e-05,0.000147257277752,0.250024842864,5.40700640092e-11,5.41211120721e-05
67900,67.9,0.000140106659153,7.06810294648e-06,0.0001471747621,0.250445091632,5.44041923943e-11,5.42086114575e-05
68000,68,0.000124001534694,2.3179455767e-05,0.000147180990461,0.250413370849,6.37144951876e-11,5.40785164985e-05
68100,68.1,0.000142440320715,4.64354097832e-06,0.000147083861694,0.250908043598,5.43200186748e-11,5.41611089387e-05
68200,68.2,0.000121791344196,2.53123875086e-05,0.000147103731705,0.25080684646,6.05044095536e-11,5.40349817032e-05
68300,68.3,0.000144339752675,2.65479735006e-06,0.000146994550025,0.251362904189,5.30148373856e-11,5.40778461285e-05
68400,68.4,0.000120059406282,2.69659258356e-05,0.000147025332117,0.251206132282,5.25967713203e-11,5.39627443159e-05
68500,68.5,0.000145724068155,1.1829174574e-06,0.000146906985612,0.251808866084,5.45323143685e-11,5.39888372828e-05
68600,68.6,0.000118874059454,2.80714154447e-05,0.000146945474899,0.251612841755,6.51977738682e-11,5.38914426605e-05
68700,68.7,0.00014653416028,2.87251582145e-07,0.000146821411862,0.252244689613,7.42265871585e-11,5.38711514522e-05
68800,68.8,0.000118283592544,2.85805650693e-05,0.000146864157613,0.252026987291,9.11358601386e-11,5.37941761003e-05
68900,68.9,0.000146736757983,1.12528977771e-09,0.000146737883273,0.252670097223,7.38819778441e-11,5.37470403402e-05
69000,69,0.000118306252185,2.84749216391e-05,0.000146781173824,0.252449620258,7.38915911271e-11,5.36984534888e-05
69100,69.1,0.000146323993715,3.32423640353e-07,0.000146656417356,0.253084999733,6.66675594093e-11,5.3605030939e-05
69200,69.2,0.00011893865083,2.77580291234e-05,0.000146696679954,0.252879944007,6.5880193099e-11,5.35795172719e-05
69300,69.3,0.00014531541663,1.26157208485e-06,0.000146576988715,0.253489526481,1.06455700821e-10,5.34547411017e-05
69400,69.4,0.000120146204953,2.64644569086e-05,0.000146610661861,0.253318030553,1.04117849487e-10,5.34628593229e-05
69500,69.5,0.000143755388739,2.74401636914e-06,0.000146499405108,0.253884656545,6.19976650719e-11,5.32989369647e-05
69600,69.6,0.000121874862655,2.46485315322e-05,0.000146523394187,0.253762481169,8.3500576875e-11,5.33252004076e-05
69700,69.7,0.000141712523281,4.71100509492e-06,0.000146423528376,0.25427109357,8.09839904858e-11,5.31331034941e-05
69800,69.8,0.000124043467843,2.23915308448e-05,0.000146434998687,0.254212675752,9.15500421386e-11,5.31912884582e-05
69900,69.9,0.000139275318053,7.07367739738e-06,0.000146348995451,0.254650686639,8.90328466408e-11,5.29732253661e-05
70000,70,0.000126556806598,1.97890874742e-05,0.000146345894072,0.254666481833,1.16207191143e-10,5.30388503923e-05
70100,70.1,0.00013654958596,9.72603310258e-06,0.000146275619062,0.255024389516,1.33839820333e-10,5.28030562462e-05
70200,70.2,0.000129301257457,1.69550398906e-05,0.000146256297348,0.255122794202,1.52390040384e-10,5.28917298003e-05
70300,70.3,0.000133652194726,1.2550705592e-05,0.000146202900318,0.255394743038,1.35930506187e-10,5.26472709687e-05
70400,70.4,0.00013215691825,1.40097417141e-05,0.000146166659964,0.25557931365,1.27496272558e-10,5.27302921197e-05
70500,70.5,0.000130708124371,1.54224877517e-05,0.000146130612122,0.255762903797,1.29968236748e-10,5.24829101006e-05
70600,70.6,0.000134997135871,1.10801483017e-05,0.000146077284173,0.256034500815,1.17869638882e-10,5.25748225377e-05
70700,70.7,0.000127842119709,1.82161345309e-05,0.000146058254239,0.256131419469,1.31207640426e-10,5.23377464653e-05
70800,70.8,0.00013769810824,8.2905010131e-06,0.000145988609253,0.256486118471,1.50169269455e-10,5.24124742745e-05
70900,70.9,0.000125177161928,2.08084275363e-05,0.000145985589464,0.25650149813,1.49742997172e-10,5.21871076676e-05
71000,71,0.000140141591922,5.75931459929e-06,0.000145900906521,0.25693278482,1.76672036587e-10,5.22547646104e-05
71100,71.1,0.000122824187243,2.3087967168e-05,0.000145912154411,0.256875499788,1.91849288957e-10,5.20577508719e-05
71200,71.2,0.000142221355846,3.59319816273e-06,0.000145814554009,0.257372574553,1.78549392147e-10,5.21012541435e-05
71300,71.3,0.000120883518274,2.49542720617e-05,0.000145837790335,0.257254232913,1.66134006626e-10,5.19260964644e-05
71400,71.4,0.000143847478419,1.88229838912e-06,0.000145729776808,0.257804341292,1.68422500416e-10,5.19492344959e-05
71500,71.5,0.000119433208567,2.63289467141e-05,0.000145762155282,0.257639439078,1.75467111277e-10,5.18167915654e-05
71600,71.6,0.000144949699105,6.97091673476e-07,0.000145646790778,0.25822698567,1.64928696248e-10,5.18147071714e-05
71700,71.7,0.000118534139928,2.71510109529e-05,0.000145685150881,0.258031619271,1.66415507769e-10,5.17071579681e-05
71800,71.8,0.00014548137798,8.43486416949e-08,0.000145565726621,0.25863984203,1.40654608379e-10,5.1677853303e-05
71900,71.9,0.000118218336875,2.73882862858e-05,0.00014560662316,0.258431557667,1.15427847707e-10,5.16213300439e-05
72000,72,0.000145420305175,6.63411452841e-08,0.000145486646321,0.259042594695,1.20316340657e-10,5.15715192835e-05
72100,72.1,0.000118497198198,2.70294121429e-05,0.000145526610341,0.258839059609,1.31183041788e-10,5.15358623267e-05
72200,72.2,0.000144770685552,6.38859640857e-07,0.000145409545193,0.259435267516,1.20659030627e-10,5.14601159034e-05
72300,72.3,0.000119351596061,2.60934921665e-05,0.000145445088228,0.259254248323,1.11607557894e-10,5.14761804476e-05
72400,72.4,0.000143561851633,1.7724436001e-06,0.000145334295233,0.259818512413,1.06159311752e-10,5.13891203914e-05
72500,72.5,0.000120741917997,2.46203367886e-05,0.000145362254786,0.25967611558,9.59445651685e-11,5.14174202069e-05
72600,72.6,0.000141847765375,3.41302614537e-06,0.00014526079152,0.260192863747,1.09895506885e-10,5.13129480245e-05
72700,72.7,0.000122601529472,2.26767170421e-05,0.000145278246514,0.260103966195,7.80057429793e-11,5.13860237235e-05
72800,72.8,0.000139703724051,5.48502640372e-06,0.000145188750455,0.260559765879,7.52828651212e-11,5.12820475239e-05
72900,72.9,0.000124847093648,2.03462703644e-05,0.000145193364013,0.260536269223,7.14912840493e-11,5.13577119119e-05
73000,73,0.000137223790781,7.89415292659e-06,0.000145117943707,0.260920381686,6.37720352751e-11,5.12487189488e-05
73100,73.1,0.000127376143145,1.77316961848e-05,0.00014510783933,0.260971842856,7.78522764223e-11,5.13563862357e-05
73200,73.2,0.000134515688265,1.05323114722e-05,0.000145047999737,0.2612766034,1.0421003874e-10,5.12604384113e-05
73300,73.3,0.000130076470555,1.49456286069e-05,0.000145022099161,0.261408513949,1.24440885319e-10,5.13636172319e-05
73400,73.4,0.000131697108201,1.32815328523e-05,0.000144978641053,0.261629844275,1.46467013392e-10,5.12743976167e-05
73500,73.5,0.000132827466819,1.21089249233e-05,0.000144936391743,0.261845018249,1.34440660784e-10,5.13943927922e-05
73600,73.6,0.000128889168469,1.60202597289e-05,0.000144909428198,0.261982342455,1.11088007371e-10,5.13299104934e-05
73700,73.7,0.000135507854052,9.34331347184e-06,0.000144851167524,0.262279061631,1.00644433708e-10,5.14429546298e-05
73800,73.8,0.000126212715168,1.86273676962e-05,0.000144840082864,0.262335515337,1.19023422051e-10,5.13923076814e-05
73900,73.9,0.00013799952475,6.76716760985e-06,0.00014476669236,0.262709290107,1.12034539839e-10,5.15084389329e-05
74000,74,0.000123781278028,2.09889322605e-05,0.000144770210288,0.262691373447,1.160400176e-10,5.1491741744e-05
74100,74.1,0.000140193428049,4.48993706372e-06,0.000144683365113,0.263133672293,1.07655201831e-10,5.16032451013e-05
74200,74.2,0.000121697925754,2.30016407021e-05,0.000144699566456,0.263051159527,9.69358472816e-11,5.1600922549e-05
74300,74.3,0.000141994037,2.60733976723e-06,0.000144601376767,0.263551235506,7.5249952353e-11,5.17066910704e-05
74400,74.4,0.000120049260412,2.45785573552e-05,0.000144627817768,0.263416572598,9.56684670026e-11,5.17438865171e-05
74500,74.5,0.000143323432938,1.19760486069e-06,0.000144521037798,0.263960398516,8.66968665945e-11,5.18506588437e-05
74600,74.6,0.000118902940896,2.56519280782e-05,0.000144554868974,0.263788097752,1.03934229846e-10,5.18968464421e-05
74700,74.7,0.000144124853395,3.17599878352e-07,0.000144442453273,0.264360626218,7.17087803101e-11,5.19954738308e-05
74800,74.8,0.000118304191244,2.61762855408e-05,0.000144480476785,0.26416697406,5.9880440929e-11,5.20823110377e-05
74900,74.9,0.000144364685486,1.06719218898e-09,0.000144365752678,0.264751259139,7.24360092552e-11,5.21887430889e-05
75000,75,0.000118273941335,2.61307362666e-05,0.000144404677602,0.26455301613,8.97607586162e-11,5.22759789809e-05
75100,75.1,0.00014403429516,2.56646481861e-07,0.000144290941642,0.265132268618,7.67704407905e-11,5.23774604568e-05
75200,75.2,0.000118808872959,2.55185143595e-05,0.000144327387319,0.264946652309,8.24046607591e-11,5.25021473015e-05
75300,75.3,0.000143149692431,1.06829406249e-06,0.000144217986494,0.265503826137,8.98782866078e-11,5.26174362939e-05
75400,75.4,0.00011988011827,2.43686795419e-05,0.000144248797812,0.265346905383,7.20199410285e-11,5.27344536852e-05
75500,75.5,0.000141751276683,2.39548844663e-06,0.00014414676513,0.265866553564,8.88941654291e-11,5.28508093324e-05
75600,75.6,0.000121436984586,2.27319408304e-05,0.000144168925416,0.265753692151,6.95539249969e-11,5.29987791422e-05
75700,75.7,0.000139901261063,4.17580932243e-06,0.000144077070386,0.266221505982,5.50581366082e-11,5.31327691486e-05
75800,75.8,0.000123406434901,2.06816855366e-05,0.000144088120437,0.266165228531,6.57630267616e-11,5.326853402e-05
75900,75.9,0.000137681460734,6.32725212264e-06,0.000144008712856,0.26656964802,6.83590509064e-11,5.34089735069e-05
76000,76,0.000125699630087,1.83068952227e-05,0.00014400652531,0.266580789103,9.81163875265e-11,5.35678591041e-05
76100,76.1,0.000135188988217,8.75235639704e-06,0.000143941344614,0.266912751661,1.18972565708e-10,5.3727272175e-05
76200,76.2,0.000128212548703,1.57119891453e-05,0.000143924537849,0.266998347814,1.07407033723e-10,5.38742237739e-05
76300,76.3,0.000132532217035,1.13424898372e-05,0.000143874706872,0.267252134894,9.55973513977e-11,5.40419764411e-05
76400,76.4,0.000130833861438,1.30085386506e-05,0.000143842400088,0.267416671992,9.99672455936e-11,5.4205079671e-05
76500,76.5,0.000129826178275,1.39822176669e-05,0.000143808395942,0.267589853686,7.47663076734e-11,5.43908756419e-05
76600,76.6,0.000133446871638,1.03136718277e-05,0.000143760543466,0.267833564345,7.29729445657e-11,5.45465277085e-05
76700,76.7,0.000127186493521,1.65556633031e-05,0.000143742156824,0.267927206744,7.40278556407e-11,5.47379423443e-05
76800,76.8,0.000135937170034,7.74205019296e-06,0.000143679220227,0.268247740202,9.1774537114e-11,5.49052559142e-05
76900,76.9,0.000124726376897,1.89491686038e-05,0.000143675545501,0.268266455428,1.22969457884e-10,5.51120745214e-05
77000,77,0.000138195509427,5.40330246312e-06,0.00014359881189,0.268657256498,1.51455190771e-10,5.52784628772e-05
77100,77.1,0.000122548475704,2.10598959335e-05,0.000143608371638,0.268608569102,1.28098874145e-10,5.54844943536e-05
77200,77.2,0.000140124181692,3.39539537997e-06,0.000143519577072,0.269060796116,1.60160749721e-10,5.56610178044e-05
77300,77.3,0.000120745130833,2.27951315229e-05,0.000143540262356,0.268955446826,1.76371297084e-10,5.58788982865e-05
77400,77.4,0.000141639900674,1.80187472274e-06,0.000143441775397,0.269457036791,1.59419735708e-10,5.60605534238e-05
77500,77.5,0.000119388409703,2.40826784535e-05,0.000143471088156,0.269307748134,1.2316253001e-10,5.62699254175e-05
77600,77.6,0.000142678313124,6.87271151642e-07,0.000143365584275,0.269845074987,1.34652579153e-10,5.64622545771e-05
77700,77.7,0.000118534574392,2.48660140011e-05,0.000143400588394,0.269666800476,1.50929029189e-10,5.66798312581e-05
77800,77.8,0.000143195820354,9.53242327317e-08,0.000143291144587,0.270224193205,1.71085192638e-10,5.68808255773e-05
77900,77.9,0.000118213174366,2.51156051422e-05,0.000143328779509,0.270032520124,1.53861259577e-10,5.70835022773e-05
78000,78,0.000143172137379,4.63851530179e-08,0.000143218522532,0.270594054295,1.5871181307e-10,5.72958661397e-05
78100,78.1,0.000118435497856,2.48200203959e-05,0.000143255518252,0.270405636639,1.52080738438e-10,5.75038611619e-05
78200,78.2,0.000142610044362,5.37641192587e-07,0.000143147685554,0.270954824059,1.75347630467e-10,5.77250594675e-05
78300,78.3,0.000119184173431,2.39967635623e-05,0.000143180936993,0.270785475874,2.00933828417e-10,5.7915039741e-05
78400,78.4,0.000141536172503,1.54241681617e-06,0.000143078589319,0.271306728296,2.32171019194e-10,5.81467382854e-05
78500,78.5,0.000120424370176,2.26807073882e-05,0.000143105077565,0.271171824769,2.70554024426e-10,5.83406794255e-05
78600,78.6,0.000139998498625,3.01256834916e-06,0.000143011066974,0.271650616777,2.7193289903e-10,5.85782317989e-05
78700,78.7,0.000122095456943,2.09327124078e-05,0.000143028169351,0.271563515086,3.07860300644e-10,5.8754503068e-05
78800,78.8,0.000138065141393,4.87979738713e-06,0.00014294493878,0.271987404902,2.86425489271e-10,5.89990662604e-05
78900,78.9,0.000124123178102,1.88271879648e-05,0.000142950366067,0.271959763957,3.17488589319e-10,5.91799844455e-05
79000,79,0.000135820490227,7.05943363462e-06,0.000142879923862,0.272318523163,3.63635475174e-10,5.94253833746e-05
79100,79.1,0.000126414500791,1.64575125659e-05,0.000142872013357,0.272358811034,3.81622799964e-10,5.95912296762e-05
79200,79.2,0.000133361695898,9.45408553799e-06,0.000142815781436,0.272645197856,3.71467725123e-10,5.98380470337e-05
79300,79.3,0.00012886910659,1.39242428109e-05,0.000142793349401,0.272759443268,3.76032858017e-10,6.00109426848e-05
79400,79.4,0.000130794797675,1.19573484177e-05,0.000142752146093,0.272969289994,3.77081266585e-10,6.02528913185e-05
79500,79.5,0.000131377594093,1.13371425233e-05,0.000142714736616,0.273159814896,3.67867286794e-10,6.04136230115e-05
79600,79.6,0.000128228750242,1.44599804523e-05,0.000142688730695,0.273292261966,3.62389071972e-10,6.06508741012e-05
79700,79.7,0.000133831220057,8.80524683043e-06,0.000142636466887,0.273558439351,3.62208636012e-10,6.08216953648e-05
79800,79.8,0.000125773170757,1.68520101801e-05,0.000142625180937,0.273615918224,3.74811111615e-10,6.10490826839e-05
79900,79.9,0.000136122691414,6.43621162627e-06,0.00014255890304,0.273953468782,3.93269964053e-10,6.1209179051e-05
80000,80,0.0001235299635,1.90312644632e-05,0.000142561227963,0.273941628045,3.89884775421e-10,6.14272033541e-05
80100,80.1,0.000138153683043,4.3286004085e-06,0.000142482283452,0.27434368914,4.09063349534e-10,6.15994425028e-05
80200,80.2,0.000121593893666,2.0902636877e-05,0.000142496530543,0.274271129303,4.63002495695e-10,6.18044501156e-05
80300,80.3,0.000139836775286,2.57014435167e-06,0.000142406919638,0.274727513894,4.38468453249e-10,6.19649727215e-05
80400,80.4,0.000120042680734,2.23882417462e-05,0.00014243092248,0.274605268422,4.38051995989e-10,6.21588054898e-05
80500,80.5,0.000141100869049,1.23212197255e-06,0.000142332991022,0.275104029243,4.29149346337e-10,6.23310178706e-05
80600,80.6,0.000118940545705,2.34236054234e-05,0.000142364151129,0.274945332122,4.11555005696e-10,6.25112043199e-05
80700,80.7,0.000141892613782,3.68068244715e-07,0.000142260682026,0.275472295932,3.93934834357e-10,6.2668510166e-05
80800,80.8,0.000118328349866,2.39677896401e-05,0.000142296139506,0.275291712472,4.17427700552e-10,6.28386914187e-05
80900,80.9,0.000142179950716,1.01097962192e-08,0.000142190060513,0.275831968348,4.07617444698e-10,6.30040706111e-05
81000,81,0.000118229445852,2.39973151222e-05,0.000142226760974,0.275645054432,4.08575860575e-10,6.31627116502e-05
81100,81.1,0.000141951956209,1.69236659539e-07,0.000142121192868,0.276182708382,4.38948011158e-10,6.33089345092e-05
81200,81.2,0.00011864158272,2.3514517524e-05,0.000142156100244,0.276004926574,4.38862138782e-10,6.34603665774e-05
81300,81.3,0.000141220559392,8.33462617281e-07,0.000142054022009,0.276524806758,4.48005032122e-10,6.36084875321e-05
81400,81.4,0.000119543932369,2.25401859882e-05,0.000142084118357,0.276371527317,4.52773532342e-10,6.37527605977e-05
81500,81.5,0.000140018402971,1.97004698377e-06,0.000141988449955,0.276858762489,4.47313784301e-10,6.38779738216e-05
81600,81.6,0.000120892125159,2.11189185194e-05,0.000142011043678,0.2767436936,4.19855956062e-10,6.40173179769e-05
81700,81.7,0.000138398765608,3.52556836685e-06,0.000141924333975,0.277185302492,4.46953766798e-10,6.41375921476e-05
81800,81.8,0.000122625342552,1.93116328785e-05,0.000141936975431,0.277120920085,4.8918911654e-10,6.42752223105e-05
81900,81.9,0.000136431765454,5.42967958831e-06,0.000141861445043,0.277505593194,4.90301976832e-10,6.43706333654e-05
82000,82,0.000124664997813,1.71972285931e-05,0.000141862226406,0.27750161374,4.98794409505e-10,6.45030002402e-05
82100,82.1,0.000134202392231,7.59715663392e-06,0.000141799548865,0.277820827836,4.8830555629e-10,6.45884843102e-05
82200,82.2,0.000126921176778,1.48657967582e-05,0.000141786973537,0.277884873459,4.86683977368e-10,6.47238701822e-05
82300,82.3,0.0001318059422,9.93237993229e-06,0.000141738322133,0.278132653025,4.46952235023e-10,6.47852027523e-05
82400,82.4,0.000129294455987,1.24171649712e-05,0.000141711620958,0.278268640991,4.32277851801e-10,6.49112988871e-05
82500,82.5,0.000129344414421,1.23331098133e-05,0.000141677524234,0.278442294181,4.39445792662e-10,6.49616045331e-05
82600,82.6,0.000131681543108,9.95483452483e-06,0.000141636377633,0.278651852099,4.39328883916e-10,6.50928992961e-05
82700,82.7,0.000126921840563,1.46949176122e-05,0.000141616758176,0.278751773175,4.25922904115e-10,6.51226899315e-05
82800,82.8,0.000133978805875,7.5828265352e-06,0.00014156163241,0.279032526392,4.15298748501e-10,6.52373768994e-05
82900,82.9,0.000124639994912,1.69158078076e-05,0.00014155580272,0.279062216762,4.14990487728e-10,6.525960208e-05
83000,83,0.000136087318698,5.40030333041e-06,0.000141487622029,0.27940945817,4.05189796019e-10,6.53778981021e-05
83100,83.1,0.000122593942814,1.89003529653e-05,0.000141494295779,0.279375469037,4.04729487379e-10,6.53858778416e-05
83200,83.2,0.000137916482677,3.49819151299e-06,0.00014141467419,0.279780978463,3.82081906648e-10,6.54786952741e-05
83300,83.3,0.000120868359791,2.05637064436e-05,0.000141432066234,0.279692401508,4.2835132433e-10,6.54860211708e-05
83400,83.4,0.0001393884658,1.95449821608e-06,0.000141342964016,0.28014619538,4.06034840723e-10,6.55771302242e-05
83500,83.5,0.000119533296189,2.1835505148e-05,0.000141368801337,0.280014606986,3.96368889298e-10,6.55782904517e-05
83600,83.6,0.000140440651745,8.32070532419e-07,0.000141272722277,0.280503933618,3.66258107833e-10,6.56359239041e-05
83700,83.7,0.000118642618742,2.26618376819e-05,0.000141304456424,0.280342312934,3.74872295515e-10,6.56442145994e-05
83800,83.8,0.000141029283857,1.74778324372e-07,0.000141204062181,0.280853616614,3.87877423612e-10,6.56926318979e-05
83900,83.9,0.000118229677799,2.30091475682e-05,0.000141238825367,0.280676569164,3.58948325361e-10,6.57033316963e-05
84000,84,0.000141129918654,7.12728103231e-09,0.000141137045935,0.281194927552,3.55291788953e-10,6.57134910465e-05
84100,84.1,0.00011830904926,2.28628998694e-05,0.000141171949129,0.281017167045,3.67449979886e-10,6.57368865461e-05
84200,84.2,0.000140739892659,3.31806973975e-07,0.000141071699633,0.281527733538,3.57514291895e-10,6.57307820873e-05
84300,84.3,0.000118872058114,2.22317254995e-05,0.000141103783614,0.281364331165,3.01438365247e-10,6.57639337765e-05
84400,84.4,0.000139876710172,1.13123294544e-06,0.000141007943117,0.281852442805,3.14207456734e-10,6.57195198834e-05
84500,84.5,0.000119892024849,2.11424640763e-05,0.000141034488926,0.281717246114,3.27375300101e-10,6.57662726512e-05
84600,84.6,0.00013857883638,2.36686318124e-06,0.000140945699561,0.282169446635,3.25283038864e-10,6.57018477189e-05
84700,84.7,0.000121320085076,1.96440375122e-05,0.000140964122589,0.282075618925,3.28592970177e-10,6.57626356675e-05
84800,84.8,0.000136902307561,3.98242483861e-06,0.0001408847324,0.282479949837,3.34336598002e-10,6.56651013081e-05
84900,84.9,0.000123093141538,1.77998174644e-05,0.000140892959002,0.282438052095,3.692814743e-10,6.5734891744e-05
85000,85,0.000134919950153,5.90495855454e-06,0.000140824908708,0.282784629397,3.14136655405e-10,6.56188020527e-05
85100,85.1,0.000125130746216,1.56904313315e-05,0.000140821177547,0.282803632042,3.1967164711e-10,6.57023442012e-05
85200,85.2,0.000132716357829,8.04952786836e-06,0.000140765885697,0.283085231124,3.26349142907e-10,6.556305317e-05
85300,85.3,0.00012734424488,1.3404845616e-05,0.000140749090496,0.283170768382,3.38221627579e-10,6.5646500923e-05
85400,85.4,0.000130386291309,1.03211675944e-05,0.000140707458903,0.283382796341,3.38609813499e-10,6.54954922113e-05
85500,85.5,0.000129635428674,1.10415125993e-05,0.000140676941273,0.283538221354,3.56501514235e-10,6.55874268823e-05
85600,85.6,0.000128028114509,1.26211398488e-05,0.000140649254358,0.283679229655,3.39024700015e-10,6.54264572443e-05
85700,85.7,0.000131905209799,8.69987996252e-06,0.000140605089761,0.2839041581,3.52777364454e-10,6.5507178991e-05
85800,85.8,0.000125742631268,1.48484318658e-05,0.000140591063133,0.283975595129,3.2223433464e-10,6.53449258868e-05
85900,85.9,0.000134054307466,6.47945809865e-06,0.000140533765565,0.284267409248,3.43243884748e-10,6.54248345068e-05
86000,86,0.000123624885064,1.69076174421e-05,0.000140532502507,0.284273841952,3.44815520799e-10,6.52673696506e-05
86100,86.1,0.000135990076045,4.47321772121e-06,0.000140463293766,0.284626319174,3.1886918128e-10,6.5325960217e-05
86200,86.2,0.00012176499237,1.87084002895e-05,0.000140473392659,0.284574885932,2.99175710765e-10,6.51781287661e-05
86300,86.3,0.000137628846585,2.76504223329e-06,0.000140393888818,0.284979795671,2.9783083002e-10,6.52249996228e-05
86400,86.4,0.000120238324753,2.01751226037e-05,0.000140413447356,0.284880184853,3.03042466881e-10,6.50959714788e-05
86500,86.5,0.000138900266043,1.42552031261e-06,0.000140325786355,0.285326638666,2.93999569306e-10,6.51151257605e-05
86600,86.6,0.000119109441817,2.12430837312e-05,0.000140352525548,0.285190457074,3.09125458828e-10,6.50038357928e-05
86700,86.7,0.000139750155889,5.08955351827e-07,0.00014025911124,0.285666212238,2.78253251764e-10,6.50018250497e-05
86800,86.8,0.000118421210565,2.18692349718e-05,0.000140290445536,0.285506627978,2.56792174801e-10,6.49203550555e-05
86900,86.9,0.000140142443473,5.15520218585e-08,0.000140193995494,0.285997844009,2.93322879637e-10,6.48895441285e-05
87000,87,0.000118202114512,2.20250805541e-05,0.000140227195066,0.285828759979,2.88377123469e-10,6.48287367385e-05
87100,87.1,0.000140061340298,6.91341942426e-08,0.000140130474492,0.286321353818,2.88667663045e-10,6.47718099854e-05
87200,87.2,0.000118455352455,2.17073454019e-05,0.000140162697857,0.286157241569,2.88924620736e-10,6.47468369769e-05
87300,87.3,0.000139511033754,5.57483935825e-07,0.000140068517689,0.286636897222,3.07927912023e-10,6.46655760302e-05
87400,87.4,0.000119168876148,2.09281694814e-05,0.000140097045629,0.286491605619,3.13993657384e-10,6.46586375304e-05
87500,87.5,0.000138516498323,1.49157303852e-06,0.000140008071362,0.28694474784,3.17401981112e-10,6.45523812421e-05
87600,87.6,0.000120305889858,1.97244156853e-05,0.000140030305543,0.286831510083,3.21692916404e-10,6.45810283157e-05
87700,87.7,0.000137121194345,2.82778586657e-06,0.000139948980212,0.287245696595,3.30872582828e-10,6.44596947441e-05
87800,87.8,0.000121816224345,1.81464603117e-05,0.000139962684657,0.287175900431,3.35220735127e-10,6.44994470687e-05
87900,87.9,0.000135386338534,4.50475137502e-06,0.000139891089909,0.287540529487,3.53411685899e-10,6.4359952422e-05
88000,88,0.000123629530734,1.62647813402e-05,0.000139894312074,0.287524119136,3.84577116551e-10,6.44287245662e-05
88100,88.1,0.000133386795799,6.44733208351e-06,0.000139834127882,0.287830634706,3.78200250285e-10,6.42865978466e-05
88200,88.2,0.000125666438871,1.41590780236e-05,0.000139825516895,0.287874490106,3.71869755964e-10,6.43580423899e-05
88300,88.3,0.000131209480008,8.56842394434e-06,0.000139777903952,0.288116980831,3.66351439931e-10,6.4208048653e-05
88400,88.4,0.000127835116626,1.19213690403e-05,0.000139756485666,0.288226063265,3.39832202474e-10,6.42970993626e-05
88500,88.5,0.000128947381097,1.07746896067e-05,0.000139722070704,0.288401337231,3.45503234774e-10,6.4158270874e-05
88600,88.6,0.000130040930829,9.64663924945e-06,0.000139687570078,0.288577047472,3.67753928556e-10,6.42428553206e-05
88700,88.7,0.000126698211628,1.29681899062e-05,0.000139666401534,0.288684857985,3.37677144287e-10,6.41065721571e-05
88800,88.8,0.000132186158066,7.4328279086e-06,0.000139618985975,0.288926343443,3.3194259254e-10,6.41953354349e-05
88900,88.9,0.000124556871135,1.50536861646e-05,0.000139610557299,0.288969270335,3.10417675185e-10,6.408326965e-05
89000,89,0.000134177475471,5.37361396743e-06,0.000139551089438,0.289272137666,2.88548034211e-10,6.41637811149e-05
89100,89.1,0.000122615182754,1.69391582203e-05,0.000139554340974,0.28925557773,2.94640608944e-10,6.40616029239e-05
89200,89.2,0.000135927775917,3.55627608794e-06,0.000139484052004,0.289613556512,2.72010722769e-10,6.41342591031e-05
89300,89.3,0.000120953581561,1.85438426892e-05,0.000139497424251,0.289545452222,2.62102212754e-10,6.40667229021e-05
89400,89.4,0.000137361290817,2.05686985629e-06,0.000139418160673,0.289949138305,2.44022254055e-10,6.41315732695e-05
89500,89.5,0.000119642425007,1.97972711343e-05,0.000139439696142,0.289839459066,2.37902607601e-10,6.40763035432e-05
89600,89.6,0.000138416172425,9.37382802749e-07,0.000139353555228,0.290278171138,2.60080388389e-10,6.41255385382e-05
89700,89.7,0.000118734006409,2.06469159475e-05,0.000139380922356,0.290138791497,2.7091871338e-10,6.41111117132e-05
89800,89.8,0.000139047303252,2.43086524735e-07,0.000139290389777,0.290599870139,2.68355554318e-10,6.41566373875e-05
89900,89.9,0.000118265382882,2.10556814448e-05,0.000139321064327,0.290443645939,2.81052059046e-10,6.41520404613e-05
90000,90,0.000139228334536,3.85979728129e-10,0.000139228720516,0.290913949104,2.93185955536e-10,6.41799031962e-05
90100,90.1,0.000118252027861,2.10079731048e-05,0.000139260000966,0.290754639082,3.1092750919e-10,6.42171131291e-05
90200,90.2,0.000138952415274,2.16160624348e-07,0.000139168575899,0.291220263125,2.94580662758e-10,6.42478207429e-05
90300,90.3,0.000118691675278,2.05061584556e-05,0.000139197833734,0.291071254195,3.02657084511e-10,6.42893025247e-05
90400,90.4,0.000138232862487,8.77063268557e-07,0.000139109925755,0.291518965853,3.11705906888e-10,6.43056935142e-05
90500,90.5,0.000119560677244,1.95738553612e-05,0.000139134532605,0.291393644197,3.08054874873e-10,6.43847813266e-05
90600,90.6,0.000137101893121,1.95074391018e-06,0.000139052637031,0.291810734929,3.23076878247e-10,6.44113497501e-05
90700,90.7,0.000120818258154,1.82520440564e-05,0.000139070302211,0.291720766909,3.11570112871e-10,6.44888483284e-05
90800,90.8,0.000135609792523,3.3868178468e-06,0.00013899661037,0.292096076371,3.17649690382e-10,6.45075269471e-05
90900,90.9,0.000122406029789,1.65992207987e-05,0.000139005250587,0.292052072106,3.3767531675e-10,6.46144650285e-05
91000,91,0.000133821910802,5.11969323906e-06,0.000138941604041,0.292376221304,3.46119908821e-10,6.465007613e-05
91100,91.1,0.000124252200852,1.4687444795e-05,0.000138939645647,0.292386195325,3.32750945073e-10,6.47517402493e-05
91200,91.2,0.000131816376068,7.07106042637e-06,0.000138887436495,0.292652094353,3.56554398075e-10,6.47860375999e-05
91300,91.3,0.000126273883532,1.25997809298e-05,0.000138873664461,0.292722234742,3.81831715963e-10,6.49070483882e-05
91400,91.4,0.000129680088825,9.153701556e-06,0.000138833790381,0.292925311765,3.59599636325e-10,6.49633971354e-05
91500,91.5,0.000128381052876,1.04265881258e-05,0.000138807641002,0.293058489458,3.48362088451e-10,6.50790624834e-05
91600,91.6,0.000127505192416,1.12752807531e-05,0.000138780473169,0.293196854098,3.27227940178e-10,6.51381174083e-05
91700,91.7,0.000130480693958,8.26109809963e-06,0.000138741792058,0.293393855377,3.49467860271e-10,6.52637499311e-05
91800,91.8,0.000125385018806,1.33421096999e-05,0.000138727128506,0.293468536235,3.31094134572e-10,6.53478612813e-05
91900,91.9,0.000132480315104,6.19610580726e-06,0.000138676420911,0.293726787894,3.26573656122e-10,6.54715516172e-05
92000,92,0.000123409568775,1.52639901273e-05,0.000138673558903,0.293741363984,3.04259042036e-10,6.55583921326e-05
92100,92.1,0.000134292752507,4.31901139514e-06,0.000138611763902,0.294056083337,3.00070800457e-10,6.56853124195e-05
92200,92.2,0.000121662709693,1.69567547053e-05,0.000138619464398,0.294016865033,3.17376001195e-10,6.57977970578e-05
92300,92.3,0.000135839062074,2.70901220634e-06,0.00013854807428,0.294380451918,3.00630045875e-10,6.59283323325e-05
92400,92.4,0.000120216683861,1.83480024748e-05,0.000138564686335,0.294295847416,3.14277787968e-10,6.60399440883e-05
92500,92.5,0.000137052773114,1.43274850075e-06,0.000138485521614,0.294699030029,3.01617394688e-10,6.6170709891e-05
92600,92.6,0.000119131851474,1.93771269491e-05,0.000138508978424,0.294579565481,3.11798683942e-10,6.6306332344e-05
92700,92.7,0.000137881877598,5.42397044338e-07,0.000138424274642,0.295010958297,2.96979482974e-10,6.64464804288e-05
92800,92.8,0.000118450423386,2.00018629061e-05,0.000138452286292,0.294868296138,2.83226388185e-10,6.65758344078e-05
92900,92.9,0.000138291787503,7.26493993895e-08,0.000138364436902,0.295315709404,2.82531347048e-10,6.67164457254e-05
93000,93,0.000118199409905,2.0195063021e-05,0.000138394472926,0.295162737192,2.7103974506e-10,6.6866412622e-05
93100,93.1,0.000138265958322,4.00876308975e-08,0.000138306045953,0.295613092066,2.65350429257e-10,6.7020646783e-05
93200,93.2,0.000118384086413,1.99514704818e-05,0.000138335556895,0.295462794073,2.46637997907e-10,6.71594198947e-05
93300,93.3,0.000137807190341,4.41910252795e-07,0.000138249100594,0.2959031124,2.43521352512e-10,6.73159730679e-05
93400,93.4,0.00011899409399,1.92814401365e-05,0.000138275534126,0.295768487525,2.57937198549e-10,6.74710875172e-05
93500,93.5,0.000136936745624,1.25679279642e-06,0.00013819353842,0.296186088227,2.24605124015e-10,6.76428737688e-05
93600,93.6,0.000119997336205,1.82172080806e-05,0.000138214544286,0.296079106231,2.29773542929e-10,6.77842877581e-05
93700,93.7,0.000135693761371,2.44548905765e-06,0.000138139250429,0.296462574695,2.17101853958e-10,6.79599262724e-05
93800,93.8,0.000121348461676,1.68041981425e-05,0.000138152659819,0.296394281234,2.06152212656e-10,6.81136057158e-05
93900,93.9,0.000134133131994,3.95292374094e-06,0.000138086055735,0.296733493045,2.34922791062e-10,6.83033143735e-05
94000,94,0.000122983972281,1.51061475364e-05,0.000138090119818,0.296712794844,2.28231562197e-10,6.84439556704e-05
94100,94.1,0.000132322984831,5.71079425368e-06,0.000138033779084,0.296999735843,2.31804734685e-10,6.86371929281e-05
94200,94.2,0.000124831817241,1.31952816438e-05,0.000138027098885,0.297033757821,2.3650639213e-10,6.87873090001e-05
94300,94.3,0.00013034210102,7.64006981914e-06,0.000137982170839,0.297262574478,2.20699357128e-10,6.89911409429e-05
94400,94.4,0.000126808314786,1.1155558054e-05,0.00013796387284,0.297355765419,2.27738446573e-10,6.91314125777e-05
94500,94.5,0.000128275281734,9.65570667355e-06,0.000137930988407,0.297523244462,2.27179322561e-10,6.93361490509e-05
94600,94.6,0.000128827450553,9.07320458445e-06,0.000137900655138,0.297677730536,2.22497958374e-10,6.94847652547e-05
94700,94.7,0.000126211629346,1.16683246654e-05,0.000137879954012,0.297783160504,1.95110771226e-10,6.96953053872e-05
94800,94.8,0.00013079975818,7.03800506273e-06,0.000137837763243,0.297998036327,2.08267718732e-10,6.98383344636e-05
94900,94.9,0.000124237680345,1.35911625685e-05,0.000137828842913,0.298043467192,1.9347813153e-10,7.00455690958e-05
95000,95,0.000132640275446,5.13512212417e-06,0.00013777539757,0.29831566209,1.90068050934e-10,7.01973722699e-05
95100,95.1,0.000122437780219,1.53395793745e-05,0.000137777359594,0.298305669584,1.91533188429e-10,7.04054263943e-05
95200,95.2,0.000134268810248,3.44502140374e-06,0.000137713831651,0.298629214737,1.87462016899e-10,7.05551043942e-05
95300,95.3,0.000120885268804,1.68400564156e-05,0.00013772532522,0.298570678475,2.03418517784e-10,7.07555972031e-05
95400,95.4,0.000135616078111,2.0371696805e-06,0.000137653247791,0.298937765803,1.79601652257e-10,7.09150098385e-05
95500,95.5,0.000119645753662,1.80267589129e-05,0.000137672512575,0.298839651067,1.77926700337e-10,7.11121230924e-05
95600,95.6,0.000136624425094,9.6941890402e-07,0.000137593843998,0.299240306836,1.50033473824e-10,7.1270833923e-05
95700,95.7,0.000118767014386,1.88517987512e-05,0.000137618813138,0.299113140055,1.40515164256e-10,7.1457473988e-05
95800,95.8,0.000137251936944,2.8377622128e-07,0.000137535713166,0.299536364736,1.39468652026e-10,7.16262153727e-05
95900,95.9,0.000118285286783,1.92787733406e-05,0.000137564060124,0.299391994865,1.3649957058e-10,7.18070012325e-05
96000,96,0.000137472716198,6.24499085588e-09,0.000137478961189,0.299825400179,1.74433937265e-10,7.19740149175e-05
96100,96.1,0.000118215075257,1.92932079584e-05,0.000137508283216,0.299676064324,1.73639977141e-10,7.2143569549e-05
96200,96.2,0.000137279072747,1.44528459944e-07,0.000137423601207,0.300107346252,1.80310453873e-10,7.23191367371e-05
96300,96.3,0.000118557688157,1.88937140295e-05,0.000137451402186,0.29996575703,1.81224439911e-10,7.24825548311e-05
96400,96.4,0.000136680606081,6.889962173e-07,0.000137369602298,0.300382360439,1.87370767088e-10,7.2653263145e-05
96500,96.5,0.000119292387541,1.81011482005e-05,0.000137393535741,0.300260468412,1.92929183934e-10,7.28064618528e-05
96600,96.6,0.000135704649316,1.61223975709e-06,0.000137316889073,0.300650826688,1.90718036656e-10,7.29824713136e-05
96700,96.7,0.000120385975767,1.69487532513e-05,0.000137334729018,0.300559968594,1.99037332508e-10,7.31314152861e-05
96800,96.8,0.000134394141531,2.87119024399e-06,0.000137265331775,0.300913405853,2.0304833148e-10,7.32983726334e-05
96900,96.9,0.000121786413765,1.54887835099e-05,0.000137275197275,0.300863161272,1.97805277878e-10,7.34387161396e-05
97000,97,0.000132806195904,4.4085755443e-06,0.000137214771448,0.301170907482,2.03070150459e-10,7.36066283631e-05
97100,97.1,0.000123432237347,1.37828107883e-05,0.000137215048136,0.301169498323,2.09369127005e-10,7.37461348221e-05
97200,97.2,0.000131009388972,6.15558367565e-06,0.000137164972647,0.301424530692,2.19516325557e-10,7.39009586378e-05
97300,97.3,0.000125249140561,1.19054334428e-05,0.000137154574004,0.301477490549,2.46909934112e-10,7.40325789317e-05
97400,97.4,0.000129080456991,8.03529675621e-06,0.000137115753747,0.301675200491,2.61996652684e-10,7.41844273344e-05
97500,97.5,0.000127158342204,9.93561592053e-06,0.000137093958124,0.301786204688,2.62996363309e-10,7.43189441544e-05
97600,97.6,0.000127101756138,9.96506377565e-06,0.000137066819913,0.301924418462,2.64365312569e-10,7.44548880734e-05
97700,97.7,0.000129075811663,7.95767378463e-06,0.000137033485448,0.302094189501,2.51382660974e-10,7.45801741128e-05
97800,97.8,0.000125156362703,1.1861601256e-05,0.000137017963959,0.302173239795,2.57181386332e-10,7.471112973e-05
97900,97.9,0.000130919168156,6.05420202627e-06,0.000136973370182,0.302400354035,2.6489772386e-10,7.48419194619e-05
98000,98,0.000123326449217,1.36424454845e-05,0.000136968894702,0.302423147468,2.49348592996e-10,7.49561467533e-05
98100,98.1,0.000132608604831,4.305285263e-06,0.000136913890094,0.302703283638,2.5021941096e-10,7.50740424738e-05
98200,98.2,0.000121687402749,1.52320444249e-05,0.000136919447174,0.302674981658,2.52093395351e-10,7.51839732515e-05
98300,98.3,0.00013407229045,2.78293392261e-06,0.000136855224373,0.303002065701,2.5903107196e-10,7.53076464351e-05
98400,98.4,0.000120307416015,1.65619245674e-05,0.000136869340582,0.302930172434,2.5741997024e-10,7.54023270982e-05
98500,98.5,0.000135247686154,1.54989311541e-06,0.00013679757927,0.303295649798,2.66811634446e-10,7.5507860724e-05
98600,98.6,0.000119241771456,1.7576708559e-05,0.000136818480015,0.30318920318,2.83362908909e-10,7.5601296703e-05
98700,98.7,0.000136085638891,6.55462134794e-07,0.000136741101025,0.303583291136,2.77967495363e-10,7.57101781354e-05
98800,98.8,0.000118533395435,1.82332870727e-05,0.000136766682507,0.303453005718,2.80194583022e-10,7.57920040153e-05
98900,98.9,0.00013655098227,1.34908433059e-07,0.000136685890703,0.303864474997,2.78569280663e-10,7.58773040206e-05
99000,99,0.000118208607772,1.85053033817e-05,0.000136713911154,0.303721768013,3.01220549361e-10,7.59618490405e-05
99100,99.1,0.000136625291142,6.71285259732e-09,0.000136632003994,0.304138917751,2.95743535252e-10,7.60460456999e-05
99200,99.2,0.000118278152794,1.83819310454e-05,0.000136660083839,0.303995908275,2.84264839045e-10,7.61240618178e-05
99300,99.3,0.000136306236439,2.73206423536e-07,0.000136579442862,0.304406609401,3.03374344736e-10,7.61806572068e-05
99400,99.4,0.000118735445316,1.78698366702e-05,0.000136605281986,0.304275011822,2.92128021007e-10,7.62642538559e-05
99500,99.5,0.000135608916069,9.19265785439e-07,0.000136528181854,0.30466767957,2.94344514537e-10,7.63149299072e-05
99600,99.6,0.000119557628109,1.69918857767e-05,0.000136549513886,0.304559036425,3.23580196454e-10,7.63973312652e-05
99700,99.7,0.000134563748472,1.91434361487e-06,0.000136478092086,0.304922784662,3.22323196815e-10,7.64190969085e-05
99800,99.8,0.000120706690649,1.57862457727e-05,0.000136492936422,0.304847183081,3.15061125346e-10,7.65070459834e-05
99900,99.9,0.000133216465351,3.21261067949e-06,0.00013642907603,0.305172421386,3.23808318958e-10,7.65197372405e-05
100000,100,0.000122130434563,1.43052439169e-05,0.00013643567848,0.305138795384,3.34704476747e-10,7.66105850022e-05
