iteration,rod,youngs_scale,friction_scale,score,routed
0,0,1.46190583706,0.808696627617,2.67498834655,0
0,1,2.28277492523,0.992392599583,0.876492899935,0
0,2,0.477390229702,1.08206892014,2,0
0,3,0.931546509266,0.886172056198,1.8917518808,0
0,4,0.626449644566,0.643604516983,1.3981533851,0
0,5,1.08989465237,0.750440001488,1.38508397131,0
0,6,0.440261393785,1.03120672703,0.5,0
0,7,0.733602821827,1.1962594986,1.52387888995,0
0,8,0.847630560398,1.23348450661,2.65687207418,0
0,9,1.97230100632,1.13363194466,1.39892745845,0
0,10,0.88007324934,0.730505168438,2.63012841206,0
0,11,2.1687836647,1.20610797405,1.5,0
0,12,0.646788716316,1.18689382076,1,0
0,13,3.70519709587,0.906696498394,1.5,0
0,14,3.44351744652,0.648327171803,1.79427658403,0
0,15,3.1335709095,1.15864145756,2.64390710042,0
0,16,2.82040929794,0.654715359211,0.885498731078,0
0,17,0.531387209892,1.27182507515,1.42202836272,0
0,18,0.495783120394,1.04048025608,1.69479788729,0
0,19,0.476147145033,0.72032815218,1.40206040303,0
0,20,2.97361302376,0.65001565218,1.72723355935,0
0,21,1.26239824295,0.907204926014,2.5,0
0,22,1.54083430767,1.04883551598,3,1
0,23,0.63123357296,1.26357626915,0.852368777308,0
0,24,1.69683206081,1.26869142056,0.5,0
0,25,0.704277038574,1.13539147377,2.64944491849,0
0,26,2.55708694458,0.865170896053,2.39973458962,0
0,27,0.515819072723,0.966821849346,2.65794299049,0
0,28,3.22161269188,1.07716941833,1.88010782374,0
0,29,0.483671277761,0.937716126442,1.45271576493,0
0,30,0.901244401932,1.20628583431,2.790125209,0
0,31,1.26245343685,0.985082089901,0.5,0
0,32,2.29373860359,0.789851725101,1.1754157388,0
0,33,0.438370674849,1.09717428684,3,1
0,34,2.20472598076,0.655077040195,2.5,0
0,35,0.773566365242,0.981487452984,0.546309623782,0
0,36,2.18868494034,1.37216722965,2.49609919836,0
0,37,0.85747396946,1.3312895298,2.88440219186,0
0,38,0.924490451813,1.03624391556,1.61050121901,0
0,39,0.785877406597,0.878665983677,1.39816398605,0
0,40,0.826160490513,1.00666975975,1.40545050769,0
0,41,1.36560463905,0.607143223286,2.4797224141,0
0,42,2.19757699966,0.763446033001,2.90355283791,0
0,43,1.23925828934,1.03643500805,2.65275814738,0
0,44,1.03590428829,1.25569069386,1.5,0
0,45,3.11201667786,1.08679819107,2.67159138852,0
0,46,1.60691726208,0.617652654648,2.49504421856,0
0,47,0.82971227169,1.00706803799,2.23939150372,0
0,48,3.77300858498,0.884074389935,1.39823357328,0
0,49,0.688775122166,0.974960923195,2.90877128204,0
0,50,2.58895301819,1.05250167847,2.61147584514,0
0,51,1.17432928085,0.864346325397,2.2455222039,0
0,52,2.26150941849,1.13488781452,1.74466593535,0
0,53,1.082015872,1.35140442848,2.86080397645,0
0,54,1.03315842152,1.12597763538,1.84065897491,0
0,55,0.410916239023,1.3857884407,2.58636196061,0
0,56,0.527865588665,1.30100619793,1.5,0
0,57,1.54231154919,0.975135803223,1.84102303409,0
0,58,0.431292623281,0.950756490231,2.58105331568,0
0,59,3.20887589455,0.856378734112,2.40686963667,0
0,60,0.560386300087,1.29505813122,1.38461131615,0
0,61,0.886011362076,0.600349783897,1.5,0
0,62,0.50886964798,1.23416721821,2.18196847596,0
0,63,0.779169201851,1.39824593067,2.75880523645,0
0,64,1.81711149216,0.712761163712,0.132355765554,0
0,65,1.81577122211,1.26190578938,1,0
0,66,0.718622684479,1.26307070255,1.91348621711,0
0,67,0.921006858349,0.940335929394,1.5,0
0,68,1.3004847765,0.712920129299,0.818892962021,0
0,69,1.30364608765,1.1249256134,2.78388774997,0
0,70,1.14847123623,0.663226902485,2,0
0,71,0.438207566738,0.770592808723,2.12756069795,0
0,72,0.474678248167,0.987554192543,1.18690814123,0
0,73,2.25693321228,1.03172576427,1.77014310873,0
0,74,2.24595856667,0.847332954407,1.83045168905,0
0,75,1.34102189541,1.16863775253,2.3402595485,0
0,76,3.93425774574,1.21742749214,2.74485239888,0
0,77,2.03907704353,1.27563917637,1.89755789674,0
0,78,1.5308508873,0.892529368401,2.40503610964,0
0,79,0.738950908184,0.779279470444,3,1
0,80,0.717276990414,1.07671153545,0.79703202174,0
0,81,1.81317162514,0.738046228886,2.41206290424,0
0,82,0.675638198853,1.31359469891,1.62446231503,0
0,83,0.551416397095,1.19192481041,1.63597187319,0
0,84,3.18091011047,0.952044069767,2.49970821502,0
0,85,1.35429990292,1.03211081028,3,1
0,86,2.64324116707,1.13759362698,2.89376172166,0
0,87,0.414339125156,0.609319746494,2.94408895527,0
0,88,0.92993927002,1.1750587225,2.60805034682,0
0,89,3.40487170219,1.04944717884,2.49740993727,0
0,90,3.67977380753,0.97244989872,1.49006906327,0
0,91,3.29744577408,0.781055569649,2.89918274239,0
0,92,1.22769069672,0.975773513317,1.99772683687,0
0,93,0.419307142496,0.63671207428,1.99165512669,0
0,94,0.508996665478,1.06533265114,2.58491256449,0
0,95,0.943557739258,0.77756768465,1,0
0,96,3.7643764019,1.32071900368,2.79567048563,0
0,97,0.51885509491,1.34806132317,2.57022453359,0
0,98,2.43870401382,0.927307486534,2.55716639794,0
0,99,3.09309864044,1.00537240505,2.06868603603,0
0,100,2.63839292526,1.19796144962,1.81104339633,0
0,101,2.55101585388,0.931365072727,1.80879244191,0
0,102,1.87292861938,1.3100271225,0.5,0
0,103,1.68605816364,0.734915316105,2.61474621043,0
0,104,1.55755496025,0.998143672943,3,1
0,105,0.729953467846,0.841907978058,2.91621044018,0
0,106,0.939403712749,0.725323081017,1.39389823428,0
0,107,3.47919249535,1.31182003021,1.58839967852,0
0,108,2.64512777328,1.19811463356,3,1
0,109,2.60366344452,0.734673202038,1.5,0
0,110,0.710093796253,0.951752483845,2.6745953981,0
0,111,1.45545148849,0.621272325516,2.30269627815,0
0,112,0.857022345066,1.03696703911,1.90860944807,0
0,113,3.50162768364,1.09431195259,2.6272925783,0
0,114,0.902021288872,1.3928694725,1.46712976144,0
0,115,0.943649351597,1.22451686859,2.7268638954,0
0,116,1.42617845535,1.1518599987,2.94816171655,0
0,117,0.770752370358,1.16802358627,1.8726250209,0
0,118,0.438906550407,0.68812918663,2,0
0,119,1.53442871571,0.775270581245,2.28106988625,0
0,120,3.71255850792,0.904623508453,1.77918027124,0
0,121,1.40202963352,0.609138786793,1.3717176655,0
0,122,1.10508823395,0.777698218822,2,0
0,123,1.46482217312,1.21110343933,1.88963913619,0
0,124,0.626235902309,1.0877147913,0.933290605203,0
0,125,3.88526582718,0.912154376507,1.84976218195,0
0,126,1.8020812273,0.973930716515,1.5,0
0,127,0.802650272846,1.02946460247,1.75566837557,0
0,128,1.45217812061,1.32739710808,0.5,0
0,129,0.673923671246,0.703372299671,2.68985211871,0
0,130,3.70550751686,1.00389039516,1.91168783905,0
0,131,0.881334066391,1.35909295082,1.61027109623,0
0,132,1.15243530273,0.760012805462,2.5,0
0,133,2.60706377029,1.04489707947,1.34874313558,0
0,134,2.99694561958,0.763037621975,2,0
0,135,3.15099096298,1.11907017231,3,1
0,136,2.46486997604,1.18147492409,0.857700912943,0
0,137,1.28735172749,1.05593621731,0.899984707694,0
0,138,1.65116786957,0.607555389404,2.76653764208,0
0,139,2.91877651215,1.35584306717,1.83439242243,0
0,140,1.87796759605,0.814487695694,0.741419085608,0
0,141,0.881165146828,0.706074774265,1.87851749724,0
0,142,3.07962322235,1.2664437294,1.46991626818,0
0,143,2.45231723785,1.15489292145,1.61452104558,0
0,144,1.31329286098,1.05705797672,2.50429727799,0
0,145,1.08505833149,0.680826187134,1.52631633675,0
0,146,2.44548010826,0.731689155102,2.71012817279,0
0,147,0.630391955376,0.786436915398,2.72064285593,0
0,148,0.607220828533,1.37475275993,2.82090022206,0
0,149,1.33782601357,1.29414618015,1.90012625714,0
0,150,1.70133137703,0.838531017303,2.38490680208,0
0,151,0.64163506031,1.27069997787,1.24765257493,0
0,152,0.494275212288,0.606303453445,2.54548599715,0
0,153,0.654106318951,0.776812672615,1.13719205833,0
0,154,1.1801315546,0.767922759056,2.70555180929,0
0,155,0.892734229565,1.20541250706,0.657253023422,0
0,156,1.56923830509,0.619894504547,2.87532320531,0
0,157,0.598414242268,0.885876119137,2.58874633263,0
0,158,0.980915486813,1.36505293846,1.40564241899,0
0,159,1.26720118523,0.997251868248,2.45108687192,0
0,160,0.624278783798,0.607370913029,2.56859229475,0
0,161,0.827587544918,0.916435837746,2.58606802644,0
0,162,0.884234368801,0.846072256565,2.04517692456,0
0,163,1.84877204895,1.34044826031,1.5,0
0,164,1.37801802158,1.20001375675,1.37262743897,0
0,165,1.1278231144,1.2743370533,2.91223867696,0
0,166,3.81299686432,1.0000513792,2.45655665307,0
0,167,1.32915306091,0.723966419697,2.10369243035,0
0,168,2.79351258278,0.839734375477,1.5,0
0,169,1.19729542732,0.679330050945,2.49474128946,0
0,170,0.431745529175,0.809832572937,1.75141502612,0
0,171,0.485819071531,0.912995040417,0.521966621203,0
0,172,0.451721072197,1.37401258945,1.57595235556,0
0,173,0.621706008911,1.31973338127,2.6023032426,0
0,174,0.675632178783,0.649276316166,0.5,0
0,175,1.44112098217,1.16812682152,2.73083335921,0
0,176,0.744493961334,1.01023852825,2.71234204509,0
0,177,0.506922721863,0.627607405186,1.80332303674,0
0,178,0.606285691261,1.28919064999,2.26502914963,0
0,179,2.09134554863,0.927965402603,2.90169728555,0
0,180,1.44621753693,1.04390609264,1.33550230659,0
0,181,1.63992321491,0.624317824841,1.35937595465,0
0,182,0.811154842377,0.677772283554,1.2322257703,0
0,183,2.62514138222,1.39371144772,2,0
0,184,1.24743974209,1.24470794201,1.5,0
0,185,1.48183846474,0.763799667358,2,0
0,186,1.67073273659,1.33713805676,2.2143378154,0
0,187,1.91164290905,0.987571775913,1.40204222923,0
0,188,2.8995578289,1.13847696781,1.38503153134,0
0,189,1.20633590221,1.0031055212,2.91304781544,0
0,190,2.18907260895,1.04074108601,1.8822604747,0
0,191,1.98986768723,1.12898612022,2.70252498571,0
0,192,1.39448797703,1.22944295406,1.90847383015,0
0,193,0.74129062891,0.793855547905,2.5,0
0,194,3.66139984131,1.01429128647,1.39554967281,0
0,195,1.48149895668,1.34018921852,1.89531955094,0
0,196,3.49213981628,1.19158911705,2.66640739648,0
0,197,1.26755166054,0.849099636078,1.90695316326,0
0,198,3.73626756668,0.926192164421,2,0
0,199,3.45617675781,0.776807069778,1.40516891856,0
0,200,1.6722266674,1.30232262611,2.35576152385,0
0,201,1.49218356609,0.712545931339,1.4430868239,0
0,202,0.653935313225,1.21330416203,2.64568729533,0
0,203,2.7391512394,1.22172391415,2.72014605271,0
0,204,0.473418951035,0.972518801689,2.71569339467,0
0,205,2.23776626587,0.611028075218,0.599577015255,0
0,206,0.423663794994,0.933131158352,0.974208099022,0
0,207,3.49239945412,0.961986899376,1.5,0
0,208,3.20214438438,0.729054450989,2.90201855396,0
0,209,2.52447581291,1.28238022327,2.91371009133,0
0,210,0.472425073385,0.920366227627,0.5,0
0,211,0.743711590767,0.62605547905,2.66988067558,0
0,212,3.32389855385,0.661087930202,2.45464962837,0
0,213,0.619656860828,0.827545046806,1.54218774694,0
0,214,1.62277913094,1.26416015625,1.67381965536,0
0,215,1.586155653,1.21933603287,2.3650645418,0
0,216,1.62037611008,1.02012145519,0.85061791068,0
0,217,1.50935876369,0.72618252039,1.9136691458,0
0,218,3.85844111443,0.740190446377,1.5,0
0,219,1.33305835724,1.37206745148,1.5,0
0,220,3.96681785583,1.10751008987,1.40506185125,0
0,221,2.92368006706,0.848946213722,2,0
0,222,0.497214972973,1.05334413052,2.1583922636,0
0,223,1.93895554543,1.15517818928,2.77433893528,0
0,224,0.72247427702,0.84455037117,1,0
0,225,1.93391060829,1.026034832,1.5,0
0,226,3.38804531097,1.19556677341,2.48607003305,0
0,227,1.98045611382,1.28525424004,1,0
0,228,1.69375288486,1.29682314396,2.83082970302,0
0,229,1.36602592468,1.14940416813,2.90108273583,0
0,230,0.956644892693,0.630356013775,2.6215035057,0
0,231,0.690792858601,0.891617715359,2.89392566494,0
0,232,3.0394051075,0.618483304977,3,1
0,233,1.87895154953,0.805258691311,2.02698945184,0
0,234,1.55478417873,0.621612250805,2.31315973836,0
0,235,2.54175686836,1.15796267986,1.40456658454,0
0,236,2.81836342812,0.73911267519,2.90852377254,0
0,237,2.68159341812,1.36545336246,2.89520384901,0
0,238,3.87805604935,1.14581990242,2.12104708029,0
0,239,0.843647301197,1.3154771328,1,0
0,240,0.707708954811,1.08188438416,1.89703415718,0
0,241,1.25879693031,0.989972531796,2.55421998488,0
0,242,2.65622782707,0.756846427917,2.59247852834,0
0,243,0.600880026817,0.697203457355,2.46440881392,0
0,244,1.60146093369,0.64823693037,2.5,0
0,245,1.81123483181,0.609311819077,1.84733464258,0
0,246,3.52347111702,1.20131516457,1.6129796612,0
0,247,0.414932638407,1.12468981743,2.73871405743,0
0,248,2.96338558197,0.830584764481,2.5,0
0,249,0.894797384739,1.02276945114,3,1
0,250,1.11046040058,0.801450014114,2.8493642741,0
0,251,0.606558203697,0.685287535191,1.71591141366,0
0,252,1.15247929096,0.641818463802,0.862608143041,0
0,253,0.497084140778,0.725240945816,2.75355228511,0
0,254,3.64918828011,1.12612771988,1.70927848162,0
0,255,0.696064591408,0.819811701775,2.3329355314,0
1,0,3.68906903267,0.679563105106,2.22576155976,0
1,1,2.17943739891,0.870172381401,2.78070728056,0
1,2,2.3614590168,1.38216972351,1.26863283747,0
1,3,0.920366287231,1.08725321293,2.73620389337,0
1,4,0.453058034182,1.33282959461,2,0
1,5,0.999438762665,1.02960550785,2.12345003223,0
1,6,2.97361731529,1.33664500713,2.84344807459,0
1,7,1.20250868797,1.17209887505,2.69325827282,0
1,8,0.503334760666,0.667990982533,0.536397733841,0
1,9,0.910636544228,0.710142016411,2.90244415469,0
1,10,2.24764299393,0.743601024151,2.79148770652,0
1,11,1.23565208912,1.00299930573,2.01552444293,0
1,12,1.07365989685,0.678592860699,3,1
1,13,0.462101906538,0.635077893734,2.59393405364,0
1,14,0.954217851162,0.652280390263,2.89880538085,0
1,15,0.926506698132,1.09879124165,1.8940914494,0
1,16,2.60132408142,0.904641807079,2.90058588464,0
1,17,0.517531573772,1.38767433167,2.26114690346,0
1,18,3.1179318428,1.18279635906,0.60183575073,0
1,19,3.08272433281,0.913078248501,3,1
1,20,3.45976614952,1.02907335758,2.25267985181,0
1,21,1.76875710487,0.910582602024,2.77818989449,0
1,22,0.669858276844,0.973755538464,1.4550471504,0
1,23,1.31723177433,0.709994792938,2.88222919568,0
1,24,1.76001250744,1.13170135021,3,1
1,25,2.0058259964,0.817274093628,3,1
1,26,1.81711661816,1.26041471958,2.24381498296,0
1,27,0.645503520966,1.03229689598,2.79257787787,0
1,28,2.70250797272,1.10752904415,2,0
1,29,2.60881447792,0.619091153145,0.886873577479,0
1,30,0.534785747528,0.735501945019,1.38991873051,0
1,31,1.91576266289,1.10351598263,2.92191296542,0
1,32,2.04916381836,0.976510882378,2.78755747705,0
1,33,1.0165694952,1.00193977356,1.89939094606,0
1,34,0.515393674374,0.738522171974,2.02926304466,0
1,35,1.72855961323,1.16791391373,2,0
1,36,2.60914945602,1.08252835274,1.91192237146,0
1,37,1.47147238255,0.853328466415,2.76481648951,0
1,38,3.4866733551,1.03560781479,2,0
1,39,3.02553701401,1.09553289413,2.75599334289,0
1,40,2.6902692318,1.39387226105,2.46808657407,0
1,41,2.1030292511,1.16075325012,2.2769307422,0
1,42,0.797331094742,1.3406444788,0,0
1,43,0.439805835485,1.35287714005,2.90388059273,0
1,44,0.833925187588,1.06442344189,2.90003049049,0
1,45,0.80258089304,1.31807386875,2.39325126684,0
1,46,3.44967007637,0.951228499413,2.31097466541,0
1,47,1.05229628086,0.858912587166,0.5,0
1,48,0.470579147339,0.98334479332,2.9033010142,0
1,49,2.08124232292,1.09571325779,1.86927511076,0
1,50,1.16519749165,1.15475165844,1.89442243418,0
1,51,1.65573811531,0.99262368679,2.99989950736,0
1,52,0.404753178358,0.900990068913,2.87668722475,0
1,53,1.2703820467,1.26511693001,1.87706263188,0
1,54,2.21307682991,0.878521025181,1.35855039592,0
1,55,0.424250781536,1.371717453,1,0
1,56,1.01053309441,0.980642795563,2.51352272139,0
1,57,1.52657330036,0.688571453094,2.86397274179,0
1,58,0.947306156158,1.20981240273,2.9027175945,0
1,59,0.647655546665,1.39179980755,2.93880708713,0
1,60,1.52614748478,1.06057274342,2.91250350951,0
1,61,3.01322007179,1.24941694736,2.66478448126,0
1,62,1.15631830692,0.605122029781,2.79425892284,0
1,63,1.34895086288,0.922716140747,2.76087926952,0
1,64,1.91261899471,0.920525968075,2.88464593975,0
1,65,0.697931528091,0.680246770382,2.79957598609,0
1,66,1.36179661751,0.933990180492,2.9013190048,0
1,67,3.31058335304,0.660763978958,2.67406853533,0
1,68,0.405463367701,1.161444664,2.7853545684,0
1,69,0.636166632175,1.2522341013,2.91254614582,0
1,70,0.475592911243,0.778930068016,2.73774017716,0
1,71,0.512825489044,1.05127263069,3,1
1,72,1.95047557354,1.12298357487,2.89854100029,0
1,73,1.36852133274,0.850179076195,2.56927410048,0
1,74,0.675691902637,0.986140906811,2.84211665874,0
1,75,0.594308972359,1.26315593719,2.75226011384,0
1,76,0.712009489536,0.951797008514,2.89314896391,0
1,77,3.22765612602,0.820677101612,2.91348691591,0
1,78,1.15482449532,1.33138084412,1.72379138411,0
1,79,1.69638037682,1.36669278145,2.91035805845,0
1,80,0.404985755682,0.827028751373,1.98117384009,0
1,81,1.71968305111,1.06483125687,2.98698521451,0
1,82,0.975511193275,1.09860432148,2.80762869792,0
1,83,1.03963816166,1.35391139984,2.37115786921,0
1,84,2.8906955719,1.37229859829,3,1
1,85,1.90288555622,0.996717095375,2.90183906904,0
1,86,2.25762987137,1.00461828709,1.87956761756,0
1,87,0.64772850275,1.10612952709,2.86526185873,0
1,88,1.41712725163,1.07248413563,0.5,0
1,89,2.47172164917,1.00640082359,1.90196111985,0
1,90,0.719029784203,1.16498076916,2.29763808265,0
1,91,1.58153605461,0.760434985161,2.5950273819,0
1,92,2.28173470497,0.933030188084,2.75664745364,0
1,93,1.43700349331,0.676078855991,2.8895730025,0
1,94,3.41181635857,0.889514923096,2.52182795162,0
1,95,3.29409170151,1.14303719997,2.8169946663,0
1,96,1.01174116135,1.22420752048,2.89890704408,0
1,97,2.8290514946,0.641518235207,1.76640660407,0
1,98,0.772019088268,0.935704767704,1.45790826491,0
1,99,0.505119025707,0.609416425228,2.83950370484,0
1,100,0.704596757889,0.62714022398,1.90073628001,0
1,101,1.58020675182,1.26249039173,1.49857921351,0
1,102,0.635991036892,0.868214190006,2.87727658676,0
1,103,1.99993121624,1.12060904503,2.78379668561,0
1,104,0.429038196802,1.38261890411,2.81786548561,0
1,105,0.889587640762,0.820542275906,2,0
1,106,0.766206026077,0.66390889883,2.67954749149,0
1,107,0.455781161785,1.01537549496,2.89894740367,0
1,108,0.66034090519,0.609653890133,3,1
1,109,0.861478567123,0.624331772327,2.89769402111,0
1,110,0.944648265839,1.06993961334,2.39147790236,0
1,111,0.497400939465,1.31587409973,2.50394719966,0
1,112,0.794622659683,1.28155469894,1.75107604286,0
1,113,3.82232832909,0.792534351349,2.90629604868,0
1,114,3.99404859543,0.671943902969,2.9104700042,0
1,115,1.96937906742,0.987661242485,1.02407895095,0
1,116,0.492600142956,1.2750005722,2.89315740042,0
1,117,0.414660036564,1.04553413391,2.84090888096,0
1,118,3.58824396133,0.917579352856,2.82006945293,0
1,119,0.674700737,1.16561126709,1.90153640806,0
1,120,1.07856190205,1.01632535458,2.69325532203,0
1,121,2.45387339592,0.634259283543,2.49417663124,0
1,122,0.614906787872,1.09955453873,2.78827776106,0
1,123,3.90621805191,0.66654497385,3,1
1,124,0.872663021088,0.989323675632,1.76633725959,0
1,125,0.54891294241,1.05154824257,1.10660936666,0
1,126,1.57363808155,1.06084752083,2.82140522972,0
1,127,0.816789627075,0.692310631275,1.89677422183,0
1,128,0.652554929256,0.750910401344,2.64931995302,0
1,129,3.00274729729,0.633145987988,3,1
1,130,1.09062790871,0.658255517483,2.84723903916,0
1,131,0.46847140789,0.892755806446,2.62580225235,0
1,132,2.48391127586,1.08883857727,2.77411131581,0
1,133,1.91361045837,0.955672204494,3,1
1,134,1.11364352703,1.05774235725,2.5,0
1,135,1.73021709919,1.16157460213,2,0
1,136,1.01158440113,1.3369988203,2.56466202039,0
1,137,0.487442135811,0.698074281216,2.68447766988,0
1,138,1.69180774689,0.669897973537,2.73767966697,0
1,139,2.91464853287,1.07375657558,2.47820629743,0
1,140,0.657205939293,1.21080100536,2.55546295224,0
1,141,1.62605714798,0.956029891968,2.49259938502,0
1,142,1.80851018429,1.19809150696,2.77722346587,0
1,143,0.454013586044,0.6047270298,2.65045551724,0
1,144,1.59422159195,1.32963395119,1.15187922373,0
1,145,2.39737844467,0.965222716331,2.9050569602,0
1,146,0.458012640476,1.0394089222,2.77282803131,0
1,147,0.90120190382,1.00333726406,1.4001146462,0
1,148,1.33275079727,1.12947428226,1,0
1,149,3.61040568352,0.947565853596,2.06950260187,0
1,150,1.56347036362,1.07651555538,1.37487802199,0
1,151,2.61977243423,0.972070217133,2,0
1,152,0.418962180614,0.706080675125,2.79924504708,0
1,153,2.14875864983,1.10935783386,2.7131017701,0
1,154,2.59509992599,0.869572877884,2.91342205895,0
1,155,1.38413357735,1.04524993896,0.900820024769,0
1,156,3.90454983711,0.629568517208,2.91205300293,0
1,157,0.793392777443,0.946990907192,0.5,0
1,158,0.489413738251,1.33433878422,0.95816347516,0
1,159,1.18646073341,1.26459860802,2.5357253744,0
1,160,1.84294068813,1.10270965099,3,1
1,161,1.09896719456,0.948387801647,2.3893856978,0
1,162,2.26440310478,1.03843557835,2.8631633654,0
1,163,1.04927611351,0.722360730171,1.95009966169,0
1,164,0.893186688423,0.821656763554,2.90625111196,0
1,165,1.00209307671,0.705411851406,2.89734618556,0
1,166,3.459887743,0.937334835529,2.28860747217,0
1,167,0.454390883446,1.34479033947,2.90333372596,0
1,168,1.15920102596,1.14747190475,2.25462564343,0
1,169,0.953367114067,0.719423055649,1.67319119851,0
1,170,1.07692277431,1.1171785593,2.99481981614,0
1,171,3.0325152874,0.668810844421,1.90217055983,0
1,172,1.1609069109,0.637919545174,2.89150479166,0
1,173,3.07240796089,0.673792123795,2.42256119422,0
1,174,0.432594209909,0.772216260433,2.90897780417,0
1,175,0.915985047817,0.755342662334,3,1
1,176,1.00692927837,0.684220075607,2.89441039347,0
1,177,0.861243486404,1.35131633282,1.46401895752,0
1,178,2.29989314079,0.913053154945,2.90048724751,0
1,179,0.465102344751,1.25182723999,3,1
1,180,1.37787699699,1.13759851456,2.83151359726,0
1,181,1.35055732727,0.865330576897,2.69737884099,0
1,182,0.469105243683,0.945618510246,2.51829205989,0
1,183,0.581768035889,1.23224473,2.56095139348,0
1,184,1.4154009819,0.778898954391,2.92249004578,0
1,185,1.31213128567,0.931052863598,2.70643154988,0
1,186,3.37693476677,0.733383834362,1.90560293439,0
1,187,2.08200335503,0.865467488766,1,0
1,188,0.544449687004,0.711940705776,2.58128453589,0
1,189,1.20576322079,1.33357918262,2.11923307771,0
1,190,0.880448877811,1.36008453369,2.79976250459,0
1,191,0.530787944794,1.02082061768,2.89405688215,0
1,192,1.81586742401,0.719667375088,2.79930195942,0
1,193,0.522295236588,1.30053293705,2.90601955289,0
1,194,1.01027560234,1.38343048096,3,1
1,195,0.83454656601,1.07717967033,2.73945374978,0
1,196,2.43453788757,1.23617959023,2,0
1,197,3.28824424744,1.13013803959,2.80492719414,0
1,198,3.86247968674,0.920951545238,2.96077610375,0
1,199,0.473787158728,1.19819498062,2.90317996343,0
1,200,1.36085498333,1.1270608902,2.91121419765,0
1,201,3.02196359634,1.00376689434,3,1
1,202,2.56941103935,0.614780604839,2.5645416406,0
1,203,0.723650932312,0.712812423706,2.72587770059,0
1,204,0.6384370327,1.24584329128,1.49838275019,0
1,205,1.44397330284,1.14379656315,2.5,0
1,206,1.9964376688,1.39221262932,2.45202650281,0
1,207,0.828386366367,0.672987401485,2.3155394035,0
1,208,0.892224729061,0.929412901402,1.65618051649,0
1,209,0.470911353827,0.819675862789,2.90478390664,0
1,210,0.47575494647,0.640242636204,2.66964497002,0
1,211,2.98243403435,0.998358666897,2,0
1,212,0.661197781563,0.882983267307,2.67115641185,0
1,213,1.26341164112,1.30208027363,2.91231447188,0
1,214,0.907002925873,1.35468709469,2.90702300692,0
1,215,1.58942842484,0.602213799953,1.40737227809,0
1,216,1.16881108284,1.37538313866,2.75871643229,0
1,217,0.600311040878,1.26735949516,2.89624057562,0
1,218,0.885293364525,0.945036351681,2.680222405,0
1,219,2.43521380424,1.28026032448,0.643324566393,0
1,220,0.867478251457,0.806587636471,2.90108177538,0
1,221,0.444927066565,0.864575386047,2.84881590366,0
1,222,1.65174520016,1.31010997295,2.54309266779,0
1,223,0.968331515789,1.03202629089,1.03776820794,0
1,224,1.06275105476,0.653457701206,2.54462372795,0
1,225,0.726206362247,0.880766808987,1.66550581812,0
1,226,0.744337797165,1.05505740643,2.89607792888,0
1,227,0.587500452995,1.03243780136,1.83952402044,0
1,228,0.407802850008,0.825933754444,1.89381339211,0
1,229,1.95802330971,0.981288194656,2.22515226292,0
1,230,1.33788502216,1.38231480122,2.79228283408,0
1,231,0.653578460217,1.11528265476,2.79620513341,0
1,232,0.424107909203,1.38587546349,2.9118855924,0
1,233,3.24563503265,1.3715723753,2.159141764,0
1,234,0.621976315975,0.908069133759,2.91497127848,0
1,235,1.41768848896,1.00224852562,1.856235385,0
1,236,1.92582905293,1.14116966724,1.98419858263,0
1,237,1.68785643578,1.28717768192,2.77644020196,0
1,238,0.652179837227,1.26434743404,1.72448594587,0
1,239,1.74386143684,0.824012875557,1.1869235884,0
1,240,0.770850658417,0.762858510017,2,0
1,241,1.54977941513,0.832706391811,2.47748180149,0
1,242,0.611427426338,0.867084026337,1.60398892107,0
1,243,0.574339747429,1.25699293613,2.89905977874,0
1,244,1.62988162041,1.13672077656,2.58532554732,0
1,245,0.552441954613,0.925113260746,2,0
1,246,3.16314673424,1.15362286568,2.90019531839,0
1,247,0.695273339748,1.21582794189,2.27974676938,0
1,248,0.490720927715,0.689639091492,2.89669326139,0
1,249,3.0168774128,1.07930362225,0.940732266534,0
1,250,2.23165488243,1.35370659828,2.19693945101,0
1,251,0.836454868317,0.831369280815,2.9129927301,0
1,252,3.06827664375,1.18534135818,1.89784416033,0
1,253,0.802312076092,0.671328008175,2.39969543403,0
1,254,0.443200916052,0.908403098583,1.89862561037,0
1,255,1.3000420332,0.750141322613,2.77343013603,0
2,0,1.09444701672,0.628097057343,3,1
2,1,0.454603224993,1.39210391045,2.56199903235,0
2,2,2.05552840233,1.21913599968,3,1
2,3,0.956357777119,1.3564221859,3,1
2,4,0.683423757553,1.06754505634,2.84212472551,0
2,5,0.98507630825,0.687957286835,2.90545798494,0
2,6,0.833600223064,1.36484646797,0.5,0
2,7,0.922122359276,0.600463688374,2.91332994682,0
2,8,1.24682462215,0.714680075645,2.83773968851,0
2,9,0.800661563873,1.32352435589,2.91234798433,0
2,10,0.594822824001,1.04334545135,2.89525516805,0
2,11,2.56616520882,1.18093836308,2.5,0
2,12,2.26692128181,1.0135859251,2.85020423636,0
2,13,2.99964499474,0.660000562668,2.91173208766,0
2,14,1.78742027283,0.997224628925,2.82187609365,0
2,15,1.16560256481,0.804404079914,2.90267908871,0
2,16,3.33713173866,1.27117240429,2.5,0
2,17,3.66220259666,0.957863748074,0.678204784234,0
2,18,0.626754939556,0.854889154434,1.79826689049,0
2,19,2.0772600174,0.919126451015,2.90188943824,0
2,20,0.536337852478,0.631910085678,1.61179158196,0
2,21,0.633936464787,1.18332505226,3,1
2,22,3.6562063694,1.11112856865,2.1629844401,0
2,23,0.835919141769,0.834393918514,3,1
2,24,1.4560893774,1.13058817387,2.84789365452,0
2,25,1.39889228344,1.1243224144,2.91309464651,0
2,26,3.02394223213,1.21854937077,2.91054441091,0
2,27,0.900085747242,0.891343951225,1.89252530488,0
2,28,0.66498953104,0.641774773598,2.90233275414,0
2,29,2.42818164825,1.30239033699,2.88958959657,0
2,30,1.28935301304,1.09421205521,2.65841697947,0
2,31,1.4720788002,1.06615042686,1.99701195515,0
2,32,0.882315456867,0.787048399448,1.97057485559,0
2,33,2.30029058456,1.21749377251,2.52034477021,0
2,34,0.809742569923,0.8379150033,2.89511618251,0
2,35,1.35284459591,0.700831651688,3,1
2,36,3.39980053902,1.18482267857,2.49706943468,0
2,37,0.652937710285,1.13499331474,2.61286266334,0
2,38,0.850165486336,1.38899254799,1.797315029,0
2,39,1.30750143528,0.938477039337,2.00708108763,0
2,40,3.99052333832,0.701698541641,0.5,0
2,41,0.638606727123,1.27291226387,1.5,0
2,42,0.900558948517,1.28828656673,2.9141826624,0
2,43,2.12814211845,0.810512185097,0.683560048761,0
2,44,1.30136394501,1.13710081577,2.4316286866,0
2,45,0.552364826202,1.21939086914,2.91414024687,0
2,46,0.677887320518,0.92916816473,3,1
2,47,1.34529149532,0.838545382023,2.5,0
2,48,1.39677357674,0.856909871101,2.78448157503,0
2,49,1.95803558826,1.13889074326,2.5,0
2,50,3.98379254341,1.29360365868,1.65199262665,0
2,51,0.631020188332,0.960272312164,0.5,0
2,52,0.571188569069,1.05624568462,2.9134821304,0
2,53,1.21176064014,0.913163840771,2.92119131446,0
2,54,1.25898003578,1.39742588997,2.9005071512,0
2,55,1.30639970303,0.748063921928,2.5,0
2,56,1.37469923496,1.38046956062,2,0
2,57,0.583128154278,1.32143318653,2.89990351168,0
2,58,2.79750394821,1.23064136505,2.80361712073,0
2,59,0.472280532122,1.14065289497,2.91253682718,0
2,60,0.499056667089,1.099421978,2.89973117795,0
2,61,3.31861209869,0.934051930904,3,1
2,62,2.61311364174,1.20779407024,2.9122611765,0
2,63,0.499104499817,0.829364001751,2.91566579065,0
2,64,2.080483675,1.161850214,3,1
2,65,1.2970225811,1.34912824631,3,1
2,66,3.78015232086,1.08759844303,3,1
2,67,0.745236158371,0.952819168568,2.84125679482,0
2,68,0.948093354702,0.981255054474,2.59280435205,0
2,69,0.563845157623,0.604266226292,2.87968155602,0
2,70,1.71510350704,1.09084820747,1.70402231842,0
2,71,0.699027836323,1.09572350979,2.85241342802,0
2,72,1.23674702644,0.943385481834,2.38020171811,0
2,73,1.42684042454,0.941211283207,2,0
2,74,0.93012547493,0.761054754257,1.25416099016,0
2,75,2.5109038353,1.11159801483,3,1
2,76,2.1937212944,0.931032836437,2.82747343512,0
2,77,1.34411013126,1.13109350204,2.52449075783,0
2,78,0.548864305019,1.01757824421,2.89620621077,0
2,79,2.34726190567,0.653565049171,1.08239890515,0
2,80,3.43323683739,0.824505150318,3,1
2,81,0.812314152718,1.06290197372,2.9000294826,0
2,82,0.808428347111,0.64429807663,3,1
2,83,0.501503050327,0.629120349884,0.750191875553,0
2,84,0.601053595543,0.78196811676,2.90387292767,0
2,85,0.418713450432,1.28300738335,3,1
2,86,1.0849199295,1.04154062271,1.46922041987,0
2,87,0.834076106548,0.986537218094,2.87921332265,0
2,88,1.97790265083,1.18059408665,3,1
2,89,0.737986683846,0.916489064693,2,0
2,90,1.22593069077,0.887264668941,2.91449650123,0
2,91,1.54623663425,0.870019316673,3,1
2,92,0.816612362862,1.26928699017,2.89936769236,0
2,93,2.81625247002,1.04902291298,3,1
2,94,1.46460807323,1.35771179199,0.560489741647,0
2,95,0.552664041519,0.966780543327,2.91385220966,0
2,96,0.93967217207,1.14310193062,2.34005326824,0
2,97,0.83310931921,0.755292594433,2.89879164619,0
2,98,1.01825273037,1.26028466225,2.15128762087,0
2,99,0.433695107698,1.01182162762,2.89319569496,0
2,100,0.427056968212,1.05204057693,2.90947509998,0
2,101,2.16595339775,1.05808317661,2.47706229109,0
2,102,0.581274390221,0.852924525738,3,1
2,103,0.524352610111,0.613816738129,2.91027375252,0
2,104,2.59172129631,0.890320658684,2.12024886396,0
2,105,3.8238298893,0.686260402203,2.98310239024,0
2,106,0.840363144875,0.893550097942,2.90234293233,0
2,107,2.770195961,1.03457605839,1.34966765035,0
2,108,1.77901363373,1.01658117771,2.27114621743,0
2,109,0.825918674469,1.33042550087,2.86814803568,0
2,110,1.05705177784,1.27288258076,2.33528753097,0
2,111,2.43136501312,1.18242800236,2.90173336975,0
2,112,1.18289232254,0.652102231979,3,1
2,113,1.408675313,0.830827772617,2,0
2,114,1.26305568218,0.89085906744,2.94602066058,0
2,115,2.49302101135,0.78870254755,2.5,0
2,116,0.874142467976,1.14461505413,3,1
2,117,2.30443930626,0.750516355038,2.9051966493,0
2,118,3.81488656998,1.21241295338,1.01300435009,0
2,119,0.464503228664,1.37652313709,3,1
2,120,0.582890272141,0.744873166084,2.85595481068,0
2,121,1.26664221287,0.788385212421,2.91857165139,0
2,122,2.10229086876,0.968498051167,2.59499358307,0
2,123,1.46783554554,1.11614823341,2.8813086837,0
2,124,2.18065738678,0.693688511848,2.86086714059,0
2,125,1.32325935364,0.622510373592,2.90077239378,0
2,126,1.64115476608,1.30657839775,3,1
2,127,0.538292944431,0.788652002811,2.91226633914,0
2,128,2.46333622932,0.973033547401,2.91407788785,0
2,129,3.98779988289,1.32316279411,2.5,0
2,130,0.465052455664,1.08917188644,2.80707861429,0
2,131,1.07734930515,1.07731413841,2.06621011046,0
2,132,2.04227209091,1.04907548428,2.90037957046,0
2,133,2.02264785767,0.81772261858,2.13054035432,0
2,134,0.774443387985,0.66043227911,2.5696628977,0
2,135,0.558700859547,1.35972893238,3,1
2,136,0.415728360415,1.33661365509,2.51369075885,0
2,137,0.869341492653,1.2880730629,1.00967696133,0
2,138,3.50906062126,0.880038201809,2.91343573442,0
2,139,1.19813716412,0.915253221989,2.20833317944,0
2,140,0.40894895792,0.817093670368,2.8992309667,0
2,141,2.4502518177,0.658490538597,2.90568156108,0
2,142,0.998031795025,0.98432135582,1.51394155881,0
2,143,3.39625740051,1.13226473331,1.98668746457,0
2,144,3.43138003349,1.27541875839,2.92406648043,0
2,145,3.84825515747,1.07974469662,3,1
2,146,0.523427963257,1.11751759052,2.58491881548,0
2,147,2.26312017441,0.699678480625,2.56795742513,0
2,148,3.99079084396,1.06918048859,2.97799085113,0
2,149,1.8872461319,0.696444690228,2.90293477833,0
2,150,1.12810635567,1.2766879797,2.9408778295,0
2,151,1.63275337219,0.703815937042,2.88635947524,0
2,152,0.720028996468,1.18655872345,2.89757057972,0
2,153,0.932409524918,1.31174707413,2.90776939088,0
2,154,0.894737839699,0.70486587286,2.89577261758,0
2,155,3.31168913841,0.713941514492,3,1
2,156,2.98005390167,0.76311391592,2.90195379409,0
2,157,3.2998957634,0.883301317692,2.90251717702,0
2,158,0.836488306522,0.708585679531,3,1
2,159,2.47686910629,1.13696742058,2.89824923736,0
2,160,1.76074147224,0.688313782215,3,1
2,161,3.27224326134,1.37727999687,2.91428456402,0
2,162,0.574593245983,1.3503806591,2.18488466725,0
2,163,1.43332242966,0.873588383198,2.90446989502,0
2,164,0.908254444599,1.32066619396,1.5,0
2,165,1.0727468729,1.18406283855,2.56624268024,0
2,166,2.745906353,0.747515559196,2.89475034131,0
2,167,1.06228339672,1.28454041481,2,0
2,168,0.71265232563,1.16252756119,1.5,0
2,169,0.998784422874,1.11323535442,0.5,0
2,170,0.536418735981,1.00752282143,2.91536556531,0
2,171,3.71197080612,0.857701599598,3,1
2,172,1.84888470173,0.698794603348,2.91605742348,0
2,173,1.02582859993,0.736301243305,2.91601243131,0
2,174,0.75030452013,0.700688898563,3,1
2,175,0.660168349743,1.21339714527,2.95650084011,0
2,176,2.61650323868,1.06928598881,3,1
2,177,0.626586198807,0.842074096203,3,1
2,178,1.97253167629,0.716366827488,2.5,0
2,179,1.09263646603,1.01964139938,2.5,0
2,180,0.729966580868,0.73263245821,1.97107459137,0
2,181,0.449494808912,1.13988125324,2.17986476816,0
2,182,0.926233589649,1.03970396519,3,1
2,183,2.2472012043,1.38473474979,2.48678470356,0
2,184,0.709893107414,1.32248771191,2.98304098164,0
2,185,0.700851142406,0.664985358715,1.61936175699,0
2,186,0.698855221272,1.29797136784,2.69705758582,0
2,187,1.35753810406,1.26910459995,3,1
2,188,2.10862827301,1.28517985344,2.27589106785,0
2,189,2.60203671455,0.90885925293,2.70620749688,0
2,190,0.432725727558,0.775075852871,2.91367757317,0
2,191,2.66542506218,1.21180987358,2.5,0
2,192,0.545264661312,1.38963103294,2.59320594819,0
2,193,1.61833751202,1.3627884388,0.933305934178,0
2,194,3.81193304062,0.613788723946,2.85341186189,0
2,195,1.40527153015,1.04317963123,1.10747489034,0
2,196,1.05661642551,0.7464017272,3,1
2,197,1.55628633499,1.38384008408,2.92169390924,0
2,198,3.25854539871,0.972199857235,2.90610550722,0
2,199,2.30561232567,1.19920480251,2.89838809318,0
2,200,0.93840777874,0.860667407513,2.89700149517,0
2,201,0.680527210236,1.21465027332,2.26480563841,0
2,202,2.59973287582,1.33944487572,2.5,0
2,203,3.11534786224,1.36291241646,2.91473722914,0
2,204,1.0967155695,1.0381398201,0.746765508234,0
2,205,0.847199976444,0.775843441486,0.5,0
2,206,2.38584208488,1.2684315443,2.5,0
2,207,1.52599930763,1.02004551888,2.89991189282,0
2,208,0.413323134184,1.14163553715,3,1
2,209,3.30892276764,0.854727208614,1.62556218441,0
2,210,0.965742409229,0.612567663193,3,1
2,211,0.809888184071,1.22979164124,2.91519352633,0
2,212,2.49136304855,0.974647223949,3,1
2,213,1.70864725113,0.979183018208,1.41414385896,0
2,214,3.60174703598,0.900356292725,1.30878699962,0
2,215,0.725048243999,0.834564983845,2.92417863005,0
2,216,2.2273478508,0.890630781651,1.89508983698,0
2,217,0.759414732456,0.683300673962,2.90358681798,0
2,218,1.25244772434,1.23812878132,2.90964627545,0
2,219,0.808484792709,1.2771294117,2.58962099257,0
2,220,0.814418971539,1.33370542526,3,1
2,221,0.560752153397,1.00302481651,1.28238798248,0
2,222,1.94246613979,0.677686870098,3,1
2,223,2.97129654884,1.25339365005,2.91124392525,0
2,224,3.4486746788,1.24076771736,1.79474011447,0
2,225,1.48329162598,0.738078594208,2,0
2,226,2.17768287659,0.898125290871,3,1
2,227,1.30031347275,0.69815737009,2.44011950694,0
2,228,3.18210721016,1.36875629425,2.32090796869,0
2,229,0.951553404331,1.36696016788,2.91479745161,0
2,230,2.68156909943,1.23583579063,1.47384243126,0
2,231,0.445607364178,0.836487948895,2,0
2,232,1.22253394127,1.16515958309,2.91706442138,0
2,233,1.21615421772,0.633505702019,2.91401977409,0
2,234,0.696384489536,0.604608774185,0.771847398819,0
2,235,0.465866357088,1.19232821465,2.9163249531,0
2,236,0.877359628677,0.792558789253,2.94618724057,0
2,237,0.817034959793,1.18129730225,2.95095826881,0
2,238,0.430391639471,0.98245960474,1,0
2,239,0.706834852695,0.705348432064,2,0
2,240,0.695464730263,1.36581802368,2.91298550826,0
2,241,1.50914096832,1.29271328449,1.5,0
2,242,3.70620417595,1.15204787254,2.91858140346,0
2,243,1.03870916367,0.619104862213,2.82555768275,0
2,244,0.524977445602,1.38943004608,3,1
2,245,1.14043319225,1.08891999722,3,1
2,246,2.9247610569,1.29522359371,1.87458293962,0
2,247,2.24413752556,1.38945627213,3,1
2,248,1.93416666985,1.38609588146,2.98789078761,0
2,249,2.20846152306,1.25624227524,2.84539007431,0
2,250,0.681711375713,1.11992180347,2.26910515464,0
2,251,1.64458823204,0.793863713741,3,1
2,252,2.97886586189,1.27784979343,2.90607029281,0
2,253,0.413631379604,1.03666830063,2,0
2,254,0.671351194382,0.791365802288,2.85925474887,0
2,255,0.820346772671,1.29600965977,2,0
3,0,1.10352015495,1.04709649086,1.50846342472,0
3,1,2.29064822197,0.668549180031,2.91627166864,0
3,2,3.07662272453,0.621120035648,3,1
3,3,1.05723750591,1.02102148533,2.53295774543,0
3,4,1.19650435448,0.769361674786,2.91376769201,0
3,5,1.04165542126,0.804863214493,2.42713054379,0
3,6,0.859887123108,1.13135719299,3,1
3,7,2.89715194702,0.807908535004,3,1
3,8,2.59867310524,1.34910309315,2.26884292998,0
3,9,0.861799836159,0.846048951149,2.87909217276,0
3,10,0.517611265182,1.01219582558,2.90931690589,0
3,11,1.345921278,0.919782340527,2.93173643466,0
3,12,2.3086669445,0.78503292799,3,1
3,13,1.08786797523,1.33345878124,2.94632742279,0
3,14,0.469884186983,1.29223132133,3,1
3,15,2.45284414291,1.00504016876,2.20069800057,0
3,16,1.51397883892,1.08716893196,2.45679616359,0
3,17,1.34217262268,0.700486958027,2.80382781543,0
3,18,3.05776453018,1.21054589748,2.18467599285,0
3,19,0.622641086578,1.06523907185,3,1
3,20,1.94245445728,0.79962927103,1.82703624059,0
3,21,0.587337136269,0.776753664017,3,1
3,22,1.30265235901,0.895860254765,2,0
3,23,2.80819559097,1.09221923351,2.90720012047,0
3,24,0.839098393917,0.951545059681,3,1
3,25,0.866265833378,0.950716614723,2.33835238834,0
3,26,0.433499127626,1.22305321693,2.9002886197,0
3,27,0.563916444778,0.782731771469,2.90033331413,0
3,28,1.53949737549,0.910647630692,2.1402663422,0
3,29,1.32118010521,0.867007911205,1.47363187476,0
3,30,1.51812279224,0.633053064346,1.72850566925,0
3,31,2.30121684074,1.09040188789,2.99704491545,0
3,32,0.491083860397,0.916887581348,3,1
3,33,2.85111165047,0.862111926079,3,1
3,34,3.46240019798,1.00691306591,2.85331410363,0
3,35,0.93034350872,0.633262574673,2.48334632171,0
3,36,2.15929603577,0.853028953075,3,1
3,37,0.579785108566,1.33808219433,3,1
3,38,1.05773568153,0.932129919529,1.72310903987,0
3,39,3.00394368172,1.01624321938,2.94426993307,0
3,40,1.44457232952,0.790530860424,3,1
3,41,3.92269825935,0.787090599537,2.90156784385,0
3,42,2.72867178917,0.814683675766,3,1
3,43,3.69799757004,1.23032355309,3,1
3,44,1.99965655804,1.30439794064,3,1
3,45,0.874274671078,1.13816046715,2,0
3,46,1.42748439312,1.22449886799,3,1
3,47,0.999932348728,0.604122161865,3,1
3,48,2.36456537247,0.898644030094,2.89856129615,0
3,49,0.655343949795,0.90278595686,1.94057091419,0
3,50,1.07121944427,0.793453454971,3,1
3,51,0.859597623348,0.907494664192,2.90534666778,0
3,52,2.92995738983,1.13269674778,3,1
3,53,3.03637170792,1.38581943512,2.23510116298,0
3,54,1.30813336372,0.662477314472,2.90886253257,0
3,55,0.50313603878,1.04181551933,2.90214643552,0
3,56,3.47797441483,1.01734793186,3,1
3,57,0.538406133652,1.00428199768,2.82341656352,0
3,58,0.429609417915,1.15582132339,2.53129751743,0
3,59,0.984519600868,1.07689273357,2.87995578935,0
3,60,0.628025054932,1.05190634727,3,1
3,61,3.2394092083,0.968959212303,2.90221162298,0
3,62,0.536827862263,1.17208611965,3,1
3,63,0.918307900429,0.970064401627,2,0
3,64,0.434799164534,1.25395584106,3,1
3,65,2.29199361801,1.3790615797,2.45275521987,0
3,66,0.742071807384,0.62358546257,2.89492912552,0
3,67,0.950610160828,1.29303371906,2.90010068071,0
3,68,3.15251255035,0.995081603527,1.61312574944,0
3,69,3.68969392776,0.966884851456,2,0
3,70,0.429547309875,1.25550150871,2.9062779352,0
3,71,3.00747656822,0.938042938709,3,1
3,72,3.61920499802,1.09047746658,3,1
3,73,2.2158396244,1.23415160179,2.90106662113,0
3,74,1.02140021324,0.991191208363,2.56515635387,0
3,75,0.737201631069,1.19845211506,2.89702450972,0
3,76,2.1184220314,0.921332895756,3,1
3,77,0.704638838768,1.3832243681,2.91120953733,0
3,78,0.617177009583,0.840093791485,1.87724847368,0
3,79,0.406964451075,1.0224148035,2.91392156105,0
3,80,1.18512785435,0.69767510891,3,1
3,81,0.95049071312,0.991629242897,2.90047180921,0
3,82,0.593955636024,1.04294192791,3,1
3,83,0.592387735844,0.977695286274,3,1
3,84,2.30737519264,1.27859795094,3,1
3,85,0.90336304903,0.909727931023,2.44438465806,0
3,86,0.623449742794,0.985928177834,3,1
3,87,0.560552000999,1.17637383938,2.96600647424,0
3,88,3.37311172485,0.635500490665,2,0
3,89,0.71298968792,0.627727270126,2.40423603547,0
3,90,3.13007497787,1.2816580534,2.94329450083,0
3,91,0.427681326866,0.658508837223,3,1
3,92,0.748464405537,1.13194608688,3,1
3,93,0.800750136375,0.655363798141,2.91474697008,0
3,94,0.870503544807,1.23607099056,2.60234671882,0
3,95,0.460942238569,0.997336745262,3,1
3,96,2.88124966621,1.25846576691,2.89766395115,0
3,97,0.930027067661,0.651309847832,3,1
3,98,2.03786706924,0.894960522652,2.91505456559,0
3,99,1.55132675171,0.842352092266,2.9463760833,0
3,100,2.49163532257,0.92382401228,2,0
3,101,0.948166251183,1.33587503433,2,0
3,102,1.13829684258,0.969676554203,2.53276711338,0
3,103,1.68893826008,1.26187860966,3,1
3,104,0.52769190073,1.33307027817,3,1
3,105,0.984095990658,1.21280252934,2.56551506837,0
3,106,1.92367815971,1.26015496254,2.41432141948,0
3,107,1.75344896317,1.14546239376,2.90301624702,0
3,108,0.843988478184,1.32539689541,3,1
3,109,1.76257026196,1.10152876377,3,1
3,110,3.56495141983,1.06888759136,2.91403021234,0
3,111,1.56983268261,1.15877199173,2.33290827109,0
3,112,0.411220699549,0.750465214252,3,1
3,113,2.3179295063,1.33103191853,2.09710079159,0
3,114,1.28466641903,1.39200508595,2.51132117187,0
3,115,0.449025213718,0.702189385891,3,1
3,116,0.497908741236,1.33213317394,3,1
3,117,1.17295789719,0.615496516228,2.91286758325,0
3,118,0.440308123827,0.650120198727,3,1
3,119,0.549399673939,1.21069836617,2.0807021234,0
3,120,1.29866981506,0.675513386726,2.5140161774,0
3,121,1.7841707468,0.705983936787,2.9132665273,0
3,122,1.95722055435,1.22122037411,2,0
3,123,3.06387782097,0.775491118431,2.9077383545,0
3,124,0.573800504208,1.12462437153,2.33723190029,0
3,125,3.67729139328,0.634030222893,2,0
3,126,3.65437817574,1.13118588924,2.47621255594,0
3,127,1.95000112057,0.795323193073,3,1
3,128,1.31972241402,0.68789100647,0.653347576245,0
3,129,3.09937667847,1.38801503181,2,0
3,130,0.430773764849,0.766836285591,2.85007639623,0
3,131,3.30198526382,0.7611374259,2.89911395127,0
3,132,0.601580440998,1.35941028595,2.66066733849,0
3,133,0.543417513371,0.875271201134,2.98942023403,0
3,134,0.738654792309,0.90287733078,1.93275812908,0
3,135,0.651538670063,0.622336030006,2.41522391037,0
3,136,2.42989754677,0.778697907925,2.91936720298,0
3,137,0.500090837479,1.0783315897,3,1
3,138,0.468417555094,0.711347520351,2,0
3,139,0.798764109612,0.917224049568,2.90185433416,0
3,140,1.3231139183,1.1491765976,2.24816234952,0
3,141,0.595976531506,1.35197758675,3,1
3,142,0.471545875072,1.091755867,3,1
3,143,2.09351587296,0.880967974663,2.22170093446,0
3,144,2.93362879753,1.11816430092,3,1
3,145,0.909550845623,1.16846609116,2.63878511392,0
3,146,3.98956751823,0.877343416214,2.15594449851,0
3,147,1.28387749195,1.36956179142,2.60108939578,0
3,148,3.82776331902,1.1323890686,1.5,0
3,149,2.00402331352,0.796292543411,2.05338009524,0
3,150,3.69142127037,0.772292613983,2.5,0
3,151,1.12290287018,1.34664952755,1.78679140156,0
3,152,1.3451603651,0.997623801231,2,0
3,153,2.96139216423,1.15800738335,1.47579919595,0
3,154,0.77253061533,1.04733407497,2.90000210609,0
3,155,1.14011371136,0.884303212166,2.44091296929,0
3,156,0.50347840786,1.06291139126,2.13547473391,0
3,157,3.78241658211,0.655018031597,2.91369474039,0
3,158,0.968065679073,1.0623049736,2.58316261838,0
3,159,0.933036029339,1.23462641239,3,1
3,160,0.457273006439,0.954587101936,1.09897653997,0
3,161,2.09186220169,0.778019785881,2.43325962856,0
3,162,0.690139472485,1.36921799183,2.25280926408,0
3,163,1.14724802971,1.19058024883,2.91768526713,0
3,164,1.05549681187,0.855220139027,2.90888427415,0
3,165,1.55249583721,1.14095032215,2.3335861052,0
3,166,2.35576558113,1.15018117428,1.927433546,0
3,167,1.10302495956,1.28740620613,3,1
3,168,0.710783004761,1.33170413971,1.98399054266,0
3,169,0.403577178717,1.27403187752,2.99578316839,0
3,170,3.20753908157,0.622410595417,2.5,0
3,171,0.571826457977,1.22796559334,1.5,0
3,172,3.26320266724,1.33784234524,2.24966506652,0
3,173,2.20059370995,0.631421089172,2.90376203707,0
3,174,1.45114934444,0.966354429722,2.36300788416,0
3,175,2.9192237854,0.896106660366,2.60753261884,0
3,176,3.96048974991,0.819315195084,2.90572456354,0
3,177,1.48315477371,0.949159324169,2.47433091626,0
3,178,1.28204643726,1.09809064865,3,1
3,179,0.887898504734,1.02958130836,3,1
3,180,3.04270768166,0.855479419231,2,0
3,181,0.743990719318,1.2061265707,2.90612888656,0
3,182,0.426160544157,1.39925706387,1.94301105814,0
3,183,0.458885073662,0.675321638584,2.57388860745,0
3,184,0.827364087105,0.674421489239,2.90864548275,0
3,185,1.25567007065,1.2642595768,2.54069636375,0
3,186,0.939316570759,0.659493923187,3,1
3,187,1.27401256561,0.726473927498,2.90554200571,0
3,188,2.02870845795,0.70106357336,2.16772330211,0
3,189,0.924386680126,0.838956534863,1.64662646053,0
3,190,0.566019594669,1.2103253603,1.50561053488,0
3,191,0.898033440113,1.02664649487,3,1
3,192,2.44264101982,0.894430935383,1.41022597975,0
3,193,2.28863811493,0.601216733456,2.89758402489,0
3,194,0.85616594553,1.23750889301,2.44578677009,0
3,195,0.457763463259,0.802482545376,3,1
3,196,0.901386857033,0.806409955025,2.90108722349,0
3,197,0.545380949974,0.777764081955,2.92087145664,0
3,198,0.814717054367,0.882646858692,3,1
3,199,0.785512804985,1.11984038353,2.23156978849,0
3,200,0.707108557224,0.95204615593,3,1
3,201,0.463619202375,0.702458381653,3,1
3,202,2.25740814209,1.26913321018,2.77038536685,0
3,203,0.675707936287,1.16189336777,2.91292649702,0
3,204,0.986648201942,0.772805988789,2,0
3,205,2.78562617302,1.17034339905,3,1
3,206,2.07163143158,0.699779033661,3,1
3,207,3.65394449234,0.936196982861,2.37900306628,0
3,208,0.949967384338,0.687903344631,3,1
3,209,1.45680618286,1.18638920784,3,1
3,210,2.73749470711,1.372377038,2.90119852128,0
3,211,1.77805054188,1.09267282486,3,1
3,212,1.14898431301,0.930074393749,1.49834131801,0
3,213,3.81134867668,1.11394643784,3,1
3,214,0.92657327652,0.822906970978,2.91596494118,0
3,215,2.72165441513,0.816889226437,2,0
3,216,0.461168348789,1.18536281586,2.61438794874,0
3,217,3.21491885185,1.23664951324,2.89964846231,0
3,218,1.20709681511,1.09971487522,3,1
3,219,2.74277472496,0.953779160976,3,1
3,220,0.876779854298,1.28946149349,2,0
3,221,0.570229947567,0.981834292412,2.41921476441,0
3,222,3.44176459312,1.20749080181,1.15508310872,0
3,223,2.38233804703,1.24085175991,2.90377215963,0
3,224,0.417025357485,1.06174099445,2,0
3,225,2.23845219612,1.2970969677,2.91096899411,0
3,226,2.13942193985,1.19197523594,2.46651320779,0
3,227,2.35340595245,0.832392513752,2,0
3,228,3.83025813103,0.771744668484,1.15934106948,0
3,229,1.77391469479,1.39140570164,2.54325838522,0
3,230,0.940796852112,1.0977960825,2.24637655661,0
3,231,1.50079119205,1.17158937454,3,1
3,232,0.439571708441,1.12955522537,2.63123951813,0
3,233,1.77623307705,1.27457928658,3,1
3,234,1.32425630093,1.32978248596,2.9124233716,0
3,235,2.71169471741,1.26894152164,3,1
3,236,0.610699176788,1.15370547771,1.62905881101,0
3,237,1.26420938969,0.891723036766,3,1
3,238,1.34496295452,1.1797246933,3,1
3,239,0.80309677124,1.19437265396,2.8972884889,0
3,240,2.05698657036,0.709509253502,2.48836028209,0
3,241,1.29227650166,1.39560627937,2.91464532401,0
3,242,3.59748101234,0.80868434906,3,1
3,243,0.626733243465,1.02409696579,2,0
3,244,0.795196294785,0.932265222073,3,1
3,245,0.791757822037,0.982786715031,2.98623979252,0
3,246,2.45700597763,1.05593061447,2.29948371524,0
3,247,2.61076951027,0.607197582722,3,1
3,248,0.814268410206,0.626529276371,2.44360839208,0
3,249,2.39382886887,0.814230978489,2.89811297547,0
3,250,0.754896640778,0.916769266129,2.91070420815,0
3,251,3.96596598625,0.805706560612,1.80609034457,0
3,252,0.479147464037,0.680000841618,3,1
3,253,1.88838481903,0.814236462116,2.67859842786,0
3,254,0.632934749126,1.275177598,2.86394662671,0
3,255,2.43343806267,0.754231035709,2.67812509763,0
4,0,0.497309416533,1.13548433781,3,1
4,1,1.62222611904,1.20774650574,2.43212061299,0
4,2,3.38758230209,1.12734246254,2.91543489035,0
4,3,2.64233827591,0.736214756966,2.89992978664,0
4,4,1.13374316692,0.879480540752,3,1
4,5,1.96074998379,1.22208607197,3,1
4,6,1.04278814793,1.25688540936,2.91510492034,0
4,7,0.778639853001,0.724252045155,2.2643327883,0
4,8,0.932879686356,1.09195744991,2.91409001789,0
4,9,1.59999644756,1.08799874783,3,1
4,10,3.54531598091,1.33685803413,2.91571612385,0
4,11,0.923690259457,1.14719760418,3,1
4,12,1.64481449127,1.34704852104,2.51104590693,0
4,13,1.56998586655,1.00605010986,3,1
4,14,0.615008711815,0.654824912548,3,1
4,15,1.5508838892,1.2841937542,2.52257559178,0
4,16,1.01820886135,1.27758717537,3,1
4,17,0.546045720577,0.932334542274,2.91552719217,0
4,18,0.472559958696,0.666996717453,3,1
4,19,0.930323660374,1.36015856266,2.15354514958,0
4,20,2.49495029449,1.34392976761,3,1
4,21,1.16727495193,0.788279771805,2.15175070634,0
4,22,2.11691331863,0.716710805893,2,0
4,23,1.28460013866,0.84166520834,3,1
4,24,0.581586420536,0.849646747112,2,0
4,25,0.720464646816,1.37279105186,3,1
4,26,0.948293507099,0.689302265644,2.5,0
4,27,2.07605910301,1.13026762009,2.5,0
4,28,2.7704885006,1.38887548447,2.91349060258,0
4,29,1.73332357407,1.14570295811,3,1
4,30,1.21550762653,0.747445106506,3,1
4,31,1.3195297718,1.01145637035,2.50908986704,0
4,32,0.591110110283,0.816554665565,3,1
4,33,2.44998455048,1.32535529137,2,0
4,34,0.638644039631,0.811111152172,2.55378256373,0
4,35,3.84013795853,1.16786730289,2,0
4,36,0.866680443287,0.689293682575,2.9136019693,0
4,37,1.17624247074,0.923163712025,1.71947766037,0
4,38,0.814134180546,1.21436858177,3,1
4,39,1.47759926319,1.35512959957,3,1
4,40,0.848894894123,1.19144165516,3,1
4,41,3.84402322769,0.759188473225,2.89507189456,0
4,42,3.69959592819,1.05740022659,2.89975269082,0
4,43,0.673268198967,0.829722821712,3,1
4,44,0.526937603951,0.849696159363,2.9132328917,0
4,45,0.44847998023,1.10496759415,2.5086947061,0
4,46,1.04756605625,0.751982927322,2.56990056169,0
4,47,3.31647634506,0.852711379528,2.85239960869,0
4,48,0.600714683533,1.12445008755,2,0
4,49,1.23713767529,1.08378624916,2.44477904471,0
4,50,3.25279259682,0.848094463348,3,1
4,51,0.858513832092,0.643370568752,2.22094693508,0
4,52,2.08945298195,0.914884388447,1.5,0
4,53,2.15238785744,0.988577306271,1.99083740151,0
4,54,1.78618550301,0.965762615204,2.45868899082,0
4,55,2.33054924011,0.96068829298,3,1
4,56,0.932077169418,0.82470279932,3,1
4,57,0.79196023941,1.38577437401,2.26390134353,0
4,58,3.0344388485,0.9690066576,2.5,0
4,59,0.936543166637,0.744248509407,3,1
4,60,1.63624727726,1.03643095493,3,1
4,61,0.868700444698,1.33759427071,2.56124877018,0
4,62,3.36183357239,1.16557681561,2.32671317835,0
4,63,1.1719391346,0.887672781944,2.35756411331,0
4,64,0.61799633503,1.21402227879,2.67062052601,0
4,65,2.29727816582,0.950684607029,2.43057187741,0
4,66,0.7994556427,1.07688641548,2.99964170674,0
4,67,0.853362560272,0.865504384041,3,1
4,68,1.14870405197,1.25476741791,2.91705863345,0
4,69,0.420660257339,1.38933897018,1.54548016542,0
4,70,1.60838270187,0.841886222363,2.49619785258,0
4,71,1.33784806728,1.37885582447,3,1
4,72,3.41237545013,1.15955269337,3,1
4,73,1.90205919743,1.3554623127,3,1
4,74,0.863970279694,1.28587651253,2.91478351367,0
4,75,0.483965307474,1.12732553482,3,1
4,76,2.83218002319,0.70817732811,3,1
4,77,0.433931440115,1.16792500019,3,1
4,78,3.5527176857,1.28441250324,3,1
4,79,3.36410951614,0.864425241947,3,1
4,80,2.56858706474,1.1996537447,3,1
4,81,2.97972869873,0.667235434055,3,1
4,82,3.9101099968,1.27137243748,2,0
4,83,0.581228196621,1.38450396061,2.89906059669,0
4,84,3.06984448433,1.16458702087,2.39406120172,0
4,85,1.96315288544,1.00126636028,2.54503374475,0
4,86,0.83359503746,1.12850868702,2.61702171159,0
4,87,2.18139362335,0.683578491211,2.91235583283,0
4,88,0.405203074217,0.681746423244,2.14569480744,0
4,89,1.61688315868,0.657240211964,3,1
4,90,0.702356934547,1.04414236546,2.47783378267,0
4,91,0.477412492037,1.1503149271,2.56660829736,0
4,92,0.839203476906,0.721466124058,1.98153236977,0
4,93,1.99574673176,1.21073782444,3,1
4,94,0.873637795448,0.655062973499,3,1
4,95,3.98800039291,1.02342832088,3,1
4,96,0.520537137985,0.86128872633,2.13311861628,0
4,97,0.460374593735,1.31015837193,2.54477810196,0
4,98,0.849487185478,0.839576303959,3,1
4,99,0.712239742279,0.990368843079,2.90947334872,0
4,100,0.658030152321,1.15842986107,3,1
4,101,1.08397054672,0.883764207363,3,1
4,102,2.89247441292,0.978097558022,2.49195900829,0
4,103,1.2575237751,1.24255597591,3,1
4,104,2.65125918388,0.721499562263,3,1
4,105,0.844835102558,1.29141402245,2.0769676836,0
4,106,1.02397298813,0.737853348255,3,1
4,107,0.978381216526,0.723897993565,1.47075871998,0
4,108,1.60603666306,0.616741418839,2.18778557666,0
4,109,0.548326671124,1.08637046814,3,1
4,110,1.56387114525,1.16961693764,3,1
4,111,1.75871229172,1.13965010643,2.4869118273,0
4,112,1.23766338825,0.860925614834,2.70094215491,0
4,113,2.30799651146,1.24493598938,2.99378293988,0
4,114,0.42143163085,0.685247242451,3,1
4,115,0.874630570412,1.14809298515,3,1
4,116,2.04033851624,0.809576034546,3,1
4,117,0.821219980717,0.673982203007,3,1
4,118,1.88817000389,1.28082549572,3,1
4,119,0.80882024765,1.26062488556,2.9134014989,0
4,120,0.787670969963,0.857960999012,2.13141990916,0
4,121,1.88455593586,0.892888605595,2.96654857705,0
4,122,3.03333735466,0.654115915298,3,1
4,123,0.467767566442,1.24700939655,3,1
4,124,3.87862968445,1.2683839798,3,1
4,125,0.701618432999,0.803023397923,2.6238320811,0
4,126,2.50506711006,1.24218451977,3,1
4,127,1.81880676746,1.22593772411,3,1
4,128,2.47826981544,0.771203100681,3,1
4,129,1.71605789661,1.12651622295,3,1
4,130,1.87223994732,1.25184738636,3,1
4,131,0.831916630268,1.0602864027,2.87007982243,0
4,132,2.69648194313,0.811126351357,2.33862843678,0
4,133,1.06171870232,1.24955570698,3,1
4,134,0.830753266811,0.847115218639,2.91210819121,0
4,135,0.513026475906,0.61509090662,2.64997296489,0
4,136,0.485961794853,1.22815740108,3,1
4,137,1.18094992638,1.3620018959,2.5,0
4,138,1.76636695862,0.816795170307,3,1
4,139,0.609802782536,0.747751295567,2.91339359244,0
4,140,1.69954442978,0.70044273138,2.91266155573,0
4,141,1.77839171886,0.833748102188,3,1
4,142,1.39188957214,1.16405546665,2.59836799297,0
4,143,3.25505709648,1.30447161198,3,1
4,144,3.64791727066,0.699451446533,2,0
4,145,1.7208969593,1.11052298546,3,1
4,146,1.19955706596,0.832378864288,2.9698383847,0
4,147,0.921485602856,0.783649623394,2.22002102288,0
4,148,0.518644988537,0.764653205872,3,1
4,149,0.486669629812,1.26757311821,3,1
4,150,3.03088521957,1.36939644814,2.5,0
4,151,2.37151241302,0.785911500454,2,0
4,152,3.88122344017,1.22840428352,2.89893644574,0
4,153,2.53524327278,1.33139061928,3,1
4,154,0.595212101936,0.659003734589,2.89553934318,0
4,155,1.54203379154,1.15246975422,3,1
4,156,2.02025103569,0.790549814701,2.49625992456,0
4,157,0.726600825787,1.13006055355,2.66059143538,0
4,158,1.33271431923,0.941640377045,3,1
4,159,2.60666751862,1.00597333908,2.91219536578,0
4,160,2.21607732773,1.26011478901,2.48186730913,0
4,161,0.428625196218,1.29713845253,3,1
4,162,0.615178108215,0.905974984169,3,1
4,163,1.47011435032,1.19228553772,3,1
4,164,0.879970669746,1.3027741909,3,1
4,165,3.9553835392,0.622193455696,2.90642651685,0
4,166,3.39266753197,0.662814319134,3,1
4,167,2.84457135201,0.688172280788,3,1
4,168,2.11602473259,0.847073197365,3,1
4,169,0.673682451248,1.14853692055,2.9132102083,0
4,170,0.511557519436,0.898613989353,2.90608004424,0
4,171,3.25938796997,0.6999797225,3,1
4,172,1.14627754688,1.11427998543,3,1
4,173,1.06059229374,1.21971082687,2.54804232057,0
4,174,0.819951236248,1.24740874767,3,1
4,175,3.9895260334,1.01017403603,2.5,0
4,176,2.4678030014,0.914044499397,2.5,0
4,177,2.89148712158,0.90771394968,3,1
4,178,0.638734936714,1.05054926872,3,1
4,179,0.686630785465,0.732303440571,3,1
4,180,0.823692858219,1.09842097759,3,1
4,181,3.16852664948,1.2154957056,3,1
4,182,2.84354281425,1.0334841013,3,1
4,183,3.54664516449,0.787818849087,3,1
4,184,0.698878288269,1.17623412609,3,1
4,185,0.729996979237,1.35623979568,2,0
4,186,3.95990848541,1.32688939571,2.89008341279,0
4,187,1.54477763176,1.1482950449,2.5660653155,0
4,188,2.78568172455,0.669439971447,3,1
4,189,0.666523575783,1.13720190525,3,1
4,190,2.43090295792,1.07906925678,3,1
4,191,2.24342131615,1.20143556595,3,1
4,192,2.42461419106,0.998141884804,3,1
4,193,0.483055204153,0.955895662308,3,1
4,194,3.85191893578,1.25483083725,3,1
4,195,0.420562326908,1.14482533932,2.31371025725,0
4,196,3.94986367226,1.17377543449,3,1
4,197,1.12773656845,1.33493065834,2.32998045348,0
4,198,3.0583589077,0.682006716728,2.28386932652,0
4,199,0.548869431019,0.622270703316,3,1
4,200,2.76082181931,1.39244401455,3,1
4,201,3.43569302559,1.12175500393,3,1
4,202,1.04774641991,1.10991692543,3,1
4,203,0.902874827385,1.14882147312,2.64081946641,0
4,204,0.434840649366,1.19099330902,3,1
4,205,0.481696486473,1.21402359009,2.89534559745,0
4,206,1.00683248043,0.735286295414,3,1
4,207,1.24332368374,0.71260625124,3,1
4,208,0.667704761028,0.842985272408,2.90298057078,0
4,209,0.500561118126,1.20726442337,3,1
4,210,1.52064168453,1.36336803436,3,1
4,211,2.41966605186,1.33780968189,2.5,0
4,212,0.739151060581,0.800400614738,2.48711570675,0
4,213,1.37275612354,1.0087736845,2.90186261006,0
4,214,0.54971665144,1.32311415672,3,1
4,215,2.23057866096,0.732067644596,2.09396169947,0
4,216,0.901236712933,1.39963269234,3,1
4,217,0.754329442978,0.945831239223,3,1
4,218,0.421758830547,0.645426392555,3,1
4,219,2.62541270256,1.11091041565,3,1
4,220,0.638546705246,0.738597154617,3,1
4,221,3.85222148895,1.19737887383,1.91182767008,0
4,222,1.84276008606,1.39628565311,2.62974119605,0
4,223,1.03317952156,0.702185809612,2.44274185312,0
4,224,3.76753497124,0.616265356541,2.90722837272,0
4,225,0.651740849018,0.634401082993,3,1
4,226,2.18132066727,1.25183784962,2.6734955557,0
4,227,2.3927090168,1.38620698452,3,1
4,228,0.618954241276,1.3766361475,3,1
4,229,1.36564779282,0.723117887974,2.4947582972,0
4,230,2.44033479691,1.22294402122,2.4796820186,0
4,231,1.05179560184,1.05907642841,2.44116747926,0
4,232,1.57378411293,1.10365080833,2.23968458199,0
4,233,0.899560153484,1.3298201561,2.58785987503,0
4,234,3.48790979385,1.21856880188,3,1
4,235,0.8024122715,1.09981632233,2.34355480234,0
4,236,0.732722520828,1.27327406406,1.81555700161,0
4,237,1.58153963089,0.737520158291,2.11221959351,0
4,238,0.407207757235,0.725750088692,2.65956779188,0
4,239,2.06100916862,1.33170521259,1.92058041658,0
4,240,1.86984324455,0.612585961819,0.929635101588,0
4,241,0.626388192177,1.21377182007,2.62967518368,0
4,242,3.95247960091,0.646781861782,3,1
4,243,2.08022999763,1.21172368526,2.48317915004,0
4,244,1.99138450623,0.656123101711,3,1
4,245,0.930397152901,0.977477014065,3,1
4,246,0.95631146431,1.10266458988,1.81828952595,0
4,247,2.99636459351,1.03445315361,3,1
4,248,0.589307546616,0.91101115942,1.49334444347,0
4,249,2.03081727028,0.720586359501,1.98972770305,0
4,250,2.60689878464,1.22138881683,2.5,0
4,251,0.464607357979,1.33648657799,2.43553958034,0
4,252,2.32143259048,0.971458554268,3,1
4,253,2.58831119537,0.821614027023,2.11096148352,0
4,254,3.61379480362,1.28896582127,3,1
4,255,0.689724802971,0.949972271919,2.89686892542,0
5,0,0.480248391628,0.685139298439,3,1
5,1,1.06761991978,0.763244688511,1.99496869755,0
5,2,0.589945018291,1.34229743481,2.24947624981,0
5,3,0.647237539291,0.880596041679,3,1
5,4,1.15260589123,1.22219336033,3,1
5,5,3.1468000412,0.950971841812,3,1
5,6,0.42024692893,0.643768250942,3,1
5,7,3.87314295769,0.712925195694,3,1
5,8,0.800871908665,0.920028865337,3,1
5,9,0.413308084011,0.602432847023,2.91422366442,0
5,10,0.556854665279,1.10760486126,3,1
5,11,1.90045785904,0.956219613552,1.48020874645,0
5,12,2.84475135803,0.715732634068,3,1
5,13,3.02740192413,1.27812230587,2.5,0
5,14,0.554103672504,0.754590988159,2.90051832094,0
5,15,0.559509813786,1.12143516541,2.57989437065,0
5,16,1.33700788021,0.71729195118,2,0
5,17,2.29313015938,1.10421204567,3,1
5,18,2.29821300507,1.13301169872,2.5,0
5,19,1.71019339561,0.986582756042,3,1
5,20,1.04131162167,1.28477120399,3,1
5,21,0.532419383526,1.29014158249,3,1
5,22,3.62644720078,0.952918231487,3,1
5,23,2.83933091164,1.12018179893,2.36148910585,0
5,24,0.711611092091,0.605939745903,2.9094199712,0
5,25,3.73769593239,0.723057627678,3,1
5,26,1.03954339027,1.13730108738,3,1
5,27,0.903595328331,0.739410579205,3,1
5,28,1.09703493118,1.31197428703,3,1
5,29,3.25720763206,0.952417850494,3,1
5,30,1.37106394768,1.12431848049,3,1
5,31,0.789254069328,0.769853234291,2.91250434992,0
5,32,2.89243078232,0.660340070724,2.16891813675,0
5,33,1.3837672472,1.34321796894,3,1
5,34,2.21140360832,1.02615189552,3,1
5,35,1.47676873207,1.12606430054,2.47003845848,0
5,36,0.865764915943,1.34298551083,3,1
5,37,2.72287106514,1.17885518074,3,1
5,38,0.542570650578,0.995021104813,3,1
5,39,0.820009350777,1.29068684578,3,1
5,40,0.913682997227,1.37302470207,3,1
5,41,0.892541408539,1.12346684933,2.6948045999,0
5,42,0.696414351463,1.0709553957,3,1
5,43,2.81206250191,0.933533370495,3,1
5,44,0.769807577133,0.864905953407,3,1
5,45,2.06856584549,1.3090275526,3,1
5,46,0.549197077751,0.746487259865,3,1
5,47,2.29591965675,0.625259578228,3,1
5,48,2.98191308975,0.726877093315,3,1
5,49,2.12588906288,1.33650934696,3,1
5,50,1.37581920624,0.994580984116,2.46468957862,0
5,51,0.750200092793,1.14989626408,3,1
5,52,0.488280117512,1.11565232277,3,1
5,53,0.726398468018,1.35164988041,3,1
5,54,1.65162444115,1.26724874973,3,1
5,55,0.41045358777,1.00589442253,2.60346950202,0
5,56,0.779360413551,0.999737739563,3,1
5,57,1.77535963058,0.648300766945,2.36816683504,0
5,58,2.25684666634,1.11525392532,2.90495407308,0
5,59,0.546642959118,0.654644072056,1.87856105966,0
5,60,0.999337673187,1.161272645,3,1
5,61,0.560958325863,1.06025576591,3,1
5,62,1.40454900265,0.859772086143,2.91130207121,0
5,63,1.89650630951,0.931077957153,3,1
5,64,0.76218599081,1.20131218433,3,1
5,65,1.89905202389,0.864307045937,2,0
5,66,0.444367021322,1.13365137577,3,1
5,67,2.86934638023,1.34221708775,3,1
5,68,3.75028824806,1.1692918539,2.46380930099,0
5,69,1.93347907066,1.08361721039,1.35100439171,0
5,70,0.494122177362,0.937124371529,3,1
5,71,0.561306774616,0.626199066639,3,1
5,72,3.51419448853,1.14474868774,2.92181131477,0
5,73,1.15500962734,0.65636742115,3,1
5,74,1.83680558205,1.06684672832,3,1
5,75,3.69625091553,0.659060299397,3,1
5,76,3.27273249626,1.37739408016,2.40475017322,0
5,77,0.930065274239,0.685874342918,2.52400194768,0
5,78,3.66093540192,1.2639323473,3,1
5,79,3.24836182594,1.0235710144,3,1
5,80,2.42889261246,0.865229666233,3,1
5,81,0.413888186216,1.15691781044,3,1
5,82,0.895592927933,0.675543308258,3,1
5,83,3.66511297226,0.913357436657,3,1
5,84,1.28705835342,1.12701904774,3,1
5,85,0.868180453777,1.3875837326,2.21749801373,0
5,86,1.87400233746,1.08010745049,2.90823324578,0
5,87,1.20482373238,0.858629405499,3,1
5,88,1.17545688152,0.952084481716,3,1
5,89,3.8849542141,0.652874827385,3,1
5,90,0.46965816617,0.730283856392,2.78095481448,0
5,91,0.839014351368,1.39365911484,3,1
5,92,0.568941235542,0.78049069643,3,1
5,93,0.682611644268,1.25095117092,3,1
5,94,0.620426058769,1.18317615986,2.66260711758,0
5,95,1.17797577381,1.20686352253,3,1
5,96,0.64105963707,1.29615104198,3,1
5,97,2.07847070694,0.670529484749,3,1
5,98,0.9147605896,1.06859827042,2.62348786154,0
5,99,0.634186983109,1.10762012005,3,1
5,100,0.74202901125,0.617764592171,2.36942252031,0
5,101,1.90758132935,0.821945011616,3,1
5,102,0.515979468822,0.639797627926,3,1
5,103,2.27473974228,0.962478280067,2,0
5,104,1.12884056568,1.08050227165,3,1
5,105,1.10555791855,0.78020876646,1.26204374177,0
5,106,2.48168373108,1.14710307121,3,1
5,107,1.65166926384,1.01796483994,3,1
5,108,0.556177318096,1.34101891518,2.33319655597,0
5,109,2.39500117302,0.965099751949,3,1
5,110,2.91013026237,0.857346594334,3,1
5,111,0.520630180836,1.02664613724,3,1
5,112,0.618825793266,1.12323498726,3,1
5,113,1.56708848476,0.891083300114,3,1
5,114,2.0847055912,0.816283524036,3,1
5,115,3.24312067032,1.34869718552,3,1
5,116,1.8797018528,0.906120061874,3,1
5,117,0.465992420912,1.19504630566,3,1
5,118,2.37697172165,1.11165416241,3,1
5,119,0.636366009712,1.30918002129,2.58204671913,0
5,120,3.45302724838,1.12933325768,3,1
5,121,1.11851727962,0.727983236313,3,1
5,122,0.660555958748,0.895130038261,3,1
5,123,2.99169421196,1.28900909424,3,1
5,124,2.85100841522,1.33680093288,3,1
5,125,1.24236059189,1.20811581612,3,1
5,126,2.14502620697,0.99190300703,3,1
5,127,0.862188220024,1.04186487198,3,1
5,128,0.786287307739,0.678215503693,3,1
5,129,0.880848586559,0.648912489414,3,1
5,130,1.05422401428,0.749664127827,3,1
5,131,2.75549769402,1.15937197208,2.33402745083,0
5,132,1.5068436861,0.693687975407,3,1
5,133,0.744553804398,1.38506901264,2.54879308972,0
5,134,0.505108237267,1.29405772686,3,1
5,135,3.06177091599,1.0361726284,2.91362140728,0
5,136,0.638541102409,0.894030153751,3,1
5,137,1.31611514091,0.646696388721,3,1
5,138,3.58175158501,0.863690018654,2.49997038906,0
5,139,1.31088232994,0.786705493927,3,1
5,140,0.632872521877,0.895591795444,3,1
5,141,0.786296367645,1.12649261951,2.91444730667,0
5,142,0.539391040802,1.3492641449,3,1
5,143,0.799919486046,1.38956582546,3,1
5,144,2.25731945038,0.853908598423,3,1
5,145,0.426101922989,0.720763623714,3,1
5,146,0.750193059444,0.888371825218,3,1
5,147,0.647849142551,1.05908536911,3,1
5,148,3.84752035141,0.693243503571,3,1
5,149,1.37574732304,0.999349951744,2.89573870025,0
5,150,0.679315090179,1.19000589848,3,1
5,151,2.08383250237,1.31298232079,3,1
5,152,1.23134231567,1.06792056561,3,1
5,153,1.39326786995,0.797763347626,3,1
5,154,2.01349449158,0.792891025543,2.08141290152,0
5,155,0.442697107792,1.06354248524,3,1
5,156,1.28272223473,0.965932548046,2.41258604076,0
5,157,1.25770020485,1.17259061337,3,1
5,158,2.10119819641,1.32686066628,3,1
5,159,0.403204143047,0.806330800056,2.42048465533,0
5,160,2.18721246719,0.753155887127,3,1
5,161,3.58206057549,1.16431200504,3,1
5,162,1.46273124218,1.27021431923,3,1
5,163,1.61502337456,0.663133084774,3,1
5,164,0.401734799147,0.753583192825,3,1
5,165,0.501511335373,0.979538321495,3,1
5,166,0.648340821266,1.2606048584,3,1
5,167,2.00601553917,1.24574959278,3,1
5,168,0.610533297062,1.11233532429,2.55184040779,0
5,169,0.495401024818,0.637526750565,3,1
5,170,0.678929209709,1.27148580551,3,1
5,171,0.838143467903,0.983957827091,3,1
5,172,0.644202291965,1.37708210945,3,1
5,173,0.493825018406,1.18177032471,3,1
5,174,0.6355727911,0.914850115776,3,1
5,175,2.3158094883,1.01440083981,3,1
5,176,0.418727815151,1.11903250217,3,1
5,177,2.46836400032,0.829850792885,3,1
5,178,1.43832087517,0.799404203892,3,1
5,179,3.78504180908,0.76321709156,2.03353828101,0
5,180,0.661825358868,0.761135578156,2.6892066123,0
5,181,1.70423698425,0.691280424595,3,1
5,182,0.988307893276,0.635598599911,3,1
5,183,1.23941791058,1.19706988335,3,1
5,184,0.694721341133,1.22227275372,2.91477489424,0
5,185,3.22693014145,1.02301096916,3,1
5,186,0.497856020927,1.01397228241,3,1
5,187,1.19993042946,0.849589586258,3,1
5,188,1.77113699913,0.728435099125,3,1
5,189,1.2325168848,1.18949520588,3,1
5,190,0.436579614878,1.30274963379,3,1
5,191,1.76579225063,1.23728561401,3,1
5,192,2.18610906601,0.618706822395,3,1
5,193,1.15147864819,0.641202092171,3,1
5,194,2.02421045303,0.919234275818,1.76931079234,0
5,195,3.83773183823,1.23991715908,2.23275018687,0
5,196,2.37116575241,1.17221868038,2.5,0
5,197,0.421382397413,0.839944422245,2.56114631831,0
5,198,0.794529736042,1.29372537136,2.601494413,0
5,199,2.75533294678,0.735854208469,3,1
5,200,1.74613213539,0.929774701595,2.70626051503,0
5,201,0.582596302032,0.618674457073,3,1
5,202,0.916400372982,0.786622703075,2.52558690806,0
5,203,3.8006772995,1.13388502598,3,1
5,204,0.892752051353,0.897564828396,3,1
5,205,0.622526466846,1.06095731258,3,1
5,206,1.62058877945,0.945934295654,3,1
5,207,2.48194313049,0.621023356915,3,1
5,208,0.859595119953,0.668039858341,3,1
5,209,0.917741417885,1.29939770699,2.89865772504,0
5,210,0.596589744091,1.28690874577,3,1
5,211,0.453412026167,0.820679068565,3,1
5,212,0.64571338892,0.710025250912,3,1
5,213,0.561696112156,1.12518882751,3,1
5,214,0.44488632679,1.10452389717,2.22620526863,0
5,215,1.39056670666,0.704467594624,3,1
5,216,0.410954892635,0.87355864048,3,1
5,217,0.588828861713,1.01986169815,3,1
5,218,1.38791978359,0.7586145401,3,1
5,219,2.19021916389,0.64911878109,2.95300542593,0
5,220,0.494193762541,1.05813264847,2.5853678146,0
5,221,3.93376851082,0.813297569752,3,1
5,222,1.6482937336,0.676891684532,3,1
5,223,0.859577000141,0.673472285271,3,1
5,224,0.463226884604,1.0296485424,2.63147510418,0
5,225,0.900507688522,1.29673206806,3,1
5,226,1.7182431221,0.746746897697,3,1
5,227,1.05827236176,0.775420188904,3,1
5,228,0.472605317831,1.01796281338,0.631540806473,0
5,229,0.44413074851,0.818785429001,3,1
5,230,3.3804526329,0.801747202873,2.15978275473,0
5,231,0.742431223392,1.31902873516,3,1
5,232,1.68056476116,0.839437067509,3,1
5,233,2.9949491024,0.875243961811,3,1
5,234,0.911186099052,0.714711904526,3,1
5,235,1.48182165623,1.11555087566,2.54926523157,0
5,236,1.60589599609,0.632405698299,3,1
5,237,0.900662839413,0.788418591022,3,1
5,238,1.13773930073,0.974898517132,3,1
5,239,1.98880267143,1.06254971027,3,1
5,240,3.90967154503,0.607989430428,2.90841728743,0
5,241,0.434974223375,1.00657057762,2.59417720339,0
5,242,1.17739403248,0.716388404369,3,1
5,243,1.3626203537,1.39855194092,3,1
5,244,1.46668624878,0.844133973122,3,1
5,245,0.845922291279,0.988060355186,2.59570539129,0
5,246,2.73714852333,1.21248054504,3,1
5,247,1.51240050793,1.34007382393,3,1
5,248,0.915478169918,1.31098532677,3,1
5,249,0.738232970238,0.89990234375,2.15743813197,0
5,250,1.20780181885,0.603926539421,3,1
5,251,3.95591211319,1.20142376423,2.49390158517,0
5,252,0.83039689064,0.817471504211,3,1
5,253,3.57300853729,1.08066368103,3,1
5,254,1.46632945538,0.681613028049,2.02257968705,0
5,255,1.92922389507,0.781705737114,2.5,0
6,0,0.945998847485,1.05583310127,3,1
6,1,0.788146495819,0.976862609386,3,1
6,2,0.523836314678,0.757934570312,3,1
6,3,1.41519236565,1.18172800541,3,1
6,4,3.52313351631,1.22743141651,3,1
6,5,3.08518838882,0.786309659481,3,1
6,6,3.22683548927,0.958175599575,3,1
6,7,0.915617465973,1.0981913805,3,1
6,8,0.62898671627,0.746475219727,2.91400795753,0
6,9,3.54634356499,0.89773273468,3,1
6,10,3.04276061058,1.12709188461,3,1
6,11,1.98776209354,0.976413607597,3,1
6,12,2.01759815216,0.84500515461,3,1
6,13,0.412886083126,0.727492511272,2.20739190122,0
6,14,2.68063950539,0.673952043056,3,1
6,15,0.489406257868,0.88086271286,2.91514161642,0
6,16,0.442315399647,1.08444786072,3,1
6,17,0.528270959854,0.622152388096,3,1
6,18,0.465125948191,0.794913649559,3,1
6,19,0.410293459892,0.629043996334,3,1
6,20,1.73171651363,0.655380487442,3,1
6,21,1.38056385517,1.36906051636,3,1
6,22,2.80903220177,0.869081437588,3,1
6,23,1.3474252224,0.653796136379,2.31559349816,0
6,24,2.34882473946,1.07736194134,2,0
6,25,2.60117030144,0.853987216949,3,1
6,26,1.26696956158,0.99102884531,3,1
6,27,1.52938699722,0.692878305912,3,1
6,28,2.26930141449,0.801977813244,2,0
6,29,0.478757917881,0.701316535473,2.01266968698,0
6,30,0.430034697056,0.833637773991,3,1
6,31,0.727200806141,1.29331552982,2.62160802745,0
6,32,1.43034660816,1.03044748306,3,1
6,33,1.62916767597,1.37788164616,2,0
6,34,0.802542448044,0.932749450207,3,1
6,35,2.19018554688,0.60793364048,3,1
6,36,0.620903849602,1.13006675243,2.91450531108,0
6,37,1.11686766148,1.05841803551,3,1
6,38,1.88162100315,1.19453179836,3,1
6,39,1.17225289345,0.66037863493,3,1
6,40,1.61858081818,1.23771870136,2.52434407578,0
6,41,0.567656755447,0.830302774906,3,1
6,42,3.85544776917,0.842416286469,3,1
6,43,0.910170316696,1.34606266022,3,1
6,44,0.891015231609,1.2292150259,3,1
6,45,2.08218240738,1.31437456608,2,0
6,46,0.686408281326,0.666643500328,3,1
6,47,1.13038253784,0.961688816547,3,1
6,48,2.69742178917,1.13421475887,3,1
6,49,0.684360146523,1.29175424576,3,1
6,50,1.92894983292,1.26976704597,3,1
6,51,0.587674558163,0.862420618534,2,0
6,52,2.1765165329,1.06719172001,3,1
6,53,0.434230029583,0.795835256577,3,1
6,54,0.906469285488,1.13169872761,2.18413138266,0
6,55,0.503484129906,1.00130808353,3,1
6,56,1.41076052189,1.20342946053,2,0
6,57,3.83658862114,0.762154459953,3,1
6,58,0.447669327259,1.17090749741,3,1
6,59,2.38005495071,0.78459662199,2.49905299202,0
6,60,1.14612567425,1.30263924599,3,1
6,61,1.55365967751,1.27860379219,1.89824216523,0
6,62,0.733488619328,1.28697562218,3,1
6,63,1.65320205688,0.892529726028,3,1
6,64,2.38909006119,1.30187046528,3,1
6,65,0.986254930496,0.689426898956,3,1
6,66,1.61785042286,0.753779530525,3,1
6,67,1.24268388748,0.633074223995,3,1
6,68,0.819535493851,1.28678977489,3,1
6,69,2.43587088585,1.25029826164,3,1
6,70,1.91564249992,1.07379257679,3,1
6,71,1.53647947311,0.882913291454,3,1
6,72,3.91290831566,1.1111137867,1.85325413521,0
6,73,1.08125591278,0.788355410099,3,1
6,74,1.57746529579,1.39111328125,3,1
6,75,3.13751745224,1.1350864172,3,1
6,76,2.49783754349,1.26375436783,3,1
6,77,0.417677938938,1.12580966949,3,1
6,78,0.835786521435,0.812704622746,3,1
6,79,0.482010126114,1.323315382,2.52318226957,0
6,80,0.642338514328,1.11944437027,3,1
6,81,2.35830712318,0.743613481522,3,1
6,82,2.55419802666,0.764497756958,3,1
6,83,2.73233366013,0.846557676792,3,1
6,84,3.51605415344,0.988644719124,3,1
6,85,1.03388154507,0.620764493942,3,1
6,86,1.58024942875,0.819579958916,3,1
6,87,0.918446660042,0.992952287197,2.78505681197,0
6,88,1.75937867165,1.39600098133,3,1
6,89,0.624756932259,1.1622440815,3,1
6,90,3.79325675964,0.870181083679,3,1
6,91,3.44560003281,0.969370245934,3,1
6,92,1.09169614315,0.796480000019,3,1
6,93,0.489418566227,1.15628814697,3,1
6,94,3.42467737198,1.17008459568,3,1
6,95,0.593138217926,1.33894228935,2,0
6,96,3.33106946945,0.673837721348,3,1
6,97,0.517001450062,1.16433119774,2.58540581844,0
6,98,0.718228757381,1.18285083771,3,1
6,99,3.70840764046,1.33801567554,3,1
6,100,1.1963300705,1.14880144596,3,1
6,101,1.66467738152,0.71104735136,3,1
6,102,1.10151278973,1.09300172329,2,0
6,103,0.633045196533,0.760533154011,3,1
6,104,2.00572180748,1.10819911957,3,1
6,105,2.00532531738,1.28437566757,3,1
6,106,1.27719771862,1.10279119015,3,1
6,107,0.73971092701,1.06142163277,3,1
6,108,0.451615154743,0.667950630188,3,1
6,109,1.28713750839,1.31464719772,3,1
6,110,0.42892819643,1.2830439806,3,1
6,111,1.55257308483,0.898934841156,2.47982959758,0
6,112,0.591839373112,0.978373765945,3,1
6,113,1.173350811,0.958176255226,3,1
6,114,2.7329723835,0.710261821747,3,1
6,115,1.90312743187,1.30809640884,3,1
6,116,0.606303870678,1.31219899654,1.90492083442,0
6,117,2.18128418922,0.89560085535,3,1
6,118,0.787776112556,1.35235798359,3,1
6,119,1.681889534,0.812994062901,2.41127613607,0
6,120,1.57781279087,1.32479035854,3,1
6,121,2.32892155647,0.969761490822,3,1
6,122,2.36731266975,0.835958480835,3,1
6,123,0.429378062487,1.16839110851,3,1
6,124,1.07566273212,1.18101859093,3,1
6,125,0.428437530994,0.828256249428,3,1
6,126,2.14674973488,1.013433218,3,1
6,127,1.40072703362,1.18943750858,3,1
6,128,2.09133768082,1.34229671955,2.49942020216,0
6,129,2.46998500824,0.77926748991,3,1
6,130,0.779723227024,0.701355159283,2.5483507159,0
6,131,1.00514340401,0.786076366901,2,0
6,132,2.29046678543,0.647157251835,3,1
6,133,0.911973416805,1.13234341145,3,1
6,134,0.767830133438,0.616299808025,2.45374711627,0
6,135,1.0659416914,0.609159588814,3,1
6,136,3.56207346916,0.741712749004,3,1
6,137,0.998936355114,1.28725898266,3,1
6,138,0.879658520222,0.882774472237,3,1
6,139,2.07056283951,1.00561201572,1.87268719994,0
6,140,0.561206877232,1.23724329472,3,1
6,141,1.19323158264,0.922364711761,2.53068918645,0
6,142,1.40248000622,1.12995731831,3,1
6,143,0.612629950047,1.24011445045,3,1
6,144,1.10708379745,0.66161686182,3,1
6,145,2.58991074562,1.16623175144,1.99598177861,0
6,146,0.80817347765,1.1891875267,2.10425918522,0
6,147,1.59825789928,0.893046319485,3,1
6,148,0.604968130589,1.17611718178,3,1
6,149,2.58721852303,1.27593934536,2.5,0
6,150,2.27566742897,0.989346623421,3,1
6,151,1.71101808548,1.06443810463,3,1
6,152,0.836946308613,1.32863354683,2.63729957601,0
6,153,1.20331716537,0.899816632271,3,1
6,154,2.87034606934,0.734247803688,3,1
6,155,3.83473777771,0.676076412201,3,1
6,156,1.03483510017,1.04596948624,3,1
6,157,3.37860488892,1.17488324642,3,1
6,158,3.75160908699,1.03302717209,3,1
6,159,0.565803050995,0.861822187901,3,1
6,160,1.13670134544,1.214666605,3,1
6,161,1.70616185665,0.894677817822,3,1
6,162,2.42917180061,1.00441408157,2.5,0
6,163,1.27142930031,0.810813724995,3,1
6,164,2.0325551033,1.03958141804,3,1
6,165,2.64404654503,0.686589717865,3,1
6,166,3.86099505424,1.06130814552,3,1
6,167,1.29531478882,1.10074031353,3,1
6,168,0.439329266548,1.08381569386,1.90321080981,0
6,169,1.05120301247,1.1513364315,3,1
6,170,1.210293293,0.986420452595,3,1
6,171,0.723551034927,1.03407871723,3,1
6,172,1.46782958508,0.979141891003,3,1
6,173,3.63032317162,1.02986657619,3,1
6,174,2.53146290779,1.05325615406,2.18154604649,0
6,175,1.48129141331,1.02983820438,3,1
6,176,2.18825435638,1.20001232624,3,1
6,177,0.625333428383,0.802595436573,3,1
6,178,3.22675323486,1.2165646553,3,1
6,179,0.758822023869,0.78301846981,3,1
6,180,1.00577163696,1.11812078953,3,1
6,181,1.90261936188,1.15010023117,3,1
6,182,0.620377123356,0.655387699604,3,1
6,183,0.651158571243,0.958210647106,3,1
6,184,2.34601759911,1.03177678585,2,0
6,185,2.59297204018,1.05157792568,3,1
6,186,0.570611774921,0.719227910042,3,1
6,187,0.695290863514,0.953376710415,3,1
6,188,2.61676979065,0.834524333477,2.5,0
6,189,0.711830914021,1.12111628056,2.56780407357,0
6,190,1.68170464039,1.09642457962,3,1
6,191,1.98865568638,1.10548615456,2.5,0
6,192,2.00491404533,1.12106883526,2.5,0
6,193,0.979711294174,1.15608203411,3,1
6,194,3.20133423805,0.763490736485,3,1
6,195,2.38696956635,0.713603913784,2.46766060386,0
6,196,0.495841532946,1.00844419003,3,1
6,197,3.40246582031,1.21351051331,3,1
6,198,0.958883881569,1.27191007137,3,1
6,199,1.01082801819,1.2467250824,3,1
6,200,0.939707398415,1.04575681686,3,1
6,201,1.14859974384,0.700317323208,3,1
6,202,1.15579736233,1.20239341259,3,1
6,203,1.59698748589,1.35623300076,3,1
6,204,2.83850312233,1.23612427711,3,1
6,205,0.688376367092,1.19116389751,2.59054403728,0
6,206,0.509936928749,1.0257114172,2.5,0
6,207,0.436672568321,0.729834377766,3,1
6,208,0.568026006222,1.22205650806,1.80140957801,0
6,209,1.29814267159,0.600212097168,3,1
6,210,1.07890152931,0.989884078503,3,1
6,211,1.81878304482,0.763550639153,3,1
6,212,0.676952600479,0.665567219257,2.5546611648,0
6,213,1.29519736767,0.929950773716,2.5,0
6,214,3.3671438694,1.23545348644,3,1
6,215,0.816876113415,0.953663825989,3,1
6,216,2.64614772797,1.25817406178,3,1
6,217,1.45403385162,1.23967802525,2.8994110742,0
6,218,0.924426853657,0.937589526176,2,0
6,219,1.67688584328,1.18139314651,3,1
6,220,1.00042212009,0.813558578491,3,1
6,221,0.827037751675,0.761390388012,3,1
6,222,1.03024935722,1.26955688,3,1
6,223,0.991553425789,0.850114285946,3,1
6,224,0.477974146605,1.28731524944,2,0
6,225,0.402398943901,1.17523169518,3,1
6,226,2.48204565048,1.37391924858,3,1
6,227,0.555984258652,1.32926392555,3,1
6,228,1.02341353893,1.30241978168,2.59302883211,0
6,229,1.46855485439,0.901751935482,2.48183851362,0
6,230,1.30756425858,0.879550814629,2.73395981675,0
6,231,0.628361940384,1.30026137829,3,1
6,232,1.72166669369,0.757562935352,3,1
6,233,0.565531075001,1.36145663261,2.48787553556,0
6,234,2.44442868233,0.654461145401,3,1
6,235,3.99445366859,0.751565039158,3,1
6,236,0.507000386715,0.749967038631,3,1
6,237,0.433006316423,0.895215988159,3,1
6,238,2.29097294807,0.690349578857,3,1
6,239,1.15250623226,1.33679366112,2.53213860676,0
6,240,1.37023377419,1.27196276188,3,1
6,241,1.49445140362,1.06842017174,3,1
6,242,0.910281896591,0.992654085159,2.32415258722,0
6,243,1.36008954048,0.843330383301,2.49717861813,0
6,244,3.86945438385,1.38004255295,3,1
6,245,1.70448243618,1.10641026497,3,1
6,246,0.472593724728,1.24789834023,2.56925875497,0
6,247,0.852068901062,0.707918226719,3,1
6,248,0.537944257259,0.885334253311,3,1
6,249,2.9070148468,0.942378222942,3,1
6,250,1.52063918114,0.914091050625,3,1
6,251,0.51269775629,1.32265126705,3,1
6,252,3.23521733284,0.968075037003,3,1
6,253,1.1089566946,0.603138566017,3,1
6,254,2.34174609184,0.748370707035,3,1
6,255,2.98856902122,1.05538761616,3,1
7,0,3.72844719887,1.34144854546,3,1
7,1,0.73854547739,0.711271047592,3,1
7,2,0.893398165703,1.27022147179,3,1
7,3,0.69000095129,1.26627099514,2.22167394734,0
7,4,0.75253123045,1.19042944908,3,1
7,5,2.87198829651,0.752688407898,3,1
7,6,3.76088547707,0.925395548344,3,1
7,7,3.05510592461,0.824079096317,2.5,0
7,8,0.488930225372,1.34976053238,3,1
7,9,0.750114560127,1.16857147217,3,1
7,10,3.88634204865,1.39947986603,3,1
7,11,0.561151385307,0.843537449837,3,1
7,12,0.509008646011,0.689959585667,3,1
7,13,1.63386595249,1.15184676647,3,1
7,14,1.25325119495,1.31934189796,3,1
7,15,1.33581197262,0.711002826691,2.89990804849,0
7,16,2.14207720757,0.985694289207,3,1
7,17,0.526380717754,1.24354970455,2.12229076412,0
7,18,3.07880163193,1.13076150417,2.5,0
7,19,0.471398919821,1.10373866558,3,1
7,20,0.958253264427,0.604304552078,3,1
7,21,0.936483800411,1.05679762363,3,1
7,22,2.07291340828,0.666293561459,3,1
7,23,3.45936203003,0.686278998852,3,1
7,24,2.3915913105,0.847768366337,3,1
7,25,0.553859651089,0.797688603401,2.62762233517,0
7,26,2.24385285378,1.12895381451,3,1
7,27,0.64625275135,1.23022341728,3,1
7,28,0.557056546211,1.35123586655,3,1
7,29,0.947448909283,1.03206062317,3,1
7,30,1.38002336025,0.687914252281,3,1
7,31,1.89738190174,0.77635961771,3,1
7,32,0.764949500561,0.635412931442,3,1
7,33,2.64031195641,1.11841142178,3,1
7,34,2.16201043129,1.12166500092,3,1
7,35,1.6565977335,0.834987521172,3,1
7,36,0.889501392841,0.799545884132,3,1
7,37,3.43888711929,1.08869922161,3,1
7,38,1.89638102055,0.737899959087,3,1
7,39,0.858420133591,1.22583198547,3,1
7,40,0.516714334488,0.719434559345,3,1
7,41,3.34543585777,0.762322545052,3,1
7,42,1.14697134495,0.758695006371,3,1
7,43,0.539709210396,1.15567469597,3,1
7,44,2.51040554047,0.871628046036,3,1
7,45,2.42574596405,0.758484780788,3,1
7,46,2.72558164597,1.32069313526,1.94529776713,0
7,47,3.89100337029,0.802789032459,3,1
7,48,2.14923238754,0.677794873714,3,1
7,49,2.58564019203,1.30830872059,3,1
7,50,1.48148167133,0.706210136414,3,1
7,51,2.43435287476,1.0242139101,3,1
7,52,2.45378708839,1.31749880314,3,1
7,53,0.433803677559,1.18384718895,3,1
7,54,0.527202129364,1.39843249321,3,1
7,55,3.40694117546,0.663725435734,3,1
7,56,0.862462282181,0.904801666737,3,1
7,57,1.34110081196,0.690592825413,2.49770475127,0
7,58,0.605492472649,1.36860692501,3,1
7,59,1.35647833347,1.29984200001,3,1
7,60,1.84477591515,1.04309284687,3,1
7,61,1.35629689693,1.21842634678,2.16069853231,0
7,62,3.97079992294,1.32860136032,3,1
7,63,0.510340869427,1.15790235996,2.52105022146,0
7,64,1.87332046032,1.34583985806,2.5,0
7,65,0.42410376668,1.2155739069,3,1
7,66,1.21285188198,0.97390127182,2.53360508782,0
7,67,0.662226974964,1.0102943182,3,1
7,68,1.80869078636,1.13386368752,3,1
7,69,3.20867967606,1.11992907524,3,1
7,70,0.528748691082,0.69707930088,3,1
7,71,3.46703982353,0.982224345207,3,1
7,72,1.93472707272,1.20549499989,3,1
7,73,0.747866392136,0.82481366396,3,1
7,74,3.00012230873,0.732274949551,2.2696203714,0
7,75,0.435378730297,1.33742547035,3,1
7,76,0.882475972176,1.08284056187,3,1
7,77,0.704445958138,0.742070972919,3,1
7,78,0.840751171112,1.3626512289,3,1
7,79,3.25725436211,1.18104577065,3,1
7,80,0.682943582535,0.804076075554,2.2119498675,0
7,81,2.62215352058,1.10109293461,3,1
7,82,0.90592956543,0.768372654915,2.90767842198,0
7,83,0.609859466553,0.613310098648,3,1
7,84,0.964762032032,1.33807253838,3,1
7,85,0.848744630814,1.30959570408,3,1
7,86,0.506677687168,0.771549582481,3,1
7,87,1.68363893032,0.888031005859,3,1
7,88,0.840570688248,0.686003029346,3,1
7,89,1.15994536877,1.00688171387,3,1
7,90,2.16561794281,0.662587761879,3,1
7,91,1.08823776245,1.26024627686,3,1
7,92,2.36242890358,1.16596770287,3,1
7,93,1.83614122868,0.729671835899,3,1
7,94,0.783108770847,0.987812519073,3,1
7,95,3.9143102169,1.3235604763,3,1
7,96,0.478664815426,1.15280342102,3,1
7,97,0.898595511913,0.83453553915,2.3962119282,0
7,98,0.403473556042,0.959773421288,2,0
7,99,2.3825712204,1.04715073109,3,1
7,100,3.95060396194,1.29359853268,3,1
7,101,1.05606126785,0.974036812782,3,1
7,102,0.551189005375,1.02234768867,3,1
7,103,0.523653566837,1.20303797722,3,1
7,104,0.850788772106,0.830214321613,3,1
7,105,0.958432197571,1.27148532867,3,1
7,106,1.84196233749,0.871202468872,3,1
7,107,1.57400131226,0.886934399605,3,1
7,108,0.599923789501,1.21031153202,3,1
7,109,2.73013615608,1.18848824501,3,1
7,110,0.876770973206,0.611497581005,2.10496771872,0
7,111,1.03104889393,0.7685328722,3,1
7,112,1.50423014164,1.30579125881,3,1
7,113,1.18755424023,0.714950978756,2,0
7,114,3.85354304314,1.05121910572,3,1
7,115,1.14141285419,1.06144368649,3,1
7,116,2.73486161232,0.747556090355,2.63092558742,0
7,117,1.02541410923,0.855386078358,3,1
7,118,0.754626870155,1.33647048473,2.90170030614,0
7,119,0.737671971321,0.769314408302,3,1
7,120,3.97267651558,1.32062280178,3,1
7,121,0.59257543087,1.04992890358,3,1
7,122,1.91120195389,0.980109393597,2,0
7,123,0.782331049442,1.38652813435,3,1
7,124,3.62978434563,1.3567173481,3,1
7,125,0.801522374153,0.70471149683,3,1
7,126,0.661382973194,1.08346700668,3,1
7,127,3.20825743675,1.31338989735,2.44404683702,0
7,128,3.76844787598,0.826137661934,3,1
7,129,1.02176046371,0.948565602303,3,1
7,130,2.43212723732,1.11821126938,3,1
7,131,1.71938121319,1.06378185749,3,1
7,132,0.419775664806,1.20205795765,3,1
7,133,0.961806178093,0.811455070972,3,1
7,134,2.21761369705,1.09606730938,3,1
7,135,2.85913252831,1.18600702286,3,1
7,136,0.75886285305,0.967782199383,2.91353813132,0
7,137,2.42454910278,1.1922134161,3,1
7,138,0.657844424248,1.05459368229,2.602280628,0
7,139,0.908538341522,1.36101675034,2.61470067065,0
7,140,1.4610311985,1.28914153576,3,1
7,141,0.498677104712,0.666154801846,3,1
7,142,3.5395860672,0.917451441288,3,1
7,143,3.96397233009,1.36283147335,3,1
7,144,0.435146123171,1.05162811279,3,1
7,145,2.42656469345,0.650916397572,3,1
7,146,0.458505243063,0.802257716656,3,1
7,147,1.51016247272,0.987281501293,3,1
7,148,0.987945318222,0.942391335964,2,0
7,149,0.696101129055,1.10751962662,3,1
7,150,0.539581537247,1.01809024811,3,1
7,151,0.564180731773,1.36277627945,3,1
7,152,1.67392849922,0.632996201515,3,1
7,153,2.47393393517,1.32335710526,3,1
7,154,2.78915810585,0.611889719963,3,1
7,155,1.89597833157,0.75617235899,3,1
7,156,3.13088512421,1.09699964523,3,1
7,157,0.730968415737,0.726800143719,3,1
7,158,0.435177862644,0.788829386234,3,1
7,159,2.41937088966,1.35115170479,3,1
7,160,0.468904823065,1.21673846245,2.89707672014,0
7,161,3.47575068474,0.968711137772,3,1
7,162,2.1261472702,1.19177830219,3,1
7,163,2.01301956177,1.26435029507,3,1
7,164,0.657389998436,0.812331140041,2.97025589027,0
7,165,0.617211401463,0.780338168144,3,1
7,166,3.73109698296,1.21571230888,2,0
7,167,1.22666168213,1.39421308041,2.45360327618,0
7,168,1.37951886654,0.71721470356,3,1
7,169,0.679783284664,0.744425594807,3,1
7,170,1.11461639404,1.13637781143,3,1
7,171,0.846108555794,0.779496371746,3,1
7,172,0.946307897568,0.713265895844,3,1
7,173,0.749523937702,1.23039138317,3,1
7,174,3.40066766739,1.11226177216,3,1
7,175,3.7817761898,1.17780184746,3,1
7,176,1.20235466957,0.616039216518,3,1
7,177,0.485759556293,0.629822969437,3,1
7,178,3.27929258347,0.853516817093,3,1
7,179,1.71849167347,0.885506629944,3,1
7,180,0.536994993687,1.14452004433,3,1
7,181,1.82908725739,1.29140508175,3,1
7,182,2.11468672752,0.760266661644,2.46581388849,0
7,183,1.04083299637,0.939871251583,3,1
7,184,3.32739710808,0.914420068264,3,1
7,185,3.9671292305,1.07892143726,2,0
7,186,1.09948027134,1.0851662159,3,1
7,187,3.30987668037,1.28345966339,3,1
7,188,2.51741051674,0.997733175755,2.91143063406,0
7,189,2.14573216438,1.38131165504,2.47333940948,0
7,190,1.42199730873,1.3076300621,3,1
7,191,0.913679361343,1.04373085499,3,1
7,192,2.5732023716,0.708320319653,3,1
7,193,0.545074343681,1.01473534107,2.61027113524,0
7,194,3.41160655022,1.12539696693,2.46747905096,0
7,195,0.907352507114,0.61110240221,3,1
7,196,1.267816782,0.801855266094,3,1
7,197,3.63434576988,0.861628651619,3,1
7,198,0.685208380222,1.34297347069,3,1
7,199,0.516507863998,0.903116464615,3,1
7,200,3.46725606918,0.738900005817,2.5,0
7,201,0.711462497711,1.36906552315,3,1
7,202,0.819849967957,1.30744278431,3,1
7,203,1.32844138145,0.797997772694,3,1
7,204,1.28819608688,1.14112722874,3,1
7,205,0.569041788578,1.32920098305,3,1
7,206,2.75623846054,1.11480879784,3,1
7,207,0.478399336338,1.35139203072,3,1
7,208,2.48271369934,1.04589176178,3,1
7,209,0.780215799809,0.627467513084,3,1
7,210,0.406149655581,0.92424595356,3,1
7,211,0.707294642925,0.832013309002,3,1
7,212,2.42417240143,0.779230594635,3,1
7,213,0.428444743156,0.756370782852,3,1
7,214,1.45895648003,0.707623779774,3,1
7,215,0.44298568368,0.699029266834,3,1
7,216,2.41232824326,0.779993414879,3,1
7,217,3.23036170006,0.944983839989,2.08934019809,0
7,218,2.54460906982,1.23897469044,3,1
7,219,2.72852778435,0.741052210331,2.91533838004,0
7,220,0.883366405964,0.920057356358,3,1
7,221,0.965932071209,0.960345864296,3,1
7,222,0.531014144421,0.70843309164,3,1
7,223,2.20516705513,1.04354655743,3,1
7,224,2.46555709839,0.836349010468,3,1
7,225,0.714812040329,0.756944715977,3,1
7,226,2.23055553436,1.09320139885,3,1
7,227,1.14310348034,1.01155412197,3,1
7,228,0.576604306698,1.33746087551,3,1
7,229,0.931314885616,0.893081307411,3,1
7,230,0.459768682718,0.778613626957,3,1
7,231,0.648739874363,1.32638096809,3,1
7,232,2.34191203117,0.630303859711,2.474518381,0
7,233,2.22654533386,0.88982886076,2.5,0
7,234,3.41315460205,0.839114665985,3,1
7,235,0.780332684517,1.08832037449,3,1
7,236,1.22268426418,1.38499844074,3,1
7,237,0.533710896969,0.938761770725,3,1
7,238,0.94299685955,1.27490544319,3,1
7,239,2.20940995216,0.714169561863,3,1
7,240,0.568948805332,1.28521859646,3,1
7,241,0.520724713802,1.31704449654,3,1
7,242,0.790377140045,0.65080010891,3,1
7,243,3.63500666618,0.627113044262,3,1
7,244,1.17343783379,0.80376791954,3,1
7,245,3.00454735756,0.789599895477,2.9135579811,0
7,246,0.653613448143,0.949612438679,2.99200182414,0
7,247,1.89041173458,0.713216662407,3,1
7,248,1.87300717831,0.683144330978,3,1
7,249,2.97254371643,1.31333851814,2,0
7,250,2.1765692234,0.645106196404,3,1
7,251,0.468886017799,0.631207227707,3,1
7,252,2.81979584694,1.23020195961,3,1
7,253,1.77856147289,1.13304126263,3,1
7,254,1.00808131695,0.626415848732,3,1
7,255,0.717711031437,0.759446799755,3,1
8,0,3.98172330856,0.96064555645,3,1
8,1,2.84522151947,0.768471837044,3,1
8,2,0.524621963501,1.23761844635,3,1
8,3,0.618023455143,0.946853816509,3,1
8,4,0.429172277451,0.774044573307,3,1
8,5,0.664866626263,1.2800539732,3,1
8,6,0.787727057934,1.35017418861,3,1
8,7,1.19303846359,1.17431497574,3,1
8,8,1.02670550346,0.976687848568,3,1
8,9,0.420842379332,0.625053346157,1.24708271553,0
8,10,3.10709857941,1.33768224716,3,1
8,11,1.80380952358,1.01582229137,2.47143314215,0
8,12,0.979856729507,1.1198694706,2.62390195943,0
8,13,1.33821499348,0.932187378407,2.49998904488,0
8,14,1.9560135603,1.2978938818,3,1
8,15,2.70091199875,1.23089492321,3,1
8,16,0.88288217783,1.21596729755,2.59783812747,0
8,17,1.53258359432,1.33868288994,3,1
8,18,2.75639939308,0.700392067432,3,1
8,19,0.46582865715,1.05748283863,3,1
8,20,0.401783585548,0.992135167122,1.5,0
8,21,1.05432844162,0.882822096348,3,1
8,22,2.09192252159,0.61562371254,1.84526902886,0
8,23,0.512834012508,1.0282920599,2.57366014665,0
8,24,1.30436432362,1.1980496645,3,1
8,25,0.648476600647,1.10849118233,3,1
8,26,2.29507398605,1.01140868664,2.75239980668,0
8,27,0.995614945889,1.17448377609,3,1
8,28,1.25975394249,0.903442323208,3,1
8,29,0.532652974129,0.736097693443,3,1
8,30,1.30139112473,0.754449784756,2,0
8,31,0.466132938862,0.94096070528,3,1
8,32,2.92967772484,1.0353474617,3,1
8,33,1.40452599525,0.98359721899,2.5,0
8,34,0.882373332977,0.850660562515,3,1
8,35,0.989900887012,1.23646461964,2.49673270047,0
8,36,0.835530817509,1.3500187397,3,1
8,37,2.82267308235,0.708858728409,2.5,0
8,38,0.932100951672,1.32061934471,3,1
8,39,0.563135266304,0.903221666813,3,1
8,40,1.91316354275,1.17073249817,3,1
8,41,0.62527680397,0.792339861393,3,1
8,42,1.23351347446,0.829356908798,3,1
8,43,2.6428232193,1.28677535057,3,1
8,44,2.4057431221,1.35708260536,3,1
8,45,0.833657443523,1.0049649477,2.65073061128,0
8,46,1.2457447052,0.701037406921,3,1
8,47,1.9151455164,1.14354515076,3,1
8,48,0.900458395481,1.23632192612,3,1
8,49,2.05497407913,0.828678011894,3,1
8,50,2.61755013466,0.935067236423,3,1
8,51,0.772145450115,1.3858846426,3,1
8,52,2.12274217606,0.869051218033,3,1
8,53,0.579862177372,0.893591940403,2,0
8,54,1.87662684917,0.794485390186,3,1
8,55,3.19954776764,1.15483057499,3,1
8,56,1.24204587936,1.06875252724,3,1
8,57,1.31629800797,0.903732955456,3,1
8,58,2.19376444817,0.860720217228,3,1
8,59,2.47903227806,0.782296955585,3,1
8,60,0.570607066154,1.19916772842,3,1
8,61,0.89601957798,1.35557258129,1.05075587902,0
8,62,3.06470513344,0.826780498028,3,1
8,63,1.26893424988,1.27827596664,3,1
8,64,0.647776782513,1.12585949898,2.60550990697,0
8,65,1.1914690733,0.76862180233,3,1
8,66,0.400361835957,1.06503760815,3,1
8,67,2.10973906517,1.05228066444,3,1
8,68,2.61804366112,0.918065726757,3,1
8,69,1.27621948719,1.1694227457,3,1
8,70,0.601357638836,1.3226518631,2.99850902048,0
8,71,0.927906155586,0.969370722771,3,1
8,72,0.949755609035,0.942115545273,3,1
8,73,3.98372983932,1.18354475498,3,1
8,74,1.29776310921,0.814040899277,2.63610897429,0
8,75,1.15529811382,1.24158334732,3,1
8,76,1.48852372169,0.672051548958,3,1
8,77,2.5089969635,1.30332446098,3,1
8,78,2.0874671936,0.644758582115,3,1
8,79,3.22419142723,1.13495004177,3,1
8,80,1.07695662975,1.23391962051,2.89995201977,0
8,81,0.457054793835,0.894518554211,3,1
8,82,0.780164778233,1.31050026417,2.61728004663,0
8,83,2.82662177086,1.1085703373,3,1
8,84,1.85440421104,0.991708815098,3,1
8,85,0.99246942997,1.05543422699,3,1
8,86,0.544254541397,1.27728438377,2,0
8,87,2.6015996933,1.14422881603,3,1
8,88,3.26828503609,1.01658737659,3,1
8,89,2.52697181702,1.24312460423,3,1
8,90,3.21175074577,1.31656217575,3,1
8,91,3.29492902756,1.25731623173,3,1
8,92,1.99799633026,0.807637274265,3,1
8,93,1.602689147,0.87393695116,3,1
8,94,2.11000299454,0.677863419056,3,1
8,95,2.57067584991,0.666284322739,3,1
8,96,2.7422850132,1.2280497551,3,1
8,97,0.974561095238,0.956148147583,3,1
8,98,0.47602686286,0.650330722332,3,1
8,99,1.85157632828,1.20450091362,2.31226415626,0
8,100,1.02634716034,1.12906074524,2.80380674945,0
8,101,2.56670665741,1.16396284103,3,1
8,102,2.61164879799,0.607109248638,3,1
8,103,2.09743070602,0.914633452892,3,1
8,104,0.5240650177,1.13892161846,3,1
8,105,0.990316331387,1.15249657631,3,1
8,106,3.43282055855,0.940585494041,3,1
8,107,0.839611709118,0.693994581699,3,1
8,108,1.56802499294,1.19898247719,3,1
8,109,1.741320014,0.675607860088,3,1
8,110,3.02720284462,0.984910011292,3,1
8,111,3.13160729408,1.14114308357,3,1
8,112,0.930114328861,0.974466741085,2.90284025539,0
8,113,0.90157353878,0.86726307869,2.56799873313,0
8,114,0.708336651325,1.26144492626,3,1
8,115,1.21430718899,1.34972989559,3,1
8,116,3.91389918327,1.3501945734,3,1
8,117,1.77134144306,1.33336424828,3,1
8,118,2.55325174332,0.935534358025,2.47828478218,0
8,119,3.74542880058,1.03025841713,3,1
8,120,2.04681158066,1.34458291531,3,1
8,121,0.660905063152,0.905800938606,3,1
8,122,0.585178256035,0.657569527626,3,1
8,123,0.494657754898,0.802555203438,3,1
8,124,2.56266379356,1.06243133545,2.5,0
8,125,3.74426531792,0.818140745163,1.53569105652,0
8,126,1.1529712677,1.15505278111,3,1
8,127,1.66644454002,0.71662324667,3,1
8,128,0.99174875021,0.701062619686,3,1
8,129,1.52129483223,0.777481615543,3,1
8,130,1.30148673058,1.35123038292,1.8335199892,0
8,131,0.754448235035,1.03594326973,2.6740561722,0
8,132,3.85880160332,0.85180413723,2.91198890132,0
8,133,3.07832384109,0.60283768177,3,1
8,134,0.695395886898,0.970833539963,3,1
8,135,0.55647701025,1.37345314026,3,1
8,136,1.03574359417,1.15641748905,2.63036571046,0
8,137,0.803735554218,1.30931258202,3,1
8,138,2.63196539879,1.30959916115,3,1
8,139,1.93207073212,0.808316469193,3,1
8,140,2.75294446945,1.39236032963,3,1
8,141,1.28907740116,1.33956551552,3,1
8,142,1.37285840511,0.658156514168,3,1
8,143,0.671805381775,0.709585607052,3,1
8,144,1.91875684261,1.04093492031,3,1
8,145,0.554518759251,1.24624276161,3,1
8,146,1.90058124065,1.34807777405,3,1
8,147,1.0116443634,1.320140481,3,1
8,148,2.71722912788,0.956584274769,1.32546994713,0
8,149,0.858167409897,0.845522761345,3,1
8,150,2.10264444351,1.14805543423,3,1
8,151,1.99390137196,1.22414183617,3,1
8,152,1.87667310238,0.732738077641,3,1
8,153,1.04756188393,1.2620139122,3,1
8,154,2.78447794914,0.836286365986,3,1
8,155,0.976060807705,1.01502633095,3,1
8,156,3.60008478165,0.749930799007,3,1
8,157,2.08686161041,0.978775501251,3,1
8,158,0.662285268307,1.10044896603,2.62772660681,0
8,159,0.730618953705,0.647273004055,3,1
8,160,0.822504639626,0.770129323006,3,1
8,161,3.18517875671,1.0939040184,2,0
8,162,0.666346251965,0.752367377281,3,1
8,163,3.86465239525,0.639228701591,3,1
8,164,3.54330945015,0.979884386063,3,1
8,165,0.780833542347,1.3011302948,3,1
8,166,3.60961103439,1.23453509808,3,1
8,167,1.59086716175,1.00536668301,3,1
8,168,0.669197320938,0.917332053185,3,1
8,169,2.64441132545,0.685930669308,3,1
8,170,0.401602417231,1.19912970066,2.55556210514,0
8,171,1.01685965061,0.940508961678,2.18026970936,0
8,172,1.05279481411,1.36192893982,2.55978973002,0
8,173,2.56422400475,1.12690460682,3,1
8,174,1.51366651058,0.900172710419,3,1
8,175,1.74988090992,0.999122738838,3,1
8,176,3.61945962906,1.13454031944,3,1
8,177,0.753080606461,0.95523750782,3,1
8,178,1.53508841991,1.25545752048,2.55771618514,0
8,179,2.09403395653,1.29734432697,1.14219418933,0
8,180,2.02675771713,0.794006228447,3,1
8,181,0.531605660915,1.07469177246,3,1
8,182,0.832275509834,1.05288422108,3,1
8,183,2.78141021729,1.22473418713,3,1
8,184,2.38052916527,0.689152598381,3,1
8,185,1.36197984219,1.23882317543,3,1
8,186,0.738769650459,1.04528951645,3,1
8,187,0.63189214468,1.09610724449,3,1
8,188,3.79820370674,1.27156925201,3,1
8,189,0.72325271368,1.29391217232,3,1
8,190,2.30485105515,1.21037375927,3,1
8,191,0.860701024532,1.2247081995,3,1
8,192,0.986127793789,1.21816766262,2.91462584222,0
8,193,0.635938704014,1.18872916698,3,1
8,194,0.547898352146,0.670679450035,3,1
8,195,1.070956707,1.02754664421,3,1
8,196,0.412234544754,1.17904520035,3,1
8,197,1.23760855198,1.0963613987,3,1
8,198,1.48729133606,0.983077526093,3,1
8,199,3.72941160202,1.07658195496,2.5,0
8,200,0.599811434746,0.750319480896,2.17131209346,0
8,201,0.412373900414,0.961963415146,3,1
8,202,0.528276979923,1.09734416008,3,1
8,203,2.7337269783,0.817322909832,3,1
8,204,1.57037365437,0.629675388336,3,1
8,205,1.09132826328,0.890481710434,3,1
8,206,1.09934258461,1.2449862957,3,1
8,207,2.09487867355,1.38988697529,2.47950429201,0
8,208,0.950042545795,0.848846971989,3,1
8,209,0.413852244616,0.999930083752,3,1
8,210,1.47046744823,1.27039480209,3,1
8,211,3.53678178787,1.23420500755,3,1
8,212,1.26139271259,0.854920268059,3,1
8,213,2.5765004158,1.03266084194,3,1
8,214,1.66241669655,0.772006034851,3,1
8,215,3.83203291893,0.822086334229,2.45113910002,0
8,216,1.56702983379,0.669654250145,3,1
8,217,0.727026462555,1.30078315735,3,1
8,218,2.65221595764,0.697862863541,3,1
8,219,0.690941870213,1.06077718735,3,1
8,220,1.55868339539,0.837442696095,3,1
8,221,1.60478723049,0.740054488182,3,1
8,222,1.06792020798,0.656872272491,3,1
8,223,3.29503250122,1.35364949703,3,1
8,224,0.906806707382,1.3322249651,3,1
8,225,0.647266387939,1.1895121336,3,1
8,226,0.615190267563,0.878859162331,2.69394535653,0
8,227,2.98970198631,0.924076497555,3,1
8,228,3.20968532562,1.1350685358,2.5,0
8,229,1.09237825871,1.20568227768,3,1
8,230,1.37271368504,0.883486151695,3,1
8,231,1.54019904137,1.17386209965,2.48155792106,0
8,232,1.68440151215,0.794420778751,2,0
8,233,3.36357092857,0.777186334133,3,1
8,234,1.24244916439,0.768096804619,3,1
8,235,0.456313699484,1.30126881599,3,1
8,236,0.733865022659,1.19273948669,3,1
8,237,0.416861504316,0.92285490036,3,1
8,238,2.26429486275,1.20732104778,3,1
8,239,0.417257905006,0.777908921242,2.59816632762,0
8,240,1.19980549812,1.27822744846,3,1
8,241,0.513553798199,0.890376329422,3,1
8,242,1.49131894112,0.830793380737,3,1
8,243,1.22038042545,0.827518343925,3,1
8,244,0.636012434959,1.04167044163,2.6282409245,0
8,245,1.01332747936,1.19958889484,3,1
8,246,0.414731442928,1.37275254726,2.51029330891,0
8,247,1.00255358219,1.13110840321,3,1
8,248,0.774609267712,1.16409635544,3,1
8,249,1.89817154408,0.971493721008,3,1
8,250,0.435371339321,1.23850238323,3,1
8,251,3.45143246651,1.09807813168,1.49895641581,0
8,252,0.809306144714,1.12069141865,3,1
8,253,3.44656991959,0.850534856319,3,1
8,254,1.00889062881,1.30830013752,3,1
8,255,0.99731528759,1.02675187588,3,1
9,0,3.40219759941,1.14741873741,3,1
9,1,1.24538469315,1.08469688892,3,1
9,2,0.52882373333,1.00438678265,3,1
9,3,0.751028418541,0.652922987938,3,1
9,4,2.41685366631,1.26830554008,3,1
9,5,2.23211050034,0.656817257404,3,1
9,6,3.77018594742,1.20894134045,3,1
9,7,0.464246988297,0.70133036375,3,1
9,8,1.70990598202,1.16489589214,3,1
9,9,1.11316466331,0.713191270828,3,1
9,10,0.806328356266,0.986092448235,3,1
9,11,3.95849943161,0.735059320927,3,1
9,12,0.521994829178,1.36586833,2.41139341227,0
9,13,0.623817026615,1.28170049191,3,1
9,14,1.06887304783,0.849155008793,3,1
9,15,0.6316665411,1.16534209251,3,1
9,16,0.584477841854,0.959345817566,3,1
9,17,2.40479111671,1.28221213818,3,1
9,18,2.00632619858,1.28683555126,3,1
9,19,0.712057054043,1.06600928307,2.63825931683,0
9,20,0.692820131779,1.14836990833,2.46251650007,0
9,21,0.947275102139,0.763214051723,3,1
9,22,1.07245707512,1.14907562733,2.26928816495,0
9,23,0.831845641136,1.19708657265,3,1
9,24,0.678463876247,0.693323969841,3,1
9,25,2.72363972664,0.889220714569,3,1
9,26,1.50122559071,0.950164854527,2.37984588329,0
9,27,0.582573652267,0.722047865391,3,1
9,28,0.863159775734,0.864381670952,3,1
9,29,1.35299158096,0.709532916546,3,1
9,30,0.76115244627,0.868423879147,3,1
9,31,1.86387777328,0.920567214489,3,1
9,32,1.28124833107,0.870633065701,3,1
9,33,0.505064606667,1.38313913345,3,1
9,34,1.25272071362,0.754170060158,3,1
9,35,3.5267136097,0.842390418053,3,1
9,36,1.46992659569,1.02610850334,2.49105786038,0
9,37,3.74779224396,1.36113154888,3,1
9,38,2.63127350807,1.02107203007,3,1
9,39,1.21276092529,0.6689478755,3,1
9,40,0.752326190472,1.24129891396,3,1
9,41,2.72806668282,1.23031330109,3,1
9,42,0.822364807129,0.875354588032,3,1
9,43,0.84976786375,0.7342659235,1.79026796816,0
9,44,0.693201243877,1.27556574345,3,1
9,45,3.76624774933,1.24894893169,3,1
9,46,0.433003127575,0.672465205193,3,1
9,47,1.56924331188,0.720412015915,3,1
9,48,0.840027093887,0.652918279171,3,1
9,49,0.740636527538,0.778137862682,3,1
9,50,0.506972253323,1.38023722172,3,1
9,51,1.2620486021,0.903394281864,3,1
9,52,1.20091688633,1.0566226244,3,1
9,53,0.634868085384,1.36492335796,3,1
9,54,0.787773370743,0.980880796909,3,1
9,55,2.58816719055,0.646692097187,2,0
9,56,1.63310110569,0.757795751095,3,1
9,57,3.16514873505,0.982008397579,3,1
9,58,1.60729312897,0.800207972527,3,1
9,59,1.26337432861,1.07959163189,3,1
9,60,1.35094213486,1.12297511101,3,1
9,61,1.19408512115,1.34991836548,2.33692948648,0
9,62,0.594428539276,1.04803621769,2.91322462489,0
9,63,0.77311527729,0.761078000069,3,1
9,64,3.63969659805,1.2362036705,3,1
9,65,2.82572126389,1.13910460472,2.5,0
9,66,1.13596904278,0.914433836937,3,1
9,67,0.446374177933,1.35155713558,3,1
9,68,3.63778328896,1.07559943199,3,1
9,69,2.16967797279,0.918729066849,3,1
9,70,1.94160246849,0.654431223869,2.1024083778,0
9,71,0.700594544411,1.10211086273,3,1
9,72,2.94969415665,1.37583446503,1.78819476581,0
9,73,2.3167848587,0.833576500416,3,1
9,74,1.82973301411,1.35309898853,3,1
9,75,0.950827240944,1.38067758083,3,1
9,76,1.00409197807,1.18574082851,3,1
9,77,0.996696710587,0.903901517391,3,1
9,78,0.421873837709,1.14977693558,3,1
9,79,0.587580144405,0.646052122116,3,1
9,80,1.11154437065,1.29094147682,3,1
9,81,1.19704532623,0.804986596107,3,1
9,82,1.70942246914,1.2993118763,2.22377144088,0
9,83,2.8541457653,0.760479807854,2.5,0
9,84,1.2593742609,1.14327585697,1.84903447413,0
9,85,3.68522024155,0.9466624856,3,1
9,86,1.36302709579,0.718813538551,3,1
9,87,1.03195142746,0.848476529121,3,1
9,88,1.29244554043,1.13058257103,3,1
9,89,0.738605260849,1.05335021019,3,1
9,90,0.816482126713,1.03208494186,3,1
9,91,2.09610915184,0.810518085957,3,1
9,92,0.536200463772,0.877411544323,3,1
9,93,2.04045915604,1.20650434494,2.50375418931,0
9,94,1.34080827236,0.955936193466,3,1
9,95,0.792551696301,1.11289286613,3,1
9,96,1.84418570995,0.774827063084,3,1
9,97,0.586795032024,0.679813086987,3,1
9,98,1.34746992588,0.631507754326,3,1
9,99,2.35139274597,0.613456308842,3,1
9,100,1.20432603359,1.05508387089,3,1
9,101,1.24845230579,1.17358982563,3,1
9,102,0.816498756409,0.965339422226,3,1
9,103,2.98124837875,1.39973509312,3,1
9,104,0.681102216244,0.634144902229,2.31583296727,0
9,105,0.465051680803,0.878655076027,3,1
9,106,2.47384333611,1.28216159344,3,1
9,107,0.572959601879,1.36027514935,2.54614410334,0
9,108,3.27814984322,1.19790649414,3,1
9,109,0.51939201355,0.755143642426,3,1
9,110,0.959651708603,0.93923163414,3,1
9,111,0.670823454857,1.31492233276,3,1
9,112,1.64698553085,0.681773781776,3,1
9,113,1.5089905262,1.04566550255,3,1
9,114,0.419050842524,0.76401913166,3,1
9,115,2.0446138382,0.995129883289,2,0
9,116,1.71272933483,1.27161431313,3,1
9,117,0.702928841114,1.03429734707,3,1
9,118,1.45448875427,0.690886557102,3,1
9,119,3.39616131783,0.962196230888,3,1
9,120,2.85343766212,0.614421129227,3,1
9,121,1.79792368412,0.705818712711,3,1
9,122,3.55003929138,0.705186486244,3,1
9,123,0.463642179966,1.11898696423,3,1
9,124,1.64582431316,1.39409887791,3,1
9,125,1.61729097366,1.20193862915,3,1
9,126,0.797594130039,1.1709369421,3,1
9,127,1.01207995415,1.26199269295,3,1
9,128,0.820339560509,0.714231491089,3,1
9,129,1.17414629459,1.05710506439,2.91200833822,0
9,130,0.655572354794,0.744290411472,3,1
9,131,1.11633121967,1.16752696037,3,1
9,132,0.651241362095,1.36998033524,3,1
9,133,0.780985891819,0.973861217499,3,1
9,134,0.70264852047,0.979373395443,3,1
9,135,0.633222103119,1.31143271923,3,1
9,136,1.77193379402,1.02344357967,3,1
9,137,2.51016354561,0.857956409454,3,1
9,138,1.40241765976,1.02354109287,2.73441396168,0
9,139,0.716452777386,1.16287362576,3,1
9,140,2.79714155197,0.773134827614,3,1
9,141,1.82514691353,0.643933832645,3,1
9,142,0.73096036911,0.674325287342,3,1
9,143,3.28388619423,0.782213568687,3,1
9,144,1.4877127409,1.2841219902,2.56317324605,0
9,145,3.37203979492,1.1603615284,3,1
9,146,1.16616177559,0.735882818699,3,1
9,147,1.41390669346,0.866166353226,3,1
9,148,1.43605268002,0.976179599762,3,1
9,149,1.68347334862,0.636120259762,3,1
9,150,0.53952729702,0.969964742661,3,1
9,151,3.38469719887,0.940346121788,3,1
9,152,1.06023013592,1.07056427002,3,1
9,153,0.767768383026,1.31273937225,3,1
9,154,1.18531620502,0.99122941494,3,1
9,155,0.515966236591,1.38959646225,3,1
9,156,1.26340520382,1.2013977766,3,1
9,157,0.483020663261,1.33248794079,3,1
9,158,1.30372858047,0.796519100666,3,1
9,159,3.04400873184,0.98572742939,3,1
9,160,2.30838251114,1.13342607021,3,1
9,161,2.49665427208,1.04452478886,3,1
9,162,1.31047511101,1.30890738964,2.51227564088,0
9,163,0.637971222401,0.706285059452,3,1
9,164,2.05943512917,0.85899913311,2.89927922504,0
9,165,3.68924713135,0.650163769722,3,1
9,166,2.99771571159,1.36368358135,3,1
9,167,1.25310206413,0.90234798193,3,1
9,168,0.502326130867,0.720915734768,3,1
9,169,1.02292585373,0.668215453625,3,1
9,170,1.03235578537,0.75791490078,3,1
9,171,1.09628081322,0.864490628242,3,1
9,172,1.35545682907,1.29667496681,3,1
9,173,0.64094543457,0.794749736786,3,1
9,174,1.07715904713,1.37120068073,3,1
9,175,3.9727973938,1.05734062195,3,1
9,176,0.938294351101,1.33128917217,3,1
9,177,2.66986250877,0.605105221272,3,1
9,178,0.509695827961,0.71607875824,3,1
9,179,0.666833758354,1.30287063122,2.56043385493,0
9,180,1.10657286644,1.17390489578,3,1
9,181,3.3234307766,1.36823964119,3,1
9,182,2.31454873085,1.17178380489,3,1
9,183,0.775043725967,1.06365275383,3,1
9,184,1.22093427181,1.35080420971,3,1
9,185,2.02246928215,1.27617681026,3,1
9,186,0.633631825447,0.636843979359,3,1
9,187,1.42683446407,0.767410337925,3,1
9,188,1.52833378315,0.63573384285,3,1
9,189,3.66562700272,1.29483902454,3,1
9,190,1.34943771362,1.16715610027,3,1
9,191,2.60054588318,1.21914541721,3,1
9,192,0.457350730896,1.22849178314,3,1
9,193,3.89994692802,1.26804876328,3,1
9,194,0.945082843304,1.1583365202,3,1
9,195,2.38524055481,1.23367035389,3,1
9,196,0.564597129822,1.02773690224,2.4231678117,0
9,197,3.20384120941,1.14470934868,3,1
9,198,2.26457977295,1.12084591389,3,1
9,199,2.69554567337,0.958505511284,3,1
9,200,2.28771805763,0.667181253433,3,1
9,201,3.06478047371,0.847420275211,3,1
9,202,2.31645178795,1.24697244167,2.5,0
9,203,1.07777440548,1.22001051903,3,1
9,204,0.737268388271,0.969310820103,3,1
9,205,2.9539000988,0.995710432529,3,1
9,206,2.14137935638,1.38647413254,3,1
9,207,2.50471353531,1.1675838232,3,1
9,208,0.717912018299,1.30033373833,3,1
9,209,0.899674534798,1.22418391705,3,1
9,210,1.05681967735,0.775454938412,3,1
9,211,0.440612792969,1.05934262276,3,1
9,212,0.962260723114,0.811560571194,3,1
9,213,0.487488597631,1.04599177837,3,1
9,214,0.580240011215,1.2432667017,3,1
9,215,0.863911390305,1.29045498371,2.63957544146,0
9,216,1.5577249527,0.671154439449,3,1
9,217,1.3959325552,0.785789489746,3,1
9,218,2.03009653091,0.832467794418,1.5,0
9,219,2.36530470848,1.12808096409,3,1
9,220,1.08054184914,1.31158161163,3,1
9,221,0.820599257946,1.33465719223,2.54654270666,0
9,222,1.07323515415,1.29193103313,3,1
9,223,0.617374360561,1.0485252142,3,1
9,224,1.18625319004,1.33835816383,2.5291525091,0
9,225,2.02008986473,1.02190792561,3,1
9,226,0.944098055363,0.602689564228,3,1
9,227,0.468347817659,1.03849887848,3,1
9,228,0.472037643194,0.642034471035,3,1
9,229,3.80315828323,0.649730622768,3,1
9,230,0.68011957407,0.972211003304,3,1
9,231,3.86511850357,1.01881432533,2.5,0
9,232,1.14139783382,1.07329285145,3,1
9,233,0.425576150417,0.640451312065,3,1
9,234,0.437167525291,0.991258621216,2.54808400669,0
9,235,3.74504780769,0.718936264515,2,0
9,236,0.795316576958,0.967888534069,3,1
9,237,0.872227907181,0.924338340759,3,1
9,238,0.923069953918,0.97275686264,3,1
9,239,2.47353768349,1.14633607864,3,1
9,240,1.01218616962,1.38621592522,3,1
9,241,2.38677072525,1.31562590599,3,1
9,242,0.963072538376,1.27756536007,3,1
9,243,0.803194224834,0.843514442444,3,1
9,244,0.86493897438,0.604414761066,3,1
9,245,2.14011693001,0.653331696987,3,1
9,246,1.42253518105,1.3725553751,1.43286045748,0
9,247,0.898395717144,1.35160982609,3,1
9,248,1.43461680412,0.686850011349,3,1
9,249,2.45907282829,1.05274665356,3,1
9,250,0.650420129299,0.83965831995,3,1
9,251,1.27099478245,1.3351752758,2.55846194314,0
9,252,1.75775671005,1.23961448669,3,1
9,253,2.58387255669,0.72959536314,3,1
9,254,0.792952716351,0.977068543434,3,1
9,255,3.7250688076,1.08406698704,3,1
